Iowa DOT Case Number,Law Enforcement Case Number,Date of Crash,Month of Crash,Day of Week,Time of Crash,Hour,DOT District,City Name,County Name,Route with System,Location Description,First Harmful Event,Location of First Harmful Event,Manner of Crash/Collision,Major Cause,Drug or Alcohol ,Environmental Conditions,Light Conditions,Surface Conditions,Weather Conditions,Roadway Contribution,Roadway Type,Roadway Surface,Work Zone,Crash Severity,Number of Fatalities,Number of Injuries,Number of Major Injuries,Number of Minor Injuries,Number of Possible Injuries,Number of Unknown Injuries,Amount of Property Damage,Number of Vehicles Involved,Total Number of Occupants,Travel Direction,Location
20251465700,CLP25000201,01/26/2025,01-January,1-Sunday,22:07,2200 Hours,District 6 (East Central),CLINTON,CLINTON,77,2000BLK ROOSEVELT ST,Collision with:  Parked motor vehicle,On Roadway,Rear-end (front to rear),Failed to keep in proper lane,Alcohol (Statutory),None apparent,Dark - roadway not lighted,Dry,Clear,None apparent,Non-intersection:  Non-junction/no special feature,Paved,,Property Damage Only,0,0,0,0,0,0,10000,2,2,Northbound (NB),POINT (-90.180127066361 41.868181430979)
20251465995,25000794,01/26/2025,01-January,1-Sunday,19:43,1900 Hours,District 4 (Southwest),,FREMONT,77,PLUM CREEK RD,Collision with fixed object:  Ditch,On Roadway,Non-collision (single vehicle),Driving too fast for conditions,None Indicated,None apparent,Dark - roadway not lighted,Gravel,Clear,None apparent,Non-intersection:  Non-junction/no special feature,Unpaved,,Property Damage Only,0,0,0,0,0,0,13500,1,2,Northbound (NB),POINT (-95.696737048349 40.878170112531)
20251465703,2025-000601,01/26/2025,01-January,1-Sunday,23:27,2300 Hours,District 6 (East Central),DUBUQUE,DUBUQUE,77,3335 SUNSET PARK CIR,Collision with:  Parked motor vehicle,On Roadway,Rear-end (front to rear),Lost Control,Alcohol (Statutory),None apparent,Dark - roadway lighted,Dry,Cloudy,None apparent,Non-intersection:  Non-junction/no special feature,Paved,,Property Damage Only,0,0,0,0,0,0,1600,2,1,Northbound (NB),POINT (-90.721985620242 42.519436302217)
20251465826,25-0756,01/26/2025,01-January,1-Sunday,15:54,1500 Hours,District 2 (Northeast),,HOWARD,US 63,US 63 N,Collision with:  Animal,On Roadway,Non-collision (single vehicle),Animal,None Indicated,Animal in roadway,,,,,,Paved,,Property Damage Only,0,0,0,0,0,0,3500,1,1,Northbound (NB),POINT (-92.298405213518 43.212996064936)
20251466314,202501122,01/26/2025,01-January,1-Sunday,13:03,1300 Hours,District 6 (East Central),CEDAR RAPIDS,LINN,77,ELLIS RD NW MEASURING 13284 FEET NORTH FROM 3RD AVE SW,Collision with fixed object:  Utility pole/light support,Shoulder,Non-collision (single vehicle),Lost Control,None Indicated,None apparent,Daylight,Dry,Clear,None apparent,Non-intersection:  Non-junction/no special feature,Paved,,Property Damage Only,0,0,0,0,0,0,4000,1,1,Southbound (SB),POINT (-91.703525042686 42.005321409777)
20251466003,SOP202500072,01/26/2025,01-January,1-Sunday,19:30,1900 Hours,District 6 (East Central),,IOWA,77,KK AVE 1000 BLOCK,Collision with:  Animal,Unknown,Non-collision (single vehicle),Animal,None Indicated,Animal in roadway,,,,,,Unpaved,,Property Damage Only,0,0,0,0,0,0,2000,1,1,Northbound (NB),POINT (-92.093086880339 41.854155196732)
20251465866,202500294,01/26/2025,01-January,1-Sunday,14:20,1400 Hours,District 6 (East Central),,LINN,77,ELLIS RD MEASURING 5351 FEET EAST FROM BIRD LANE,Collision with fixed object:  Tree,Shoulder,Non-collision (single vehicle),Ran off road - right,None Indicated,Unknown,Daylight,Wet,Clear,Unknown,Non-intersection:  Non-junction/no special feature,Paved,,Property Damage Only,0,0,0,0,0,0,10000,1,1,Southbound (SB),POINT (-91.73451991048 41.996318662593)
20251465675,25-00000171,01/26/2025,01-January,1-Sunday,14:05,1400 Hours,District 1 (Central),JOHNSTON,POLK,77,BIRCHWOOD COURT AND 86TH ST,Collision with:  Vehicle in traffic,On Roadway,Broadside (front to side),Ran Traffic Signal,None Indicated,None apparent,Daylight,Dry,Clear,None apparent,Intersection:  Four-way intersection,Paved,,Property Damage Only,0,0,0,0,0,0,17000,2,2,Westbound (WB),POINT (-93.736365395147 41.655555754602)
20251465652,PD25-00177,01/26/2025,01-January,1-Sunday,02:00,0200 Hours,District 1 (Central),MARSHALLTOWN,MARSHALL,77,SOUTH 5TH ST,Collision with:  Parked motor vehicle,On Roadway,Other (explain in narrative),Unknown,None Indicated,None apparent,Dark - roadway lighted,Dry,Clear,None apparent,Non-intersection:  Non-junction/no special feature,Paved,,Property Damage Only,0,0,0,0,0,0,3000,2,1,Northbound (NB),POINT (-92.920938184214 42.045940591842)
20251465705,25-003505,01/26/2025,01-January,1-Sunday,02:43,0200 Hours,District 3 (Northwest),STORM LAKE,BUENA VISTA,77,EAST RAILRD ST,Collision with:  Parked motor vehicle,On Roadway,Rear-end (front to rear),Unknown,None Indicated,None apparent,Dark - roadway lighted,Dry,Clear,None apparent,Non-intersection:  Non-junction/no special feature,Paved,,Property Damage Only,0,0,0,0,0,0,6000,2,1,Southbound (SB),POINT (-95.199475156424 42.642901478205)
20251465693,20250002156,01/26/2025,01-January,1-Sunday,19:59,1900 Hours,District 1 (Central),DES MOINES,POLK,77,MAHASKA AVE AND EAST 40TH ST,Collision with:  Vehicle in traffic,On Roadway,Broadside (front to side),Ran Stop Sign,None Indicated,None apparent,Dark - roadway not lighted,Dry,Clear,None apparent,Intersection:  Four-way intersection,Paved,,Property Damage Only,0,0,0,0,0,0,6500,2,2,Northbound (NB),POINT (-93.538177626385 41.602467256166)
20251466916,2025-5838,01/26/2025,01-January,1-Sunday,20:59,2000 Hours,District 6 (East Central),DAVENPORT,SCOTT,77,EAST 32ND ST AND IA 461 N,Collision with:  Other non-fixed object (explain in narrative),On Roadway,Non-collision (single vehicle),Unknown,None Indicated,None apparent,Dark - roadway not lighted,Dry,Clear,None apparent,Non-intersection:  Non-junction/no special feature,Paved,,Property Damage Only,0,0,0,0,0,0,12000,1,1,Southbound (SB),POINT (-90.569450170439 41.552792490251)
20251465963,2025-5747,01/26/2025,01-January,1-Sunday,15:21,1500 Hours,District 6 (East Central),DAVENPORT,SCOTT,77,WEST LOCUST ST AND HICKORY GROVE RD AND NORTH DIVISION ST,Collision with:  Vehicle in traffic,On Roadway,Broadside (front to side),Ran Traffic Signal,None Indicated,None apparent,Daylight,Dry,Clear,None apparent,Intersection:  Four-way intersection,Paved,,Possible/Unknown,0,1,0,0,1,0,3000,2,2,Southbound (SB),POINT (-90.601077564482 41.538254197697)
20251465664,W25-006868,01/26/2025,01-January,1-Sunday,13:09,1300 Hours,District 2 (Northeast),WATERLOO,BLACK HAWK,US 63,JEFFERSON ST AND US 63 N,Collision with:  Vehicle in traffic,On Roadway,"Sideswipe, same direction",Other (explain in narrative):  No improper action,None Indicated,None apparent,Daylight,Dry,Clear,None apparent,Non-intersection:  Non-junction/no special feature,Paved,,Property Damage Only,0,0,0,0,0,0,6000,2,2,Northbound (NB),POINT (-92.344955528858 42.497172689673)
20251465642,W25-006870,01/26/2025,01-January,1-Sunday,13:10,1300 Hours,District 2 (Northeast),WATERLOO,BLACK HAWK,77,WEST 9TH ST AND EAST RIDGEWAY AVE,Collision with:  Vehicle in traffic,On Roadway,"Angle, oncoming left turn",FTYROW:  Making left turn,None Indicated,None apparent,Daylight,Dry,Clear,None apparent,Intersection:  Four-way intersection,Paved,,Property Damage Only,0,0,0,0,0,0,3000,2,2,Southbound (SB),POINT (-92.342593592075 42.469376108839)
20251465857,202500001158,01/26/2025,01-January,1-Sunday,17:59,1700 Hours,District 4 (Southwest),,DALLAS,77,L AVE,Collision with:  Animal,Unknown,Non-collision (single vehicle),Animal,None Indicated,Animal in roadway,,,,,,Paved,,Property Damage Only,0,0,0,0,0,0,3000,1,2,Northbound (NB),POINT (-94.079963189455 41.529830597463)
20251465656,2025000716,01/26/2025,01-January,1-Sunday,16:10,1600 Hours,District 6 (East Central),IOWA CITY,JOHNSON,77,BOWERY ST AND VAN BUREN ST,Collision with:  Vehicle in traffic,On Roadway,Broadside (front to side),Unknown,None Indicated,None apparent,Daylight,Dry,Clear,None apparent,Intersection:  Other intersection (explain in narrative),Paved,,Property Damage Only,0,0,0,0,0,0,5000,2,7,Southbound (SB),POINT (-91.528781516091 41.654118493396)
20251465638,25003151,01/26/2025,01-January,1-Sunday,12:18,1200 Hours,District 5 (Southeast),MUSCATINE,MUSCATINE,US 61,MULBERRY AVE AND US 61 N,Collision with:  Vehicle in traffic,On Roadway,Broadside (front to side),FTYROW:  Making left turn,None Indicated,None apparent,Daylight,Dry,Clear,None apparent,Intersection:  Four-way intersection,Paved,,Property Damage Only,0,0,0,0,0,0,1700,2,3,Northbound (NB),POINT (-91.085997053561 41.44940261332)
20251465795,25-001172,01/26/2025,01-January,1-Sunday,20:40,2000 Hours,District 3 (Northwest),,PLYMOUTH,IA-140,IA 140 N MEASURING 1804 FEET SOUTH FROM 240TH ST,Collision with:  Animal,Unknown,Non-collision (single vehicle),Animal,None Indicated,Animal in roadway,,,,,,Paved,,Property Damage Only,0,0,0,0,0,0,2500,1,1,Northbound (NB),POINT (-95.958074786176 42.701615183122)
20251465697,202500285,01/26/2025,01-January,1-Sunday,22:50,2200 Hours,District 6 (East Central),,LINN,77,WEST POST RD SW,Collision with fixed object:  Ditch,On Roadway,Non-collision (single vehicle),Ran off road - straight,None Indicated,None apparent,Dark - roadway not lighted,Snow,Snow,"Surface condition (e.g., wet, icy)",Non-intersection:  Non-junction/no special feature,Unpaved,,Property Damage Only,0,0,0,0,0,0,5000,1,2,Northbound (NB),POINT (-91.740199556474 41.927463458183)
20251465779,W25-006821,01/26/2025,01-January,1-Sunday,08:34,0800 Hours,District 2 (Northeast),WATERLOO,BLACK HAWK,77,SOUTHTOWN DR AND HAMMOND AVE,Collision with:  Vehicle in traffic,On Roadway,Rear-end (front to rear),Followed too close,None Indicated,None apparent,Daylight,Dry,Cloudy,None apparent,Intersection:  T-intersection,Paved,,Property Damage Only,0,0,0,0,0,0,3900,2,3,Northbound (NB),POINT (-92.336912582438 42.455564379684)
20251465646,25-000577,01/26/2025,01-January,1-Sunday,12:37,1200 Hours,District 2 (Northeast),OELWEIN,FAYETTE,77,6TH AVE NW,Collision with:  Vehicle in traffic,On Roadway,Rear-end (front to rear),Improper Backing,None Indicated,None apparent,Daylight,Dry,Clear,None apparent,Non-intersection:  Non-junction/no special feature,Paved,,Property Damage Only,0,0,0,0,0,0,2500,2,4,Northbound (NB),POINT (-91.923305122757 42.680069751214)
20251465726,25-00973,01/26/2025,01-January,1-Sunday,17:45,1700 Hours,District 6 (East Central),,JONES,IA-136,IA 136 N,Collision with:  Animal,Unknown,Non-collision (single vehicle),Animal,None Indicated,Animal in roadway,,,,,,Paved,,Property Damage Only,0,0,0,0,0,0,1500,1,1,Northbound (NB),POINT (-90.982574911419 42.041257341567)
20251465888,25-000885,01/26/2025,01-January,1-Sunday,23:47,2300 Hours,District 2 (Northeast),,CLAYTON,77,LITTLEPORT RD,Collision with:  Animal,On Roadway,Non-collision (single vehicle),Animal,None Indicated,Animal in roadway,Dark - unknown roadway lighting,,,,Non-intersection:  Non-junction/no special feature,Paved,,Property Damage Only,0,0,0,0,0,0,3000,1,1,Northbound (NB),POINT (-91.363846266485 42.7815965741)
20251465811,N25000049,01/26/2025,01-January,1-Sunday,14:02,1400 Hours,District 6 (East Central),NORTH LIBERTY,JOHNSON,77,RANSHAW WAY NORTH AND WEST PENN ST,Collision with:  Vehicle in traffic,On Roadway,Rear-end (front to rear),Other (explain in narrative):  Other,None Indicated,None apparent,Daylight,Dry,Clear,None apparent,Non-intersection:  Non-junction/no special feature,Paved,,Property Damage Only,0,0,0,0,0,0,2500,2,3,Northbound (NB),POINT (-91.607586217204 41.752211904444)
20251468449,202501116,01/26/2025,01-January,1-Sunday,10:22,1000 Hours,District 6 (East Central),CEDAR RAPIDS,LINN,77,MOUNT VERNON RD SE AND 19TH ST SE,Collision with:  Vehicle in traffic,On Roadway,Other (explain in narrative),FTYROW:  Making left turn,None Indicated,None apparent,Daylight,Dry,Clear,None apparent,Intersection:  T-intersection,Paved,,Property Damage Only,0,0,0,0,0,0,4000,2,2,Northbound (NB),POINT (-91.642814684133 41.977258088021)
20251466313,202501119,01/26/2025,01-January,1-Sunday,12:02,1200 Hours,District 6 (East Central),CEDAR RAPIDS,LINN,77,"BLAIRS FERRY RD NE AND RAMP I 380 N TO BLAIRS FERRY RD NE, E",Collision with:  Vehicle in traffic,On Roadway,Rear-end (front to rear),Driver Distraction:  Other interior distraction,None Indicated,None apparent,Daylight,Dry,Clear,None apparent,Interchange-related:  On-ramp merge area,Paved,,Property Damage Only,0,0,0,0,0,0,2500,2,3,Southbound (SB),POINT (-91.674260130703 42.03469014951)
20251466635,25006832,01/26/2025,01-January,1-Sunday,09:29,0900 Hours,District 2 (Northeast),CEDAR FALLS,BLACK HAWK,77,UNIVERSITY AVE/UNION RD INTERSECTION,Collision with:  Vehicle in traffic,On Roadway,Broadside (front to side),Ran Stop Sign,None Indicated,None apparent,Daylight,Dry,Clear,None apparent,Intersection:  Four-way intersection,Paved,,Property Damage Only,0,0,0,0,0,0,8000,2,3,Southbound (SB),POINT (-92.495092972723 42.492898201069)
20251465823,25-001002,01/26/2025,01-January,1-Sunday,18:32,1800 Hours,District 4 (Southwest),,CASS,IA-92,IA 92 E,Collision with:  Animal,Unknown,Non-collision (single vehicle),Animal,None Indicated,Animal in roadway,,,,,,Paved,,Property Damage Only,0,0,0,0,0,0,4000,1,1,Southbound (SB),POINT (-94.937997907538 41.258997658369)
20251466835,25-1304,01/26/2025,01-January,1-Sunday,20:33,2000 Hours,District 2 (Northeast),,BREMER,77,190TH ST,Collision with fixed object:  Ditch,Shoulder,Non-collision (single vehicle),Lost Control,None Indicated,None apparent,Dark - roadway not lighted,Dry,Clear,None apparent,Non-intersection:  Non-junction/no special feature,Paved,,Major Injury,0,1,1,0,0,0,15000,1,1,Southbound (SB),POINT (-92.440095047774 42.773852615908)
20251465681,25014212,01/26/2025,01-January,1-Sunday,17:45,1700 Hours,District 6 (East Central),,JOHNSON,77,SWAN LAKE RD,Other (explain in narrative),Roadside,Non-collision (single vehicle),Driving too fast for conditions,None Indicated,None apparent,Dark - roadway lighted,Ice/frost,Other (explain in narrative),"Surface condition (e.g., wet, icy)",Non-intersection:  Non-junction/no special feature,Unpaved,,Property Damage Only,0,0,0,0,0,0,5000,1,1,Southbound (SB),POINT (-91.682263368893 41.775303454448)
20251465709,2025-000591,01/26/2025,01-January,1-Sunday,13:40,1300 Hours,District 6 (East Central),DUBUQUE,DUBUQUE,77,WACKER DR AND US 20 W,Collision with:  Vehicle in traffic,Outside trafficway,Rear to rear,Other (explain in narrative):  Other,None Indicated,None apparent,Daylight,Dry,Clear,None apparent,Non-intersection:  Non-junction/no special feature,Paved,,Property Damage Only,0,0,0,0,0,0,1500,2,4,Eastbound (EB),POINT (-90.72054336068 42.492139744477)
20251466110,25006837,01/26/2025,01-January,1-Sunday,10:00,1000 Hours,District 2 (Northeast),CEDAR FALLS,BLACK HAWK,77,GREENHILL RD / SOUTH MAIN ST,Collision with:  Vehicle in traffic,On Roadway,Broadside (front to side),FTYROW:  From yield sign,None Indicated,None apparent,Daylight,Dry,Clear,None apparent,Intersection:  Roundabout,Paved,,Property Damage Only,0,0,0,0,0,0,4500,2,2,Northbound (NB),POINT (-92.445962382374 42.498885261694)
20251465605,20250002092,01/26/2025,01-January,1-Sunday,00:58,0000 Hours,District 1 (Central),DES MOINES,POLK,77,2ND AVE AND COURT,Collision with:  Vehicle in traffic,On Roadway,Broadside (front to side),Improper or erratic lane changing,None Indicated,None apparent,Dark - roadway lighted,Dry,Clear,None apparent,Non-intersection:  Non-junction/no special feature,Paved,,Property Damage Only,0,0,0,0,0,0,3000,2,3,Southbound (SB),POINT (-93.619197873026 41.585576177647)
20251466206,2025-5664,01/26/2025,01-January,1-Sunday,02:23,0200 Hours,District 6 (East Central),DAVENPORT,SCOTT,77,FAIRMOUNT ST AND HICKORY GROVE RD MEASURING 461 FEET SOUTH FROM FAIRMOUNT ST AND HICKORY GROVE RD,Collision with fixed object:  Ditch,Outside trafficway,Non-collision (single vehicle),Driver Distraction:  Other interior distraction,Alcohol (Statutory),None apparent,Dark - roadway lighted,Dry,Cloudy,None apparent,Intersection:  Four-way intersection,Paved,,Property Damage Only,0,0,0,0,0,0,10000,1,1,Northbound (NB),POINT (-90.629604688325 41.557345314222)
20251465798,25-01248,01/26/2025,01-January,1-Sunday,18:43,1800 Hours,District 3 (Northwest),,SIOUX,77,CHESTNUT AVE,Collision with fixed object:  Ditch,Roadside,Non-collision (single vehicle),Ran off road - left,None Indicated,None apparent,Dark - roadway not lighted,Dry,Clear,"Slippery, loose, or worn surface",Intersection:  T-intersection,Unpaved,,Minor Injury,0,1,0,1,0,0,15000,1,2,Northbound (NB),POINT (-96.431546864825 43.083737212105)
20251466701,250130757001,01/26/2025,01-January,1-Sunday,07:30,0700 Hours,District 3 (Northwest),LAKE CITY,CALHOUN,IA-175,IA 175 E,Collision with fixed object:  Utility pole/light support,Roadside,Non-collision (single vehicle),Ran off road - right,None Indicated,None apparent,Dawn,Dry,Clear,None apparent,Non-intersection:  Non-junction/no special feature,Paved,,Minor Injury,0,1,0,1,0,0,13000,1,1,Southbound (SB),POINT (-94.737998663548 42.267341927229)
20251465694,20250002158,01/26/2025,01-January,1-Sunday,21:59,2100 Hours,District 1 (Central),DES MOINES,POLK,77,EAST 42ND ST MEASURING 105 FEET NORTH FROM BRIARCLIFF DR,Collision with fixed object:  Ditch,On Roadway,Non-collision (single vehicle),Driver Distraction:  Exterior distraction,None Indicated,None apparent,Dark - roadway lighted,Dry,Cloudy,None apparent,Non-intersection:  Non-junction/no special feature,Paved,,Property Damage Only,0,0,0,0,0,0,1500,1,1,Northbound (NB),POINT (-93.532099167032 41.632363501889)
20251465630,20250002118,01/26/2025,01-January,1-Sunday,11:54,1100 Hours,District 1 (Central),DES MOINES,POLK,77,10TH ST AND HIGH ST,Collision with:  Vehicle in traffic,On Roadway,Broadside (front to side),Ran Traffic Signal,None Indicated,None apparent,Daylight,Dry,Clear,None apparent,Intersection:  Four-way intersection,Paved,,Property Damage Only,0,0,0,0,0,0,3000,2,4,Southbound (SB),POINT (-93.630420981317 41.587406709367)
20251465807,25001316,01/26/2025,01-January,1-Sunday,23:00,2300 Hours,District 2 (Northeast),,BREMER,77,WINDING RIDGE RD,Collision with fixed object:  Other post/pole/support (explain in narrative),On Roadway,Non-collision (single vehicle),Ran off road - right,Under Influence of Alcohol/Drugs/Medications,None apparent,Dark - roadway not lighted,Dry,Clear,None apparent,Non-intersection:  Non-junction/no special feature,Paved,,Property Damage Only,0,0,0,0,0,0,2500,1,1,Southbound (SB),POINT (-92.373962706999 42.682861062841)
20251466897,202501108,01/26/2025,01-January,1-Sunday,00:36,0000 Hours,District 6 (East Central),CEDAR RAPIDS,LINN,I-380,I 380 N / WRIGHT BROTHERS BLVD SW,Collision with:  Vehicle in traffic,On Roadway,Rear-end (front to rear),Unknown,None Indicated,None apparent,Dark - roadway not lighted,Dry,Clear,None apparent,Non-intersection:  Non-junction/no special feature,Paved,,Major Injury,0,1,1,0,0,0,25000,2,3,Northbound (NB),POINT (-91.670414136647 41.882832579416)
20251465678,25-637,01/26/2025,01-January,1-Sunday,18:15,1800 Hours,District 1 (Central),,POLK,77,11605 NE 64TH ST DOUG,Collision with fixed object:  Utility pole/light support,On Roadway,Non-collision (single vehicle),Ran off road - left,None Indicated,None apparent,Dark - roadway not lighted,Dry,Clear,None apparent,Non-intersection:  Non-junction/no special feature,Paved,,Property Damage Only,0,0,0,0,0,0,20400,1,1,Northbound (NB),POINT (-93.483360325691 41.771017895388)
20251465655,2025-000592,01/26/2025,01-January,1-Sunday,15:52,1500 Hours,District 6 (East Central),DUBUQUE,DUBUQUE,77,EAST 16TH ST MEASURING 366 FEET WEST FROM EAST 16TH ST,Collision with:  Railway vehicle/train,On Roadway,Broadside (front to side),Drove around RR grade crossing gates,None Indicated,None apparent,Daylight,Dry,Clear,None apparent,Non-intersection:  Railroad grade crossing,Paved,,Property Damage Only,0,0,0,0,0,0,5000,2,2,Southbound (SB),POINT (-90.664420460229 42.509235751494)
20251465698,202500286,01/26/2025,01-January,1-Sunday,22:50,2200 Hours,District 6 (East Central),,LINN,77,EAST CEMETERY RD,Collision with fixed object:  Ditch,On Roadway,Non-collision (single vehicle),Driving too fast for conditions,None Indicated,None apparent,Dark - roadway not lighted,Snow,Snow,Unknown,Non-intersection:  Non-junction/no special feature,Unpaved,,Property Damage Only,0,0,0,0,0,0,8000,1,1,Southbound (SB),POINT (-91.740248851525 41.927409959779)
20251468297,25-000906,01/27/2025,01-January,2-Monday,17:31,1700 Hours,District 2 (Northeast),STRAWBERRY POINT,CLAYTON,IA-13,IA 13 N,Collision with:  Animal,Unknown,Non-collision (single vehicle),Animal,None Indicated,Animal in roadway,,,,,,Paved,,Property Damage Only,0,0,0,0,0,0,3000,1,2,Northbound (NB),POINT (-91.534399172042 42.694970850771)
20251465875,25-671,01/27/2025,01-January,2-Monday,14:24,1400 Hours,District 1 (Central),GRIMES,POLK,77,"NE 14TH LN, NE PRIMROSE LN",Collision with:  Vehicle in traffic,On Roadway,"Angle, oncoming left turn",Made improper turn,None Indicated,None apparent,Daylight,Dry,Clear,None apparent,Non-intersection:  Non-junction/no special feature,Paved,,Property Damage Only,0,0,0,0,0,0,2000,2,3,Northbound (NB),POINT (-93.7711287261 41.699354385406)
20251466809,N25000052,01/27/2025,01-January,2-Monday,14:26,1400 Hours,District 6 (East Central),NORTH LIBERTY,JOHNSON,77,WEST PENN ST AND JONES BLVD,Collision with:  Vehicle in traffic,On Roadway,"Angle, oncoming left turn",FTYROW:  Making left turn,None Indicated,None apparent,Daylight,Dry,Cloudy,None apparent,Intersection:  Four-way intersection,Paved,,Minor Injury,0,1,0,1,0,0,10000,2,2,Northbound (NB),POINT (-91.617362259047 41.752329981611)
20251466057,2025-3728,01/27/2025,01-January,2-Monday,17:45,1700 Hours,District 6 (East Central),DAVENPORT,SCOTT,77,UTAH AVE,Collision with:  Animal,Unknown,Non-collision (single vehicle),Animal,None Indicated,Animal in roadway,,,,,,Paved,,Property Damage Only,0,0,0,0,0,0,5000,1,1,Northbound (NB),POINT (-90.668850428391 41.514970990047)
20251466768,OP2025000246,01/27/2025,01-January,2-Monday,19:03,1900 Hours,District 5 (Southeast),OTTUMWA,WAPELLO,77,SOUTH JEFFERSON ST,Collision with:  Vehicle in traffic,On Roadway,"Sideswipe, same direction",Other (explain in narrative):  No improper action,None Indicated,None apparent,Dark - roadway lighted,Dry,Clear,None apparent,Non-intersection:  Non-junction/no special feature,Paved,,Possible/Unknown,0,1,0,0,1,0,10000,2,4,Northbound (NB),POINT (-92.412297163702 41.013157571477)
20251465936,25-002523,01/27/2025,01-January,2-Monday,21:20,2100 Hours,District 5 (Southeast),,LEE,US 61,US 61 S,Collision with:  Animal,On Roadway,Non-collision (single vehicle),Animal,None Indicated,Animal in roadway,Dark - unknown roadway lighting,,,,Non-intersection:  Non-junction/no special feature,Paved,,Property Damage Only,0,0,0,0,0,0,2000,1,1,Eastbound (EB),POINT (-91.444768363198 40.469511013055)
20251466025,2025000750,01/27/2025,01-January,2-Monday,17:32,1700 Hours,District 6 (East Central),IOWA CITY,JOHNSON,77,NEWTON RD AND US 6 E,Collision with:  Vehicle in traffic,On Roadway,Rear-end (front to rear),Driver Distraction:  Inattentive/lost in thought,None Indicated,None apparent,Dusk,Dry,Cloudy,None apparent,Non-intersection:  Non-junction/no special feature,Paved,,Possible/Unknown,0,1,0,0,1,0,9500,2,2,Southbound (SB),POINT (-91.556018730153 41.665416306394)
20251465843,25-0093,01/27/2025,01-January,2-Monday,09:24,0900 Hours,District 1 (Central),PLEASANT HILL,POLK,77,EAST OAKWOOD DR AND NE 56TH ST,Collision with:  Vehicle in traffic,On Roadway,Broadside (front to side),Unknown,None Indicated,None apparent,Daylight,Dry,Clear,None apparent,Intersection:  Four-way intersection,Paved,,Property Damage Only,0,0,0,0,0,0,8000,2,4,Southbound (SB),POINT (-93.502919749512 41.593052182976)
20251468450,202501155,01/27/2025,01-January,2-Monday,09:27,0900 Hours,District 6 (East Central),CEDAR RAPIDS,LINN,77,2500 BLOCK EDGEWOOD RD NW,Collision with:  Vehicle in traffic,On Roadway,Rear-end (front to rear),Exceeded authorized speed,None Indicated,None apparent,Daylight,Dry,Clear,None apparent,Non-intersection:  Non-junction/no special feature,Paved,,Possible/Unknown,0,1,0,0,1,0,20000,2,1,Northbound (NB),POINT (-91.708672824048 42.002155145428)
20251465871,20250002221,01/27/2025,01-January,2-Monday,17:26,1700 Hours,District 1 (Central),DES MOINES,POLK,77,TWANA DR AND LAWNWOODS DR,Non-collision events:  Fell/jumped from vehicle,On Roadway,Non-collision (single vehicle),Lost Control,None Indicated,None apparent,Daylight,Dry,Clear,None apparent,Non-intersection:  Non-junction/no special feature,Paved,,Major Injury,0,1,1,0,0,0,1500,1,1,Southbound (SB),POINT (-93.66206069755 41.639290505213)
20251465889,25-000921,01/27/2025,01-January,2-Monday,21:39,2100 Hours,District 4 (Southwest),COUNCIL BLUFFS,POTTAWATTAMIE,77,SOUTH 8TH ST,Collision with:  Vehicle in traffic,On Roadway,Broadside (front to side),Ran Traffic Signal,None Indicated,None apparent,Dark - roadway lighted,Dry,Clear,None apparent,Intersection:  Four-way intersection,Paved,,Possible/Unknown,0,3,0,0,3,0,9000,2,6,Northbound (NB),POINT (-95.856054076065 41.261705419667)
20251466330,25-001070,01/27/2025,01-January,2-Monday,15:45,1500 Hours,District 3 (Northwest),LIDDERDALE,CARROLL,77,HEALY AVE AND 4TH ST,Collision with fixed object:  Utility pole/light support,On Roadway,Non-collision (single vehicle),Made improper turn,None Indicated,None apparent,Daylight,Dry,Cloudy,None apparent,Non-intersection:  Non-junction/no special feature,Paved,,Property Damage Only,0,0,0,0,0,0,7000,1,1,Southbound (SB),POINT (-94.780941397708 42.12747836607)
20251465805,25000833,01/27/2025,01-January,2-Monday,10:02,1000 Hours,District 4 (Southwest),RED OAK,MONTGOMERY,77,EASTERN AVE AND SUMMIT ST,Collision with:  Vehicle in traffic,On Roadway,"Sideswipe, opposite direction",Made improper turn,None Indicated,None apparent,Daylight,Dry,Clear,None apparent,Intersection:  Four-way intersection,Paved,,Property Damage Only,0,0,0,0,0,0,12000,2,3,Southbound (SB),POINT (-95.213789121468 41.016190317955)
20251465767,25-645,01/27/2025,01-January,2-Monday,07:11,0700 Hours,District 1 (Central),,POLK,77,NE 54TH AVE,Collision with:  Vehicle in traffic,On Roadway,Broadside (front to side),Ran Stop Sign,None Indicated,None apparent,Dark - roadway not lighted,Dry,Clear,None apparent,Intersection:  Four-way intersection,Paved,,Property Damage Only,0,0,0,0,0,0,15000,2,3,Southbound (SB),POINT (-93.592741277878 41.658655960929)
20251466129,2025002157,01/27/2025,01-January,2-Monday,00:14,0000 Hours,District 1 (Central),,POLK,I-80,HIGHWAY 65 NORTHBOUND RAMP TO INTERSTATE 80 WESTBOUND,Non-collision events:  Overturn/rollover,Gore,Non-collision (single vehicle),Driving too fast for conditions,Alcohol (Statutory),None apparent,Dark - roadway lighted,Dry,Clear,None apparent,Interchange-related:  On-ramp merge area,Paved,,Property Damage Only,0,0,0,0,0,0,10000,1,1,Westbound (WB),POINT (-93.526966114447 41.661029974773)
20251465933,2025000737,01/27/2025,01-January,2-Monday,13:55,1300 Hours,District 6 (East Central),IOWA CITY,JOHNSON,77,KEOKUK ST AND HIGHLAND AVE,Collision with fixed object:  Utility pole/light support,Roadside,Non-collision (single vehicle),Ran off road - left,None Indicated,None apparent,Daylight,Dry,Clear,None apparent,Intersection:  Four-way intersection,Paved,,Property Damage Only,0,0,0,0,0,0,3820,1,1,Southbound (SB),POINT (-91.523456926517 41.645898992212)