Iowa DOT Case Number,Law Enforcement Case Number,Date of Crash,Month of Crash,Day of Week,Time of Crash,Hour,DOT District,City Name,County Name,Route with System,Location Description,First Harmful Event,Location of First Harmful Event,Manner of Crash/Collision,Major Cause,Drug or Alcohol ,Environmental Conditions,Light Conditions,Surface Conditions,Weather Conditions,Roadway Contribution,Roadway Type,Roadway Surface,Work Zone,Crash Severity,Number of Fatalities,Number of Injuries,Number of Major Injuries,Number of Minor Injuries,Number of Possible Injuries,Number of Unknown Injuries,Amount of Property Damage,Number of Vehicles Involved,Total Number of Occupants,Travel Direction,Location
20251466317,202501244,01/29/2025,01-January,4-Wednesday,12:27,1200 Hours,District 6 (East Central),CEDAR RAPIDS,LINN,US 218,I 380 S,Collision with:  Vehicle in traffic,On Roadway,"Sideswipe, same direction",Failed to keep in proper lane,None Indicated,None apparent,Daylight,Dry,Clear,Other (explain in narrative),Non-intersection:  Non-junction/no special feature,Unpaved,,Property Damage Only,0,0,0,0,0,0,2000,2,2,Eastbound (EB),POINT (-91.671052439962 41.890414501553)
20251466272,250520,01/29/2025,01-January,4-Wednesday,16:11,1600 Hours,District 3 (Northwest),ROCKWELL CITY,CALHOUN,77,HIGH ST,Collision with fixed object:  Utility pole/light support,On Roadway,Non-collision (single vehicle),Ran off road - right,None Indicated,None apparent,Daylight,Dry,Clear,None apparent,Non-intersection:  Non-junction/no special feature,Paved,,Major Injury,0,1,1,0,0,0,20000,1,1,Southbound (SB),POINT (-94.639158706398 42.398805175196)
20251466185,CLP25000225,01/29/2025,01-January,4-Wednesday,11:31,1100 Hours,District 6 (East Central),CLINTON,CLINTON,77,MILL CREEK PARKWAY/HARTS MILL,Collision with:  Vehicle in traffic,On Roadway,Rear-end (front to rear),Followed too close,None Indicated,None apparent,Daylight,Dry,Clear,None apparent,Intersection:  Four-way intersection,Paved,,Property Damage Only,0,0,0,0,0,0,4500,3,3,Northbound (NB),POINT (-90.253906203702 41.829174550721)
20251466881,2025000811,01/29/2025,01-January,4-Wednesday,14:00,1400 Hours,District 6 (East Central),IOWA CITY,JOHNSON,77,HARRISON ST,Collision with:  Parked motor vehicle,Outside trafficway,Unknown,Illegally Parked/Unattended,None Indicated,None apparent,Daylight,Dry,Clear,None apparent,Non-intersection:  Non-junction/no special feature,Paved,,Possible/Unknown,0,1,0,0,0,1,2400,2,1,Southbound (SB),POINT (-91.53528297145 41.655516543862)
20251466291,25-00060,01/29/2025,01-January,4-Wednesday,15:27,1500 Hours,District 1 (Central),WINDSOR HEIGHTS,POLK,77,6400 BLK WASHINGTON AVE WB,Collision with:  Vehicle in traffic,On Roadway,Other (explain in narrative),Driver Distraction:  Other interior distraction,None Indicated,None apparent,Daylight,Dry,Clear,None apparent,Non-intersection:  Non-junction/no special feature,Paved,,Property Damage Only,0,0,0,0,0,0,3500,2,2,Southbound (SB),POINT (-93.704479920513 41.609359704707)
20251466651,SOP202500081,01/29/2025,01-January,4-Wednesday,06:48,0600 Hours,District 6 (East Central),,IOWA,77,1300 BLOCK M AVE,Collision with:  Animal,Unknown,Non-collision (single vehicle),Animal,None Indicated,Animal in roadway,,,,,,Paved,,Property Damage Only,0,0,0,0,0,0,5000,1,1,Northbound (NB),POINT (-92.064398992196 41.818033010295)
20251466253,2025-03059,01/29/2025,01-January,4-Wednesday,20:55,2000 Hours,District 5 (Southeast),,WARREN,77,G76 HIGHWAY,Collision with:  Animal,Unknown,Non-collision (single vehicle),Animal,None Indicated,Animal in roadway,,,,,,Paved,,Property Damage Only,0,0,0,0,0,0,1500,1,2,Southbound (SB),POINT (-93.661613233233 41.190899164284)
20251466169,25-001468,01/29/2025,01-January,4-Wednesday,12:10,1200 Hours,District 1 (Central),TRAER,TAMA,77,LINN ST,Collision with:  Parked motor vehicle,Other (explain in narrative),Rear-end (front to rear),Driver Distraction:  Exterior distraction,None Indicated,None apparent,Daylight,Dry,Clear,None apparent,Non-intersection:  Non-junction/no special feature,Paved,,Property Damage Only,0,0,0,0,0,0,3000,2,1,Northbound (NB),POINT (-92.462736773693 42.193316614889)
20251466764,OCFS2502544,01/29/2025,01-January,4-Wednesday,15:41,1500 Hours,District 5 (Southeast),OTTUMWA,WAPELLO,US 34,US 34 W,Collision with:  Vehicle in traffic,On Roadway,Rear-end (front to rear),Followed too close,None Indicated,None apparent,Daylight,Dry,Clear,None apparent,Intersection:  Other intersection (explain in narrative),Paved,,Property Damage Only,0,0,0,0,0,0,2000,2,3,Westbound (WB),POINT (-92.423397077034 41.015420630086)
20251466234,W25-007837,01/29/2025,01-January,4-Wednesday,15:14,1500 Hours,District 2 (Northeast),WATERLOO,BLACK HAWK,US 218,"RAMP US 218 N TO FLETCHER AVE, S",Collision with:  Vehicle in traffic,On Roadway,Broadside (front to side),Ran Traffic Signal,None Indicated,None apparent,Daylight,Dry,Clear,None apparent,Intersection:  Four-way intersection,Paved,,Possible/Unknown,0,1,0,0,1,0,3000,2,2,Northbound (NB),POINT (-92.36647189839 42.50319246874)
20251466638,25-000953,01/29/2025,01-January,4-Wednesday,08:21,0800 Hours,District 2 (Northeast),FARMERSBURG,CLAYTON,77,MAIN ST,Collision with fixed object:  Building,Other (explain in narrative),Non-collision (single vehicle),Ran off road - right,None Indicated,None apparent,Daylight,Dry,Clear,None apparent,Non-intersection:  Non-junction/no special feature,Paved,,Property Damage Only,0,0,0,0,0,0,12000,1,1,Northbound (NB),POINT (-91.368039197091 42.960928282751)
20251466271,2501307,01/29/2025,01-January,4-Wednesday,15:55,1500 Hours,District 5 (Southeast),WASHINGTON,WASHINGTON,77,WEST 5TH ST,Collision with:  Vehicle in traffic,On Roadway,"Angle, oncoming left turn",FTYROW:  Making left turn,None Indicated,None apparent,Daylight,Dry,Clear,None apparent,Non-intersection:  Non-junction/no special feature,Paved,,Property Damage Only,0,0,0,0,0,0,2500,2,2,Southbound (SB),POINT (-91.708625082184 41.304765124584)
20251466126,20250002368,01/29/2025,01-January,4-Wednesday,07:07,0700 Hours,District 1 (Central),DES MOINES,POLK,77,SOUTH UNION ST AND BELL AVE,Collision with:  Vehicle in traffic,On Roadway,"Angle, oncoming left turn","Operating vehicle in an reckless, erratic, careless, negligent manner",None Indicated,None apparent,Daylight,Dry,Clear,None apparent,Intersection:  T-intersection,Paved,,Property Damage Only,0,0,0,0,0,0,5000,2,4,Southbound (SB),POINT (-93.616116190766 41.561759482824)
20251466406,2025002477,01/29/2025,01-January,4-Wednesday,15:35,1500 Hours,District 4 (Southwest),,FREMONT,77,280TH ST AND 370TH AVE,Non-collision events:  Overturn/rollover,Roadside,Non-collision (single vehicle),Driver Distraction:  Manual operation of an electronic communication device,None Indicated,None apparent,Daylight,Dry,Clear,None apparent,Non-intersection:  Non-junction/no special feature,Paved,,Major Injury,0,1,1,0,0,0,40000,1,1,Northbound (NB),POINT (-95.488199022936 40.642526538168)
20251466161,25-000993,01/29/2025,01-January,4-Wednesday,13:50,1300 Hours,District 4 (Southwest),COUNCIL BLUFFS,POTTAWATTAMIE,77,100 BLOCK OF BONHAM AVE,Collision with:  Vehicle in traffic,On Roadway,"Sideswipe, opposite direction",Unknown,None Indicated,None apparent,Daylight,Dry,Clear,None apparent,Non-intersection:  Non-junction/no special feature,Paved,,Property Damage Only,0,0,0,0,0,0,2000,2,2,Northbound (NB),POINT (-95.826652661481 41.259963843572)
20251466283,CFS2500978,01/29/2025,01-January,4-Wednesday,11:34,1100 Hours,District 2 (Northeast),JACKSON JUNCTION,WINNESHIEK,IA-24,IA 24 E,Collision with:  Vehicle in traffic,On Roadway,"Sideswipe, opposite direction",Failed to keep in proper lane,None Indicated,Weather conditions,Daylight,Other (explain in narrative),Clear,None apparent,Non-intersection:  Non-junction/no special feature,Paved,,Minor Injury,0,1,0,1,0,0,2500,2,3,Southbound (SB),POINT (-92.025502958185 43.117023321626)
20251466155,MC2500305,01/29/2025,01-January,4-Wednesday,08:05,0800 Hours,District 2 (Northeast),MASON CITY,CERRO GORDO,77,19TH ST SW,Collision with:  Vehicle in traffic,On Roadway,"Sideswipe, same direction",Other (explain in narrative):  Other,None Indicated,None apparent,Daylight,Dry,Clear,None apparent,Intersection:  Four-way intersection,Paved,,Property Damage Only,0,0,0,0,0,0,2300,2,3,Southbound (SB),POINT (-93.211222609428 43.133819065223)
20251466481,25-00127,01/29/2025,01-January,4-Wednesday,17:08,1700 Hours,District 4 (Southwest),CLIVE,DALLAS,77,HOLCOMB AVE,Collision with fixed object:  Fire hydrant,Outside trafficway,Non-collision (single vehicle),Unknown,None Indicated,None apparent,Daylight,Dry,Clear,None apparent,Non-intersection:  Non-junction/no special feature,Paved,,Property Damage Only,0,0,0,0,0,0,3000,1,1,Southbound (SB),POINT (-93.825160247958 41.616384047427)
20251466181,25-000998,01/29/2025,01-January,4-Wednesday,15:57,1500 Hours,District 4 (Southwest),COUNCIL BLUFFS,POTTAWATTAMIE,77,S 8TH & 16TH AVE,Collision with:  Vehicle in traffic,On Roadway,Broadside (front to side),FTYROW:  From stop sign,None Indicated,None apparent,Daylight,Dry,Clear,None apparent,Intersection:  Four-way intersection,Paved,,Property Damage Only,0,0,0,0,0,0,4000,2,3,Southbound (SB),POINT (-95.856793080523 41.246628431746)
20251466177,20250002444,01/29/2025,01-January,4-Wednesday,17:05,1700 Hours,District 1 (Central),DES MOINES,POLK,I-235,"I 235 E, 12.6 MILE MARKER",Collision with:  Vehicle in traffic,On Roadway,Rear-end (front to rear),Followed too close,None Indicated,None apparent,Daylight,Dry,Clear,None apparent,Non-intersection:  Non-junction/no special feature,Paved,,Property Damage Only,0,0,0,0,0,0,10000,2,2,Southbound (SB),POINT (-93.575371036726 41.634046566271)
20251466640,2025-2157,01/29/2025,01-January,4-Wednesday,08:09,0800 Hours,District 6 (East Central),BETTENDORF,SCOTT,77,MAPLECREST RD AND 18TH ST,Collision with:  Vehicle in traffic,On Roadway,Rear to side,FTYROW:  From driveway,None Indicated,None apparent,Daylight,Dry,Clear,None apparent,"Non-intersection:  Driveway access (related, not in)",Paved,,Property Damage Only,0,0,0,0,0,0,4000,2,2,Northbound (NB),POINT (-90.499243714729 41.555753340211)
20251466275,FD25-0270,01/29/2025,01-January,4-Wednesday,16:43,1600 Hours,District 1 (Central),FORT DODGE,WEBSTER,77,SOUTH 29TH ST AND 5TH AVE SOUTH,Collision with:  Vehicle in traffic,On Roadway,Broadside (front to side),FTYROW:  Other (explain in narrative),None Indicated,None apparent,Daylight,Dry,Clear,None apparent,Intersection:  Four-way intersection,Paved,,Property Damage Only,0,0,0,0,0,0,4800,2,4,Northbound (NB),POINT (-94.158217347266 42.5011980649)
20251466424,25-000986,01/29/2025,01-January,4-Wednesday,09:50,0900 Hours,District 3 (Northwest),LE MARS,PLYMOUTH,77,1ST ST NW,Collision with:  Parked motor vehicle,On Roadway,Rear to side,Failed to keep in proper lane,None Indicated,None apparent,Daylight,Dry,Clear,None apparent,Non-intersection:  Non-junction/no special feature,Paved,,Property Damage Only,0,0,0,0,0,0,1500,2,1,Southbound (SB),POINT (-96.168176304188 42.794283333779)
20251466183,25-734,01/29/2025,01-January,4-Wednesday,18:41,1800 Hours,District 1 (Central),,POLK,77,2900 NE 46TH AVE,Collision with:  Vehicle in traffic,On Roadway,Rear-end (front to rear),Made improper turn,None Indicated,None apparent,Dark - roadway lighted,Dry,Clear,None apparent,Intersection:  Four-way intersection,Paved,,Property Damage Only,0,0,0,0,0,0,4700,2,2,Southbound (SB),POINT (-93.561013913022 41.643989406431)
20251466913,2025-2179,01/29/2025,01-January,4-Wednesday,13:05,1300 Hours,District 6 (East Central),BETTENDORF,SCOTT,77,CYPRESS DR AND HILLSIDE DR,Collision with:  Vehicle in traffic,On Roadway,Broadside (front to side),Ran Stop Sign,None Indicated,None apparent,Daylight,Dry,Clear,None apparent,Intersection:  Other intersection (explain in narrative),Paved,,Property Damage Only,0,0,0,0,0,0,35000,2,2,Northbound (NB),POINT (-90.518195238716 41.550562240646)
20251466197,25-727,01/29/2025,01-January,4-Wednesday,16:31,1600 Hours,District 1 (Central),,POLK,IA-415,5400-B NW 2ND ST,Collision with:  Vehicle in traffic,On Roadway,Rear-end (front to rear),Followed too close,None Indicated,None apparent,Daylight,Dry,Clear,None apparent,Non-intersection:  Non-junction/no special feature,Paved,,Property Damage Only,0,0,0,0,0,0,3000,2,2,Northbound (NB),POINT (-93.62020138103 41.660294482345)
20251466132,MC2500304,01/29/2025,01-January,4-Wednesday,07:12,0700 Hours,District 2 (Northeast),MASON CITY,CERRO GORDO,77,12TH ST NE MEASURING 2899 FEET WEST FROM FLORIDA AVE,Collision with:  Animal,On Roadway,Non-collision (single vehicle),Animal,None Indicated,Animal in roadway,Dawn,,,,Non-intersection:  Non-junction/no special feature,Paved,,Property Damage Only,0,0,0,0,0,0,3000,1,2,Southbound (SB),POINT (-93.152682134139 43.162619629485)
20251466318,202501245,01/29/2025,01-January,4-Wednesday,12:47,1200 Hours,District 6 (East Central),CEDAR RAPIDS,LINN,77,GLASS RD NE,Collision with:  Vehicle in traffic,On Roadway,Broadside (front to side),Ran Traffic Signal,None Indicated,None apparent,Daylight,Dry,Clear,None apparent,Intersection:  Four-way intersection,Paved,,Possible/Unknown,0,1,0,0,0,1,15000,2,3,Westbound (WB),POINT (-91.665867665077 42.01140147924)
20251466416,24-2720,01/29/2025,01-January,4-Wednesday,16:45,1600 Hours,District 5 (Southeast),KEOKUK,LEE,77,500-BLK OF N 6TH ST.,Collision with:  Other non-fixed object (explain in narrative),On Roadway,Other (explain in narrative),Driver Distraction:  Other interior distraction,None Indicated,Glare,Daylight,Dry,Clear,None apparent,Non-intersection:  Non-junction/no special feature,Paved,,Property Damage Only,0,0,0,0,0,0,1520,1,3,Southbound (SB),POINT (-91.378724501987 40.399841077799)
20251466201,25-00453,01/29/2025,01-January,4-Wednesday,17:17,1700 Hours,District 1 (Central),WEST DES MOINES,POLK,77,UNIVERSITY AVE,Collision with:  Vehicle in traffic,On Roadway,Rear-end (front to rear),Followed too close,None Indicated,None apparent,Dusk,Dry,Clear,None apparent,Non-intersection:  Non-junction/no special feature,Paved,,Property Damage Only,0,0,0,0,0,0,1500,2,2,Southbound (SB),POINT (-93.782465266458 41.600397602487)
20251466186,FD25-0269,01/29/2025,01-January,4-Wednesday,16:50,1600 Hours,District 1 (Central),FORT DODGE,WEBSTER,77,TRITON PLAZA AND KENYON RD,Collision with:  Vehicle in traffic,On Roadway,Rear-end (front to rear),Followed too close,None Indicated,None apparent,Daylight,Dry,Clear,None apparent,Non-intersection:  Non-junction/no special feature,Paved,,Property Damage Only,0,0,0,0,0,0,3500,2,4,Northbound (NB),POINT (-94.202301619167 42.48610072514)
20251466252,2025-00108,01/29/2025,01-January,4-Wednesday,07:55,0700 Hours,District 4 (Southwest),WAUKEE,DALLAS,77,1298 SE WESTOWN PKWY,Collision with:  Vehicle in traffic,On Roadway,"Angle, oncoming left turn",FTYROW:  Making left turn,None Indicated,Glare,Daylight,Dry,Clear,None apparent,Intersection:  Four-way intersection,Unpaved,,Property Damage Only,0,0,0,0,0,0,11500,2,3,,POINT (-93.849564123512 41.593688356621)
20251466316,202501243,01/29/2025,01-January,4-Wednesday,10:58,1000 Hours,District 6 (East Central),CEDAR RAPIDS,LINN,77,4100 BLK OF BOOTH ST SW,Collision with fixed object:  Utility pole/light support,On Roadway,Non-collision (single vehicle),Other (explain in narrative):  Other,None Indicated,None apparent,Daylight,Dry,Clear,None apparent,Non-intersection:  Non-junction/no special feature,Unpaved,,Property Damage Only,0,0,0,0,0,0,15000,1,1,Northbound (NB),POINT (-91.659615541617 41.936989444284)
20251466839,202501263,01/29/2025,01-January,4-Wednesday,17:45,1700 Hours,District 6 (East Central),CEDAR RAPIDS,LINN,77,COUNCIL ST NE AND IA 100 E,Collision with:  Vehicle in traffic,On Roadway,Rear-end (front to rear),Followed too close,None Indicated,None apparent,Dark - roadway lighted,Dry,Clear,None apparent,Non-intersection:  Non-junction/no special feature,Paved,,Property Damage Only,0,0,0,0,0,0,5000,2,2,Northbound (NB),POINT (-91.658287257603 42.028461249576)
20251466370,2025-03044,01/29/2025,01-January,4-Wednesday,19:03,1900 Hours,District 5 (Southeast),INDIANOLA,WARREN,77,WEST SALEM AVE AND SOUTH B ST AND NORTH B ST,Collision with:  Vehicle in traffic,On Roadway,Broadside (front to side),Ran Stop Sign,None Indicated,Visual obstruction,Dark - roadway lighted,Dry,Clear,None apparent,Intersection:  Four-way intersection,Paved,,Minor Injury,0,1,0,1,0,0,17500,2,2,Southbound (SB),POINT (-93.563664079654 41.360333514208)
20251466144,25-000949,01/29/2025,01-January,4-Wednesday,06:38,0600 Hours,District 2 (Northeast),,CLAYTON,IA-13,IA 13 N,Collision with:  Parked motor vehicle,On Roadway,Rear-end (front to rear),Driver Distraction:  Exterior distraction,None Indicated,None apparent,Dark - roadway not lighted,Dry,Clear,"Traffic backup, prior crash",Non-intersection:  Non-junction/no special feature,Paved,,Possible/Unknown,0,1,0,0,1,0,18000,3,2,Northbound (NB),POINT (-91.409941180892 42.81859074891)
20251466422,25-000766,01/29/2025,01-January,4-Wednesday,06:25,0600 Hours,District 3 (Northwest),ONAWA,MONONA,77,10TH ST,Collision with:  Vehicle in traffic,On Roadway,Broadside (front to side),FTYROW:  From stop sign,None Indicated,None apparent,Dark - roadway lighted,Dry,Clear,None apparent,Intersection:  Four-way intersection,Paved,,Minor Injury,0,1,0,1,0,0,17000,2,2,Northbound (NB),POINT (-96.09731016526 42.02539369152)
20251466214,20250002440,01/29/2025,01-January,4-Wednesday,15:43,1500 Hours,District 1 (Central),DES MOINES,POLK,US 6,BEAVER AVE AND DOUGLAS AVE,Collision with:  Vehicle in traffic,On Roadway,"Angle, oncoming left turn",Ran Traffic Signal,None Indicated,None apparent,Daylight,Dry,Clear,None apparent,Intersection:  Four-way intersection,Paved,,Property Damage Only,0,0,0,0,0,0,13000,2,3,Southbound (SB),POINT (-93.677939080459 41.629461204998)
20251466898,202501275,01/29/2025,01-January,4-Wednesday,22:18,2200 Hours,District 6 (East Central),CEDAR RAPIDS,LINN,77,18TH AVE SW AND M ST SW,Collision with:  Vehicle in traffic,On Roadway,Broadside (front to side),Other (explain in narrative):  Other,None Indicated,None apparent,Dark - roadway lighted,Dry,Clear,None apparent,Intersection:  Four-way intersection,Paved,,Possible/Unknown,0,1,0,0,1,0,11000,2,2,Northbound (NB),POINT (-91.67224700166 41.960724219155)
20251466200,25-00452,01/29/2025,01-January,4-Wednesday,16:44,1600 Hours,District 1 (Central),WEST DES MOINES,POLK,77,RAILRD AVE AND 9TH ST AND FRONTAGE RD,Collision with:  Vehicle in traffic,On Roadway,Other (explain in narrative),FTYROW:  Making left turn,None Indicated,None apparent,Daylight,Dry,Clear,None apparent,Intersection:  Other intersection (explain in narrative),Paved,,Minor Injury,0,2,0,2,0,0,10000,2,3,Northbound (NB),POINT (-93.714699783107 41.569709851482)
20251466337,,01/29/2025,01-January,4-Wednesday,13:10,1300 Hours,District 6 (East Central),DAVENPORT,SCOTT,US 6,ELMORE AVE and US 6 E,Collision with:  Vehicle in traffic,On Roadway,"Sideswipe, same direction",Unknown,None Indicated,,Daylight,Dry,Clear,,Intersection:  Four-way intersection,Paved,,Property Damage Only,0,0,0,0,0,0,4000,2,2,Southbound (SB),POINT (-90.527359514376 41.554848666947)
20251466246,25-000405,01/29/2025,01-January,4-Wednesday,16:00,1600 Hours,District 1 (Central),ANKENY,POLK,77,1200-B NW 18TH ST,Collision with:  Vehicle in traffic,On Roadway,Rear-end (front to rear),Followed too close,None Indicated,None apparent,Daylight,Dry,Clear,None apparent,Non-intersection:  Non-junction/no special feature,Paved,,Property Damage Only,0,0,0,0,0,0,6500,3,4,Southbound (SB),POINT (-93.61420979685 41.746371235296)
20251466198,25016000,01/29/2025,01-January,4-Wednesday,17:18,1700 Hours,District 6 (East Central),TIFFIN,JOHNSON,77,IRELAND AVE,Collision with:  Vehicle in traffic,On Roadway,Rear-end (front to rear),Unknown,None Indicated,None apparent,Dusk,Dry,Clear,None apparent,Non-intersection:  Non-junction/no special feature,Unpaved,,Property Damage Only,0,0,0,0,0,0,1500,2,3,Northbound (NB),POINT (-91.666702044568 41.705735542762)
20251466575,2025000818,01/29/2025,01-January,4-Wednesday,19:08,1900 Hours,District 6 (East Central),IOWA CITY,JOHNSON,77,CAMP CARDINAL BLVD,Collision with:  Vehicle in traffic,On Roadway,"Angle, oncoming left turn",FTYROW:  Making left turn,None Indicated,None apparent,Dark - roadway lighted,Dry,Clear,None apparent,Intersection:  T-intersection,Paved,,Major Injury,0,1,1,0,0,0,15200,2,2,Eastbound (EB),POINT (-91.594181627501 41.657035743838)
20251466238,2025-6495,01/29/2025,01-January,4-Wednesday,12:00,1200 Hours,District 6 (East Central),DAVENPORT,SCOTT,77,EAST LOCUST ST AND EASTERN AVE,Collision with:  Vehicle in traffic,On Roadway,Rear-end (front to rear),Other (explain in narrative):  Other,None Indicated,None apparent,Daylight,Dry,Clear,None apparent,Non-intersection:  Non-junction/no special feature,Paved,,Property Damage Only,0,0,0,0,0,0,6000,2,4,Southbound (SB),POINT (-90.55148342548 41.538343134274)
20251466730,2500310,01/29/2025,01-January,4-Wednesday,14:26,1400 Hours,District 1 (Central),AMES,STORY,77,ASPEN RD,Collision with:  Vehicle in traffic,On Roadway,"Sideswipe, opposite direction",Unknown,None Indicated,Other (explain in narrative),Daylight,Dry,Clear,None apparent,Intersection:  T-intersection,Paved,,Property Damage Only,0,0,0,0,0,0,2000,2,2,Southbound (SB),POINT (-93.64932340339 42.051687570918)
20251466229,25WC00650,01/29/2025,01-January,4-Wednesday,18:53,1800 Hours,District 3 (Northwest),,WOODBURY,77,110TH ST,Collision with:  Animal,Unknown,Non-collision (single vehicle),Animal,None Indicated,Animal in roadway,,,,,,Paved,,Property Damage Only,0,0,0,0,0,0,5000,1,1,Southbound (SB),POINT (-96.296739120978 42.547541199295)
20251466384,25SC02672,01/30/2025,01-January,5-Thursday,14:16,1400 Hours,District 3 (Northwest),SIOUX CITY,WOODBURY,77,FLOYD BLVD,Collision with:  Vehicle in traffic,On Roadway,Broadside (front to side),FTYROW:  Making left turn,None Indicated,None apparent,Daylight,Dry,Cloudy,None apparent,Intersection:  Four-way intersection,Paved,,Property Damage Only,0,0,0,0,0,0,7000,2,2,Northbound (NB),POINT (-96.393334986836 42.488683531974)
20251466523,25-000426,01/30/2025,01-January,5-Thursday,22:04,2200 Hours,District 1 (Central),ANKENY,POLK,77,1300-BLK NW 18TH ST,Collision with:  Vehicle in traffic,On Roadway,Broadside (front to side),Driver Distraction:  Exterior distraction,None Indicated,None apparent,Dark - roadway lighted,Dry,Clear,None apparent,"Non-intersection:  Driveway access (related, not in)",Paved,,Property Damage Only,0,0,0,0,0,0,6000,2,3,Southbound (SB),POINT (-93.608244447069 41.746375948036)
20251466482,25-00136,01/30/2025,01-January,5-Thursday,16:19,1600 Hours,District 1 (Central),WEST DES MOINES,DALLAS,77,UNIVERSITY AVE AND 60TH ST,Collision with:  Vehicle in traffic,On Roadway,Rear-end (front to rear),Followed too close,None Indicated,None apparent,Daylight,Dry,Clear,None apparent,Non-intersection:  Non-junction/no special feature,Paved,,Property Damage Only,0,0,0,0,0,0,3000,2,2,Southbound (SB),POINT (-93.794356846186 41.600379100624)
20251467398,25-002838,01/30/2025,01-January,5-Thursday,17:45,1700 Hours,District 5 (Southeast),,LEE,US 218,US 218 N,Collision with:  Animal,On Roadway,Non-collision (single vehicle),Animal,None Indicated,Animal in roadway,Dark - unknown roadway lighting,,,,Non-intersection:  Non-junction/no special feature,Paved,,Property Damage Only,0,0,0,0,0,0,3000,1,1,Northbound (NB),POINT (-91.563088690628 40.66785086501)
20251466403,SO2500393,01/30/2025,01-January,5-Thursday,07:00,0700 Hours,District 5 (Southeast),,JEFFERSON,77,BRIDGE SOUTH OF 117TH ST/GERMANVILLE RD,Collision with fixed object:  Bridge/bridge rail parapet,On Roadway,Non-collision (single vehicle),Animal,None Indicated,None apparent,Dawn,Dry,Clear,None apparent,Non-intersection:  Non-junction/no special feature,Paved,,Minor Injury,0,1,0,1,0,0,10000,1,1,Northbound (NB),POINT (-91.802157333597 41.136685343345)
20251466833,25-001141,01/30/2025,01-January,5-Thursday,18:13,1800 Hours,District 2 (Northeast),,CHICKASAW,77,225TH,Collision with fixed object:  Traffic sign support,On Roadway,Non-collision (single vehicle),Ran Stop Sign,None Indicated,None apparent,Dark - roadway lighted,Dry,Clear,None apparent,Intersection:  Four-way intersection,Unpaved,,Property Damage Only,0,0,0,0,0,0,3522,1,1,Southbound (SB),POINT (-92.317774029209 43.030161562052)
20251466293,25-000706,01/30/2025,01-January,5-Thursday,11:24,1100 Hours,District 5 (Southeast),CHARITON,LUCAS,77,200-BLK NORTH 15TH ST,Collision with:  Vehicle in traffic,On Roadway,Broadside (front to side),FTYROW:  From yield sign,None Indicated,None apparent,Daylight,Dry,Clear,None apparent,Intersection:  Four-way intersection,Paved,,Possible/Unknown,0,2,0,0,2,0,12000,2,3,Northbound (NB),POINT (-93.316031038903 41.016708852818)
20251466395,2025-03167,01/30/2025,01-January,5-Thursday,18:32,1800 Hours,District 5 (Southeast),,WARREN,US 69,US 69 N,Collision with:  Animal,Unknown,Non-collision (single vehicle),Animal,None Indicated,Animal in roadway,,,,,,Paved,,Property Damage Only,0,0,0,0,0,0,5000,1,2,Northbound (NB),POINT (-93.563468030428 41.257106257019)
20251466563,CAP250000023,01/30/2025,01-January,5-Thursday,15:15,1500 Hours,District 6 (East Central),CAMANCHE,CLINTON,77,14TH PL,Collision with:  Parked motor vehicle,On Roadway,Rear to side,Driver Distraction:  Other interior distraction,None Indicated,None apparent,Daylight,Dry,Clear,None apparent,Non-intersection:  Driveway access (within),Paved,,Property Damage Only,0,0,0,0,0,0,2500,2,2,Southbound (SB),POINT (-90.258066651228 41.793205771727)
20251466322,25-000109,01/30/2025,01-January,5-Thursday,13:22,1300 Hours,District 1 (Central),,BOONE,US 30,US 30 E AND 500TH AVE,Collision with fixed object:  Ditch,On Roadway,Non-collision (single vehicle),Lost Control,None Indicated,None apparent,Daylight,Dry,Cloudy,None apparent,Non-intersection:  Non-junction/no special feature,Paved,,Property Damage Only,0,0,0,0,0,0,15000,1,1,Southbound (SB),POINT (-93.698738227881 42.014335427453)
20251466354,20250002547,01/30/2025,01-January,5-Thursday,17:01,1700 Hours,District 1 (Central),DES MOINES,POLK,77,42ND ST MEASURING 76 FEET NORTH FROM WOODLAND AVE,Collision with:  Vehicle in traffic,On Roadway,Rear-end (front to rear),Followed too close,None Indicated,None apparent,Dark - roadway lighted,Dry,Clear,None apparent,Intersection:  T-intersection,Paved,,Possible/Unknown,0,1,0,0,1,0,2000,2,2,Northbound (NB),POINT (-93.674364453975 41.588256239417)
20251466324,2025-000682,01/30/2025,01-January,5-Thursday,15:24,1500 Hours,District 6 (East Central),DUBUQUE,DUBUQUE,77,CHAVENELLE RD MEASURING 316 FEET EAST FROM SENERGY COURT,Collision with:  Vehicle in traffic,On Roadway,Rear-end (front to rear),Followed too close,None Indicated,None apparent,Daylight,Dry,Clear,None apparent,Non-intersection:  Non-junction/no special feature,Paved,,Property Damage Only,0,0,0,0,0,0,4000,2,2,Southbound (SB),POINT (-90.774609873715 42.48997894871)
20251466279,25-001019,01/30/2025,01-January,5-Thursday,08:59,0800 Hours,District 4 (Southwest),COUNCIL BLUFFS,POTTAWATTAMIE,77,VALLEY VIEW DR,Collision with:  Vehicle in traffic,On Roadway,Rear-end (front to rear),Followed too close,None Indicated,None apparent,Daylight,Dry,Clear,None apparent,Non-intersection:  Non-junction/no special feature,Paved,,Property Damage Only,0,0,0,0,0,0,4000,2,2,Northbound (NB),POINT (-95.803863061188 41.265988420671)