Iowa DOT Case Number,Law Enforcement Case Number,Date of Crash,Month of Crash,Day of Week,Time of Crash,Hour,DOT District,City Name,County Name,Route with System,Location Description,First Harmful Event,Location of First Harmful Event,Manner of Crash/Collision,Major Cause,Drug or Alcohol ,Environmental Conditions,Light Conditions,Surface Conditions,Weather Conditions,Roadway Contribution,Roadway Type,Roadway Surface,Work Zone,Crash Severity,Number of Fatalities,Number of Injuries,Number of Major Injuries,Number of Minor Injuries,Number of Possible Injuries,Number of Unknown Injuries,Amount of Property Damage,Number of Vehicles Involved,Total Number of Occupants,Travel Direction,Location
20251466343,CLP25000235,01/30/2025,01-January,5-Thursday,09:50,0900 Hours,District 6 (East Central),CLINTON,CLINTON,77,5TH AVE SOUTH AND SOUTH 9TH ST,Collision with:  Vehicle in traffic,On Roadway,Broadside (front to side),Ran Stop Sign,None Indicated,None apparent,Daylight,Dry,Clear,None apparent,Intersection:  Four-way intersection,Paved,,Possible/Unknown,0,1,0,0,1,0,4000,2,2,Northbound (NB),POINT (-90.207187036529 41.841078568345)
20251466381,SOP25000098,01/30/2025,01-January,5-Thursday,20:06,2000 Hours,District 6 (East Central),,CLINTON,77,252ND AVE MEASURING 481 FEET NORTH FROM 115TH ST,Collision with fixed object:  Ditch,Shoulder,Non-collision (single vehicle),Driving too fast for conditions,Under Influence of Alcohol/Drugs/Medications,None apparent,Dark - roadway not lighted,Wet,Clear,None apparent,Non-intersection:  Non-junction/no special feature,Paved,,Minor Injury,0,1,0,1,0,0,10000,1,1,Northbound (NB),POINT (-90.602629008876 42.012125699876)
20251466414,2025002581,01/30/2025,01-January,5-Thursday,18:56,1800 Hours,District 4 (Southwest),COUNCIL BLUFFS,POTTAWATTAMIE,I-29,"RAMP I 29 N TO NORTH 25TH ST, N",Collision with:  Vehicle in traffic,On Roadway,Rear-end (front to rear),Followed too close,Alcohol (Statutory),None apparent,Dark - roadway lighted,Dry,Clear,None apparent,Intersection:  Four-way intersection,Paved,,Property Damage Only,0,0,0,0,0,0,1500,2,3,Northbound (NB),POINT (-95.881851643764 41.274553527533)
20251466949,25-1009,01/30/2025,01-January,5-Thursday,16:49,1600 Hours,District 3 (Northwest),SPENCER,CLAY,US 18,US 18 E,Collision with:  Vehicle in traffic,On Roadway,Rear-end (front to rear),Followed too close,Refused,None apparent,Daylight,Dry,Clear,None apparent,Non-intersection:  Non-junction/no special feature,Paved,,Property Damage Only,0,0,0,0,0,0,11500,2,2,Southbound (SB),POINT (-95.144937494091 43.144773133265)
20251466431,25000753,01/30/2025,01-January,5-Thursday,15:10,1500 Hours,District 5 (Southeast),OSCEOLA,CLARKE,77,WARREN AVE,Collision with:  Vehicle in traffic,On Roadway,"Sideswipe, same direction",Other (explain in narrative):  Other,None Indicated,None apparent,Daylight,Wet,Rain,None apparent,Intersection:  T-intersection,Paved,,Property Damage Only,0,0,0,0,0,0,9000,2,3,Northbound (NB),POINT (-93.788713234312 41.027208075432)
20251466390,25-01132,01/30/2025,01-January,5-Thursday,17:56,1700 Hours,District 6 (East Central),,JONES,77,COUNTY RD X31,Collision with:  Animal,Unknown,Non-collision (single vehicle),Animal,None Indicated,Animal in roadway,,,,,,Paved,,Property Damage Only,0,0,0,0,0,0,1500,1,2,Northbound (NB),POINT (-91.315963405523 42.204250238835)
20251466373,202500340,01/30/2025,01-January,5-Thursday,20:31,2000 Hours,District 6 (East Central),ALBURNETT,LINN,77,ROOSEVELT ST,Collision with:  Railway vehicle/train,Other (explain in narrative),Broadside (front to side),FTYROW:  Other (explain in narrative),None Indicated,Other (explain in narrative),Dark - roadway lighted,Wet,Clear,Other (explain in narrative),Non-intersection:  Railroad grade crossing,Paved,,Property Damage Only,0,0,0,0,0,0,14000,2,3,Southbound (SB),POINT (-91.618700020287 42.149467999333)
20251467426,25-004125,01/30/2025,01-January,5-Thursday,14:25,1400 Hours,District 3 (Northwest),,BUENA VISTA,77,HWY 7 & 70TH AVE,Collision with:  Railway vehicle/train,On Roadway,Non-collision (single vehicle),FTYROW:  To pedestrian,None Indicated,None apparent,Daylight,Dry,Clear,None apparent,Non-intersection:  Railroad grade crossing,Unpaved,,Property Damage Only,0,0,0,0,0,0,92750,2,3,Northbound (NB),POINT (-95.269900791181 42.663949615668)
20251466350,25-0042,01/30/2025,01-January,5-Thursday,19:35,1900 Hours,District 1 (Central),,WEBSTER,IA-7,IA 7 E,Collision with:  Animal,Unknown,Non-collision (single vehicle),Animal,None Indicated,Animal in roadway,,,,,,Paved,,Property Damage Only,0,0,0,0,0,0,4000,1,1,Southbound (SB),POINT (-94.311952498927 42.51623757156)
20251466358,W25-007998,01/30/2025,01-January,5-Thursday,00:39,0000 Hours,District 2 (Northeast),WATERLOO,BLACK HAWK,77,1500 HAWTHORNE AVE,Collision with:  Parked motor vehicle,On Roadway,Rear-end (front to rear),Other (explain in narrative):  Other,Alcohol (Statutory),None apparent,Dark - roadway not lighted,Dry,Clear,None apparent,Non-intersection:  Non-junction/no special feature,Paved,,Property Damage Only,0,0,0,0,0,0,25000,2,1,Southbound (SB),POINT (-92.334099515312 42.481160779199)
20251466339,25-000706,01/30/2025,01-January,5-Thursday,18:24,1800 Hours,District 2 (Northeast),,ALLAMAKEE,IA-51,IA 51 N,Collision with:  Animal,Unknown,Non-collision (single vehicle),Animal,None Indicated,Animal in roadway,,,,,,Paved,,Property Damage Only,0,0,0,0,0,0,10000,1,2,Northbound (NB),POINT (-91.566620919325 43.192903366173)
20251466400,25001193,01/30/2025,01-January,5-Thursday,15:50,1500 Hours,District 4 (Southwest),ADEL,DALLAS,77,S 7TH ST/GREENE ST,Collision with:  Vehicle in traffic,On Roadway,Broadside (front to side),FTYROW:  From stop sign,None Indicated,None apparent,Daylight,Dry,Cloudy,None apparent,Intersection:  Four-way intersection,Paved,,Property Damage Only,0,0,0,0,0,0,1500,2,2,Northbound (NB),POINT (-94.016275099889 41.613808483085)
20251467555,25-000792,01/30/2025,01-January,5-Thursday,20:00,2000 Hours,District 1 (Central),,BENTON,IA-21,IA 21 N AND 77 ST MEASURING 507 FEET SOUTH FROM IA 21 N,Collision with fixed object:  Ditch,Shoulder,Non-collision (single vehicle),Lost Control,None Indicated,None apparent,Dark - roadway not lighted,Wet,Rain,"Surface condition (e.g., wet, icy)",Non-intersection:  Non-junction/no special feature,Paved,,Property Damage Only,0,0,0,0,0,0,8000,1,1,Northbound (NB),POINT (-92.296566001907 41.906605144956)
20251466355,20250002552,01/30/2025,01-January,5-Thursday,17:46,1700 Hours,District 1 (Central),DES MOINES,POLK,77,EAST 30TH ST AND US 6 E,Collision with:  Vehicle in traffic,On Roadway,"Sideswipe, same direction",Improper or erratic lane changing,None Indicated,None apparent,Dark - roadway lighted,Wet,Cloudy,None apparent,Intersection:  Four-way intersection,Paved,,Property Damage Only,0,0,0,0,0,0,6000,2,2,Northbound (NB),POINT (-93.556934872624 41.627679207071)
20251466566,2025-6709,01/30/2025,01-January,5-Thursday,07:53,0700 Hours,District 6 (East Central),DAVENPORT,SCOTT,77,NORTH CLARK ST AND WEST LOMBARD ST,Collision with:  Parked motor vehicle,Shoulder,"Sideswipe, opposite direction",Driver Distraction:  Other interior distraction,None Indicated,None apparent,Daylight,Dry,Clear,None apparent,Intersection:  Four-way intersection,Paved,,Property Damage Only,0,0,0,0,0,0,3500,2,2,Northbound (NB),POINT (-90.62258384773 41.541817304759)
20251466274,25PD-0179,01/30/2025,01-January,5-Thursday,07:23,0700 Hours,District 2 (Northeast),,HUMBOLDT,IA-3,IA 3 E,Collision with:  Animal,Unknown,Non-collision (single vehicle),Animal,None Indicated,Animal in roadway,,,,,,Paved,,Property Damage Only,0,0,0,0,0,0,4500,1,1,Southbound (SB),POINT (-94.193670179217 42.731645992628)
20251466447,25-00064,01/30/2025,01-January,5-Thursday,13:07,1300 Hours,District 1 (Central),WINDSOR HEIGHTS,POLK,I-235,RAMP I 235 E TO 63RD ST SB,Collision with:  Vehicle in traffic,On Roadway,Rear-end (front to rear),Followed too close,None Indicated,None apparent,Daylight,Dry,Clear,None apparent,Intersection:  Four-way intersection,Paved,,Property Damage Only,0,0,0,0,0,0,4000,2,3,Southbound (SB),POINT (-93.703914305277 41.592654788141)
20251466389,2025-6688,01/30/2025,01-January,5-Thursday,06:40,0600 Hours,District 6 (East Central),DAVENPORT,SCOTT,IA-461,IA 461 S,Collision with:  Vehicle in traffic,On Roadway,Broadside (front to side),FTYROW:  Making left turn,None Indicated,None apparent,Dark - roadway lighted,Dry,Clear,None apparent,Intersection:  Four-way intersection,Paved,,Possible/Unknown,0,1,0,0,1,0,35000,2,2,Eastbound (EB),POINT (-90.671227548499 41.509164936973)
20251466493,2025000844,01/30/2025,01-January,5-Thursday,15:56,1500 Hours,District 6 (East Central),IOWA CITY,JOHNSON,77,GILBERT ST/STEVENS DR,Collision with fixed object:  Utility pole/light support,On Roadway,Non-collision (single vehicle),Lost Control,Refused,None apparent,Daylight,Wet,Cloudy,None apparent,Intersection:  Four-way intersection,Paved,,Possible/Unknown,0,1,0,0,1,0,1500,1,1,Northbound (NB),POINT (-91.533528495225 41.642857530392)
20251466263,25-1497,01/30/2025,01-January,5-Thursday,07:59,0700 Hours,District 2 (Northeast),WAVERLY,BREMER,77,10TH AVE SW,Collision with:  Vehicle in traffic,On Roadway,Rear-end (front to rear),Followed too close,None Indicated,None apparent,Daylight,Dry,Clear,None apparent,Non-intersection:  Non-junction/no special feature,Paved,,Property Damage Only,0,0,0,0,0,0,11000,2,5,Westbound (WB),POINT (-92.499990730484 42.716260673356)
20251466509,2025002576,01/30/2025,01-January,5-Thursday,16:28,1600 Hours,District 1 (Central),,POLK,I-80,I 80 E 137 MM,Collision with:  Vehicle in traffic,On Roadway,Rear-end (front to rear),Followed too close,None Indicated,None apparent,Daylight,Dry,Cloudy,None apparent,Non-intersection:  Non-junction/no special feature,Paved,,Property Damage Only,0,0,0,0,0,0,4000,2,2,Southbound (SB),POINT (-93.606479375215 41.649469054172)
20251466410,2025-00126,01/30/2025,01-January,5-Thursday,17:23,1700 Hours,District 4 (Southwest),WAUKEE,DALLAS,77,SE LAUREL ST AND WARRIOR LANE,Collision with:  Vehicle in traffic,On Roadway,Broadside (front to side),Driver Distraction:  Other interior distraction,None Indicated,None apparent,Dusk,Dry,Cloudy,"Traffic backup, regular congestion",Intersection:  Four-way intersection,Paved,,Property Damage Only,0,0,0,0,0,0,20000,2,2,Northbound (NB),POINT (-93.872209091451 41.613568735871)
20251466626,25-000416,01/30/2025,01-January,5-Thursday,12:25,1200 Hours,District 1 (Central),ANKENY,POLK,US 69,S ANKENY BLVD & ORALABOR RD,Collision with:  Vehicle in traffic,On Roadway,Rear-end (front to rear),Other (explain in narrative):  No improper action,None Indicated,None apparent,Daylight,Dry,Clear,None apparent,Intersection:  Four-way intersection,Paved,,Property Damage Only,0,0,0,0,0,0,1500,2,2,Eastbound (EB),POINT (-93.600671049149 41.702875741192)
20251466436,2025002579,01/30/2025,01-January,5-Thursday,18:33,1800 Hours,District 6 (East Central),DAVENPORT,SCOTT,77,EAST 53RD ST/BRADY ST,Collision with:  Vehicle in traffic,On Roadway,Head-on (front to front),Operator inexperience,None Indicated,None apparent,Dark - roadway lighted,Wet,"Fog, smoke, smog",None apparent,Non-intersection:  Non-junction/no special feature,Paved,,Property Damage Only,0,0,0,0,0,0,3100,2,2,Southbound (SB),POINT (-90.57159828932 41.574507233479)
20251466287,20250002504,01/30/2025,01-January,5-Thursday,10:37,1000 Hours,District 1 (Central),DES MOINES,POLK,77,DEAN AVE AND EAST 16TH ST,Collision with:  Vehicle in traffic,On Roadway,Broadside (front to side),Made improper turn,None Indicated,None apparent,Daylight,Wet,Clear,None apparent,Intersection:  Four-way intersection,Paved,,Possible/Unknown,0,1,0,0,1,0,13000,2,2,Northbound (NB),POINT (-93.59150150487 41.591378561226)
20251466785,202501303,01/30/2025,01-January,5-Thursday,12:28,1200 Hours,District 6 (East Central),CEDAR RAPIDS,LINN,77,76TH AVE SW AND 6TH ST SW,Collision with:  Vehicle in traffic,On Roadway,Broadside (front to side),Ran Traffic Signal,None Indicated,None apparent,Daylight,Dry,Clear,None apparent,Intersection:  Four-way intersection,Paved,,Property Damage Only,0,0,0,0,0,0,13000,2,3,Southbound (SB),POINT (-91.676266932014 41.905236494935)
20251466334,FD25-0272,01/30/2025,01-January,5-Thursday,07:25,0700 Hours,District 1 (Central),FORT DODGE,WEBSTER,77,N 9TH ST AND 6TH AVE N,Collision with:  Vehicle in traffic,On Roadway,"Angle, oncoming left turn",Passing:  On wrong side,None Indicated,None apparent,Daylight,Dry,Clear,None apparent,Intersection:  Four-way intersection,Paved,,Property Damage Only,0,0,0,0,0,0,3500,2,3,Northbound (NB),POINT (-94.187677332904 42.511235060949)
20251466506,S25-000193,01/30/2025,01-January,5-Thursday,08:01,0800 Hours,District 4 (Southwest),,POTTAWATTAMIE,77,OLD LINCOLN HIGHWAY,Collision with:  Animal,Unknown,Non-collision (single vehicle),Animal,None Indicated,Animal in roadway,,,,,,Paved,,Property Damage Only,0,0,0,0,0,0,29000,1,1,Northbound (NB),POINT (-95.8427553627 41.31470386846)
20251466421,25-000761,01/30/2025,01-January,5-Thursday,20:14,2000 Hours,District 5 (Southeast),OSCEOLA,CLARKE,US 69,US 69 N,Collision with:  Vehicle in traffic,On Roadway,"Angle, oncoming left turn",FTYROW:  Making left turn,None Indicated,None apparent,Dark - roadway lighted,Wet,Rain,None apparent,Intersection:  Four-way intersection,Paved,,Property Damage Only,0,0,0,0,0,0,5000,2,3,Northbound (NB),POINT (-93.765664886878 41.030669463596)
20251466376,20250002507,01/30/2025,01-January,5-Thursday,05:48,0500 Hours,District 1 (Central),DES MOINES,POLK,77,3410 3RD STREET,Collision with fixed object:  Fence,Outside trafficway,Non-collision (single vehicle),"Operating vehicle in an reckless, erratic, careless, negligent manner",None Indicated,None apparent,Dark - roadway not lighted,Dry,Clear,None apparent,Non-intersection:  Alley,Paved,,Possible/Unknown,0,1,0,0,0,1,2500,1,1,Northbound (NB),POINT (-93.621502850332 41.624501976306)
20251466538,202501373,01/31/2025,01-January,6-Friday,16:25,1600 Hours,District 6 (East Central),CEDAR RAPIDS,LINN,I-380,RAMP IA 100 E TO I 380 S,Collision with:  Vehicle in traffic,Median,Broadside (front to side),Unknown,None Indicated,None apparent,Dusk,Dry,Clear,None apparent,Intersection:  Four-way intersection,Paved,,Property Damage Only,0,0,0,0,0,0,2200,2,2,Eastbound (EB),POINT (-91.673594329059 42.027783581071)
20251466504,2025-4449,01/31/2025,01-January,6-Friday,21:08,2100 Hours,District 6 (East Central),,SCOTT,77,118 AVE,Collision with:  Vehicle in traffic,On Roadway,"Angle, oncoming left turn",FTYROW:  Making left turn,None Indicated,None apparent,Dark - roadway lighted,Dry,Clear,None apparent,Intersection:  Four-way intersection,Paved,,Major Injury,0,3,1,2,0,0,17000,3,4,Northbound (NB),POINT (-90.678571305592 41.509196395188)
20251466805,25000751,01/31/2025,01-January,6-Friday,22:14,2200 Hours,District 1 (Central),,HAMILTON,US 20,US 20 E,Collision with:  Animal,Unknown,Non-collision (single vehicle),Animal,None Indicated,Animal in roadway,,,,,,Paved,,Property Damage Only,0,0,0,0,0,0,2000,1,1,Southbound (SB),POINT (-93.508729056538 42.447950892146)
20251466435,20250002604,01/31/2025,01-January,6-Friday,11:05,1100 Hours,District 1 (Central),DES MOINES,POLK,US 69,US 69 N MEASURING 235 FEET SOUTH FROM EAST PARK AVE,Collision with:  Vehicle in traffic,On Roadway,Broadside (front to side),FTYROW:  Making left turn,None Indicated,None apparent,Daylight,Dry,Clear,None apparent,Intersection:  Four-way intersection,Paved,,Property Damage Only,0,0,0,0,0,0,3000,2,3,Northbound (NB),POINT (-93.596742910448 41.554691845251)
20251466770,2025-00131,01/31/2025,01-January,6-Friday,10:10,1000 Hours,District 4 (Southwest),WAUKEE,DALLAS,US 6,US 6 W,Collision with:  Vehicle in traffic,On Roadway,Rear-end (front to rear),Followed too close,None Indicated,None apparent,Daylight,Dry,Clear,None apparent,Non-intersection:  Non-junction/no special feature,Paved,,Property Damage Only,0,0,0,0,0,0,3500,2,2,Westbound (WB),POINT (-93.851681090615 41.615073730237)
20251466680,MC2500343,01/31/2025,01-January,6-Friday,18:02,1800 Hours,District 2 (Northeast),MASON CITY,CERRO GORDO,US 65,US 65 S,Collision with:  Vehicle in traffic,On Roadway,"Sideswipe, same direction",Improper or erratic lane changing,None Indicated,None apparent,Dark - roadway lighted,Dry,Clear,None apparent,Intersection:  Four-way intersection,Paved,,Property Damage Only,0,0,0,0,0,0,4500,2,2,Eastbound (EB),POINT (-93.202657744522 43.150232409796)
20251466688,2025-7188,01/31/2025,01-January,6-Friday,22:23,2200 Hours,District 6 (East Central),DAVENPORT,SCOTT,77,WEST CENTRAL PARK AVE AND MARQUETTE ST,Collision with:  Vehicle in traffic,On Roadway,Broadside (front to side),Ran Traffic Signal,None Indicated,None apparent,Dark - roadway not lighted,Dry,Clear,None apparent,Intersection:  Four-way intersection,Paved,,Property Damage Only,0,0,0,0,0,0,13500,2,3,Northbound (NB),POINT (-90.591231255518 41.545487557618)
20251466486,25-001194,01/31/2025,01-January,6-Friday,18:15,1800 Hours,District 2 (Northeast),,CHICKASAW,77,ROANOKE,Collision with:  Animal,On Roadway,Non-collision (single vehicle),Animal,None Indicated,Animal in roadway,,,,,,Paved,,Property Damage Only,0,0,0,0,0,0,8000,1,1,Northbound (NB),POINT (-92.190711485181 42.985911400816)
20251467165,2025002661,01/31/2025,01-January,6-Friday,11:36,1100 Hours,District 6 (East Central),,JONES,IA-38,80TH ST AND IA 38 N,Collision with:  Vehicle in traffic,On Roadway,"Sideswipe, same direction",Passing:  Other passing (explain in narrative),None Indicated,None apparent,Daylight,Dry,Clear,None apparent,Non-intersection:  Non-junction/no special feature,Paved,,Property Damage Only,0,0,0,0,0,0,18000,2,2,Northbound (NB),POINT (-91.137036692347 42.048426427815)
20251466456,25-001074,01/31/2025,01-January,6-Friday,13:45,1300 Hours,District 4 (Southwest),COUNCIL BLUFFS,POTTAWATTAMIE,77,WEST BROADWAY AND 17TH ST,Collision with:  Vehicle in traffic,On Roadway,Rear-end (front to rear),Other (explain in narrative):  Other,None Indicated,None apparent,Daylight,Dry,Clear,None apparent,Intersection:  Four-way intersection,Paved,,Minor Injury,0,1,0,1,0,0,12000,3,6,Northbound (NB),POINT (-95.869104980175 41.261821980302)
20251466510,2025002671,01/31/2025,01-January,6-Friday,14:57,1400 Hours,District 1 (Central),,POLK,I-80,RAMP US 69 N TO I 80 E(137MM),Collision with:  Vehicle in traffic,On Roadway,Rear-end (front to rear),Followed too close,None Indicated,None apparent,Daylight,Dry,Clear,"Traffic backup, regular congestion",Interchange-related:  On-ramp merge area,Paved,,Possible/Unknown,0,1,0,0,1,0,15000,2,6,Southbound (SB),POINT (-93.592279222225 41.650173603288)
20251466491,20250002625,01/31/2025,01-January,6-Friday,15:19,1500 Hours,District 1 (Central),DES MOINES,POLK,77,BEAVER AVE AND 41ST ST,Collision with:  Vehicle in traffic,On Roadway,Head-on (front to front),Ran Stop Sign,None Indicated,None apparent,Daylight,Dry,Clear,None apparent,Intersection:  Y-intersection,Paved,,Possible/Unknown,0,1,0,0,1,0,3000,2,2,Northbound (NB),POINT (-93.673003711135 41.610872342337)
20251467569,250291,01/31/2025,01-January,6-Friday,23:30,2300 Hours,District 2 (Northeast),HAMPTON,FRANKLIN,77,1ST ST NE,Collision with:  Parked motor vehicle,On Roadway,Rear-end (front to rear),Other (explain in narrative):  Other,None Indicated,None apparent,Dark - roadway lighted,Dry,Clear,None apparent,Non-intersection:  Non-junction/no special feature,Paved,,Property Damage Only,0,0,0,0,0,0,8000,2,1,Northbound (NB),POINT (-93.206067275031 42.750523079164)
20251466524,P25-01761,01/31/2025,01-January,6-Friday,22:54,2200 Hours,District 5 (Southeast),BURLINGTON,DES MOINES,77,DENMARK ST,Collision with:  Parked motor vehicle,On Roadway,Rear to rear,Driver Distraction:  Other interior distraction,None Indicated,None apparent,Dark - roadway not lighted,Ice/frost,Clear,"Surface condition (e.g., wet, icy)",Non-intersection:  Non-junction/no special feature,Paved,,Property Damage Only,0,0,0,0,0,0,3500,2,1,Southbound (SB),POINT (-91.101434855043 40.791787048156)
20251466840,202501397,01/31/2025,01-January,6-Friday,20:13,2000 Hours,District 6 (East Central),CEDAR RAPIDS,LINN,77,2800 WILEY BLVD SW,Collision with:  Vehicle in traffic,On Roadway,Head-on (front to front),FTYROW:  Making left turn,None Indicated,None apparent,Dark - roadway lighted,Dry,Clear,None apparent,Non-intersection:  Non-junction/no special feature,Paved,,Possible/Unknown,0,1,0,0,1,0,3000,2,4,Eastbound (EB),POINT (-91.723770250277 41.951185306116)
20251466889,25000982,01/31/2025,01-January,6-Friday,20:08,2000 Hours,District 5 (Southeast),,APPANOOSE,IA-2,IA 2 E,Collision with:  Animal,Unknown,Non-collision (single vehicle),Animal,None Indicated,Animal in roadway,,,,,,Paved,,Property Damage Only,0,0,0,0,0,0,5500,1,2,Southbound (SB),POINT (-93.092036630356 40.746519358669)
20251466572,2025-7153,01/31/2025,01-January,6-Friday,19:19,1900 Hours,District 6 (East Central),DAVENPORT,SCOTT,77,NORTH ELSIE AVE,Collision with:  Parked motor vehicle,On Roadway,Rear-end (front to rear),"Operating vehicle in an reckless, erratic, careless, negligent manner",None Indicated,None apparent,Dark - roadway lighted,Dry,Clear,None apparent,Non-intersection:  Non-junction/no special feature,Paved,,Property Damage Only,0,0,0,0,0,0,3000,2,2,Northbound (NB),POINT (-90.623572365546 41.548538538365)
20251466428,25-765,01/31/2025,01-January,6-Friday,08:13,0800 Hours,District 1 (Central),GRIMES,POLK,IA-44,IA 44 W,Collision with:  Vehicle in traffic,On Roadway,Rear-end (front to rear),Followed too close,None Indicated,None apparent,Daylight,Dry,Cloudy,None apparent,Intersection:  Four-way intersection,Paved,,Property Damage Only,0,0,0,0,0,0,9000,2,3,Westbound (WB),POINT (-93.774303287873 41.688479540468)
20251466451,25-0039,01/31/2025,01-January,6-Friday,06:38,0600 Hours,District 1 (Central),POLK CITY,POLK,77,SOUTH 3RD ST AND WEST  BRIDGE RD,Collision with:  Vehicle in traffic,On Roadway,Broadside (front to side),Made improper turn,None Indicated,None apparent,Dark - roadway lighted,Wet,Cloudy,None apparent,Non-intersection:  Non-junction/no special feature,Paved,,Possible/Unknown,0,1,0,0,1,0,13000,2,2,Northbound (NB),POINT (-93.717084588303 41.764374642518)
20251466588,25-0112,01/31/2025,01-January,6-Friday,16:21,1600 Hours,District 1 (Central),PLEASANT HILL,POLK,77,MAPLE DR,Collision with:  Vehicle in traffic,On Roadway,"Angle, oncoming left turn",FTYROW:  From driveway,None Indicated,None apparent,Daylight,Dry,Clear,None apparent,"Non-intersection:  Driveway access (related, not in)",Paved,,Property Damage Only,0,0,0,0,0,0,8500,2,2,Westbound (WB),POINT (-93.51789806093 41.598074788698)
20251466550,25-001298,01/31/2025,01-January,6-Friday,20:10,2000 Hours,District 1 (Central),IOWA FALLS,HARDIN,US 65,US 65 N,Collision with:  Animal,On Roadway,Non-collision (single vehicle),Animal,None Indicated,None apparent,Dark - roadway lighted,Dry,Clear,None apparent,Non-intersection:  Non-junction/no special feature,Paved,,Property Damage Only,0,0,0,0,0,0,2000,1,2,Northbound (NB),POINT (-93.262374218723 42.509551369822)
20251466457,202500001234,01/31/2025,01-January,6-Friday,15:45,1500 Hours,District 6 (East Central),MARION,LINN,77,MARION BLVD/7TH AVE,Collision with:  Vehicle in traffic,On Roadway,Rear-end (front to rear),Followed too close,None Indicated,None apparent,Daylight,Dry,Clear,None apparent,Intersection:  T-intersection,Paved,,Property Damage Only,0,0,0,0,0,0,4500,2,2,Northbound (NB),POINT (-91.609487777285 42.032770790595)
20251466507,2025-000721,01/31/2025,01-January,6-Friday,22:12,2200 Hours,District 6 (East Central),DUBUQUE,DUBUQUE,77,LINCOLN AVE MEASURING 180 FEET NORTH FROM ANN ST,Collision with:  Parked motor vehicle,On Roadway,"Sideswipe, same direction",Lost Control,None Indicated,None apparent,Dark - roadway not lighted,Dry,Clear,None apparent,Non-intersection:  Non-junction/no special feature,Paved,,Possible/Unknown,0,1,0,0,0,1,10300,2,3,Northbound (NB),POINT (-90.659544197356 42.522157726512)
20251466377,20250002585,01/31/2025,01-January,6-Friday,02:30,0200 Hours,District 1 (Central),DES MOINES,POLK,77,EAST 9TH ST,Collision with:  Parked motor vehicle,On Roadway,Rear-end (front to rear),Unknown,None Indicated,None apparent,Dark - roadway lighted,Wet,Rain,None apparent,Non-intersection:  Non-junction/no special feature,Paved,,Property Damage Only,0,0,0,0,0,0,1500,2,1,Northbound (NB),POINT (-93.606530308793 41.619042521136)
20251466737,25003144,01/31/2025,01-January,6-Friday,20:55,2000 Hours,District 1 (Central),,JASPER,I-80,I 80 E,Collision with:  Vehicle in traffic,On Roadway,"Sideswipe, same direction",Ran off road - left,None Indicated,None apparent,Dark - roadway not lighted,Dry,Clear,None apparent,Non-intersection:  Non-junction/no special feature,Paved,,Property Damage Only,0,0,0,0,0,0,10000,2,2,Southbound (SB),POINT (-92.854324252124 41.694787637665)
20251467534,25-000857,01/31/2025,01-January,6-Friday,07:21,0700 Hours,District 3 (Northwest),,PALO ALTO,US 18,5200 370 ST,Collision with:  Animal,Unknown,Non-collision (single vehicle),Animal,None Indicated,Animal in roadway,,,,,,Paved,,Property Damage Only,0,0,0,0,0,0,1500,1,1,Southbound (SB),POINT (-94.558156620997 43.111958899598)
20251466731,2025-000336,01/31/2025,01-January,6-Friday,05:46,0500 Hours,District 6 (East Central),,DUBUQUE,77,PERU RD,Collision with:  Animal,On Roadway,Non-collision (single vehicle),Animal,None Indicated,Animal in roadway,,,,,,Paved,,Property Damage Only,0,0,0,0,0,0,3500,1,1,Southbound (SB),POINT (-90.681635884827 42.551873835213)
20251466388,2025-000695,01/31/2025,01-January,6-Friday,03:51,0300 Hours,District 6 (East Central),DUBUQUE,DUBUQUE,77,EAST 24TH ST AND CENTRAL AVE,Collision with:  Non-motorist (see non-motorist section - NOT a unit),On Roadway,Non-collision (single vehicle),Other (explain in narrative):  Other,None Indicated,None apparent,Dark - roadway lighted,Wet,Cloudy,None apparent,Intersection:  T-intersection,Paved,,Minor Injury,0,1,0,1,0,0,100,1,1,Northbound (NB),POINT (-90.672823948184 42.515980592676)
20251466465,2025-000714,01/31/2025,01-January,6-Friday,16:17,1600 Hours,District 6 (East Central),DUBUQUE,DUBUQUE,77,CARTER RD MEASURING 124 FEET NORTH FROM VALLEY VIEW RD,Collision with:  Parked motor vehicle,On Roadway,Rear-end (front to rear),Driver Distraction:  Other interior distraction,None Indicated,None apparent,Dusk,Dry,Clear,None apparent,Non-intersection:  Non-junction/no special feature,Paved,,Property Damage Only,0,0,0,0,0,0,10000,3,1,Northbound (NB),POINT (-90.713897079829 42.507901552122)
20251466687,P25-01763,01/31/2025,01-January,6-Friday,23:47,2300 Hours,District 5 (Southeast),BURLINGTON,DES MOINES,77,DEHN ST AND MOUNT PLEASANT ST,Collision with:  Vehicle in traffic,On Roadway,Rear-end (front to rear),Unknown,None Indicated,None apparent,Dark - roadway lighted,Wet,Clear,None apparent,Non-intersection:  Non-junction/no special feature,Paved,,Possible/Unknown,0,1,0,0,0,1,3000,2,5,Southbound (SB),POINT (-91.131909731238 40.824226379932)
20251466427,25-764,01/31/2025,01-January,6-Friday,07:52,0700 Hours,District 1 (Central),,POLK,77,NE 62ND AVE/ NE BERWICK DR,Collision with:  Animal,On Roadway,Non-collision (single vehicle),Animal,None Indicated,Animal in roadway,,,,,,Paved,,Property Damage Only,0,0,0,0,0,0,3000,1,1,Southbound (SB),POINT (-93.548015491185 41.673055155535)