Iowa DOT Case Number,Law Enforcement Case Number,Date of Crash,Month of Crash,Day of Week,Time of Crash,Hour,DOT District,City Name,County Name,Route with System,Location Description,First Harmful Event,Location of First Harmful Event,Manner of Crash/Collision,Major Cause,Drug or Alcohol ,Environmental Conditions,Light Conditions,Surface Conditions,Weather Conditions,Roadway Contribution,Roadway Type,Roadway Surface,Work Zone,Crash Severity,Number of Fatalities,Number of Injuries,Number of Major Injuries,Number of Minor Injuries,Number of Possible Injuries,Number of Unknown Injuries,Amount of Property Damage,Number of Vehicles Involved,Total Number of Occupants,Travel Direction,Location
20251466521,2025-2328,01/31/2025,01-January,6-Friday,06:56,0600 Hours,District 6 (East Central),BETTENDORF,SCOTT,77,53RD AVE AND MIDDLE RD,Collision with:  Vehicle in traffic,On Roadway,Broadside (front to side),FTYROW:  From yield sign,None Indicated,Weather conditions,Dawn,Wet,Rain,"Surface condition (e.g., wet, icy)",Intersection:  Roundabout,Paved,,Property Damage Only,0,0,0,0,0,0,6000,2,2,Westbound (WB),POINT (-90.464115572549 41.575589904802)
20251466449,25-000719,01/31/2025,01-January,6-Friday,12:36,1200 Hours,District 2 (Northeast),OELWEIN,FAYETTE,IA-150,2ND ST SE AND IA 150 N,Collision with:  Vehicle in traffic,On Roadway,"Sideswipe, same direction",Driver Distraction:  Other interior distraction,None Indicated,None apparent,Daylight,Dry,Clear,None apparent,Non-intersection:  Non-junction/no special feature,Paved,,Property Damage Only,0,0,0,0,0,0,6000,2,3,Northbound (NB),POINT (-91.912010147447 42.675460284796)
20251466703,25SC02768,01/31/2025,01-January,6-Friday,13:07,1300 Hours,District 3 (Northwest),SIOUX CITY,WOODBURY,77,SOUTH LAKEPORT ST AND SERGEANT RD,Collision with:  Vehicle in traffic,On Roadway,"Sideswipe, same direction",Improper or erratic lane changing,None Indicated,None apparent,Daylight,Dry,Clear,None apparent,Intersection:  Four-way intersection,Paved,,Property Damage Only,0,0,0,0,0,0,8000,2,3,Northbound (NB),POINT (-96.346400091044 42.44723043633)
20251466679,MC2500342,01/31/2025,01-January,6-Friday,16:42,1600 Hours,District 2 (Northeast),MASON CITY,CERRO GORDO,77,WILLOWBROOK DR,Collision with fixed object:  Utility pole/light support,Roadside,Non-collision (single vehicle),Lost Control,Drug,None apparent,Daylight,Dry,Clear,None apparent,Non-intersection:  Non-junction/no special feature,Paved,,Property Damage Only,0,0,0,0,0,0,3500,1,1,Northbound (NB),POINT (-93.227301828685 43.149564772249)
20251466564,CFS2506622,01/31/2025,01-January,6-Friday,20:30,2000 Hours,District 6 (East Central),,CLINTON,77,210TH ST MEASURING 4121 FEET EAST FROM 420TH AVE,Collision with:  Animal,On Roadway,Non-collision (single vehicle),Animal,None Indicated,Animal in roadway,,,,,,Unpaved,,Property Damage Only,0,0,0,0,0,0,5000,1,1,Southbound (SB),POINT (-90.261879804674 41.873709392017)
20251466811,SO2400421,01/31/2025,01-January,6-Friday,16:51,1600 Hours,District 5 (Southeast),,JEFFERSON,77,PLEASANT PLAIN RD,Collision with:  Vehicle in traffic,On Roadway,Rear-end (front to rear),Followed too close,None Indicated,Animal in roadway,Daylight,Dry,Clear,None apparent,Non-intersection:  Non-junction/no special feature,Paved,,Property Damage Only,0,0,0,0,0,0,3000,2,2,Northbound (NB),POINT (-91.911795723182 41.07325909966)
20251466454,25000774,01/31/2025,01-January,6-Friday,10:45,1000 Hours,District 5 (Southeast),OSCEOLA,CLARKE,I-35,I 35 S,Collision with:  Parked motor vehicle,On Roadway,"Sideswipe, opposite direction",Other (explain in narrative):  Other,None Indicated,None apparent,Daylight,Wet,Cloudy,Disabled vehicle,Non-intersection:  Non-junction/no special feature,Paved,,Property Damage Only,0,0,0,0,0,0,3100,2,3,Eastbound (EB),POINT (-93.78972401867 41.043109395117)
20251466562,25-1076,01/31/2025,01-January,6-Friday,20:00,2000 Hours,District 3 (Northwest),SPENCER,CLAY,77,EAST 8TH ST MEASURING 110 FEET EAST FROM 7TH AVE EAST,Collision with:  Parked motor vehicle,On Roadway,"Sideswipe, same direction",Unknown,None Indicated,None apparent,Dark - roadway not lighted,Dry,Clear,None apparent,Non-intersection:  Non-junction/no special feature,Paved,,Property Damage Only,0,0,0,0,0,0,4500,2,1,Southbound (SB),POINT (-95.134924863849 43.146104042909)
20251466471,P25-01728,01/31/2025,01-January,6-Friday,12:31,1200 Hours,District 5 (Southeast),BURLINGTON,DES MOINES,77,CENTRAL AVE AND WASHINGTON ST,Collision with:  Vehicle in traffic,On Roadway,"Angle, oncoming left turn",FTYROW:  Making left turn,None Indicated,None apparent,Daylight,Wet,Rain,None apparent,Intersection:  Four-way intersection,Paved,,Property Damage Only,0,0,0,0,0,0,20000,2,4,Southbound (SB),POINT (-91.111301103013 40.812504871165)
20251467250,2025-2329,01/31/2025,01-January,6-Friday,07:17,0700 Hours,District 6 (East Central),BETTENDORF,SCOTT,77,DEER TRAIL RD AND DEERBROOK DR,Collision with:  Vehicle in traffic,On Roadway,Broadside (front to side),FTYROW:  From stop sign,None Indicated,Weather conditions,Daylight,Wet,Rain,"Surface condition (e.g., wet, icy)",Intersection:  Four-way intersection,Paved,,Possible/Unknown,0,2,0,0,2,0,20000,2,2,Northbound (NB),POINT (-90.480136810046 41.538638244797)
20251466862,25-000980,01/31/2025,01-January,6-Friday,15:39,1500 Hours,District 4 (Southwest),,HARRISON,77,OVERTON AVE,Collision with:  Vehicle in traffic,On Roadway,Rear-end (front to rear),Followed too close,None Indicated,None apparent,Daylight,Dry,Clear,None apparent,Non-intersection:  Non-junction/no special feature,Paved,,Property Damage Only,0,0,0,0,0,0,8000,2,3,Northbound (NB),POINT (-95.780281834026 41.643172977787)
20251466441,2025-000707,01/31/2025,01-January,6-Friday,12:56,1200 Hours,District 6 (East Central),DUBUQUE,DUBUQUE,77,BLUFF ST AND WEST 3RD ST,Collision with:  Vehicle in traffic,On Roadway,Broadside (front to side),FTYROW:  Making left turn,None Indicated,None apparent,Daylight,Dry,Clear,None apparent,Non-intersection:  Non-junction/no special feature,Paved,,Property Damage Only,0,0,0,0,0,0,3000,2,2,Eastbound (EB),POINT (-90.667171349564 42.496144198329)
20251466405,2025-000698,01/31/2025,01-January,6-Friday,08:21,0800 Hours,District 6 (East Central),DUBUQUE,DUBUQUE,77,ROSEDALE AVE AND GRANDVIEW AVE NORTH,Collision with:  Vehicle in traffic,On Roadway,Rear-end (front to rear),Lost Control,None Indicated,None apparent,Daylight,Wet,Clear,"Surface condition (e.g., wet, icy)",Intersection:  Other intersection (explain in narrative),Paved,,Possible/Unknown,0,1,0,0,1,0,7000,2,4,Southbound (SB),POINT (-90.694958441276 42.503937928429)
20251467287,25000340,01/31/2025,01-January,6-Friday,20:25,2000 Hours,District 1 (Central),AMES,STORY,77,BEEDLE DR,Collision with:  Vehicle in traffic,On Roadway,"Angle, oncoming left turn",Ran Traffic Signal,None Indicated,None apparent,Dark - roadway lighted,Dry,Clear,None apparent,Intersection:  Four-way intersection,Paved,,Possible/Unknown,0,1,0,0,1,0,11000,2,3,Northbound (NB),POINT (-93.673249127278 42.022935924937)
20251466439,25-001057,01/31/2025,01-January,6-Friday,09:40,0900 Hours,District 4 (Southwest),COUNCIL BLUFFS,POTTAWATTAMIE,I-29,"RAMP I 29 S TO RIVER RD, S AND I 29 S",Collision with:  Vehicle in traffic,On Roadway,"Sideswipe, same direction",Improper or erratic lane changing,None Indicated,None apparent,Daylight,Dry,Clear,None apparent,Non-intersection:  Non-junction/no special feature,Paved,,Property Damage Only,0,0,0,0,0,0,12000,2,2,Eastbound (EB),POINT (-95.906929659124 41.248110456918)
20251467713,25-001287,01/31/2025,01-January,6-Friday,14:50,1400 Hours,District 1 (Central),IOWA FALLS,HARDIN,77,TAYLOR AVE,Collision with:  Parked motor vehicle,Outside trafficway,Other (explain in narrative),Other (explain in narrative):  Other,None Indicated,None apparent,Daylight,Dry,Clear,None apparent,Non-intersection:  Non-junction/no special feature,Paved,,Property Damage Only,0,0,0,0,0,0,1600,2,1,Northbound (NB),POINT (-93.272038948523 42.534790205797)
20251466772,2025-00135,01/31/2025,01-January,6-Friday,15:05,1500 Hours,District 4 (Southwest),WAUKEE,DALLAS,77,SE LA GRANT PARKWAY,Collision with:  Vehicle in traffic,On Roadway,"Sideswipe, same direction",FTYROW:  Other (explain in narrative),None Indicated,None apparent,Daylight,Dry,Cloudy,None apparent,Non-intersection:  Other non-intersection (explain in narrative),Paved,,Property Damage Only,0,0,0,0,0,0,8000,2,3,Northbound (NB),POINT (-93.866264144207 41.585466270713)
20251467568,250289,01/31/2025,01-January,6-Friday,18:37,1800 Hours,District 2 (Northeast),HAMPTON,FRANKLIN,77,1ST AVE NW,Collision with:  Vehicle in traffic,On Roadway,Other (explain in narrative),Other (explain in narrative):  Other,None Indicated,None apparent,Dark - roadway lighted,Dry,Clear,None apparent,Non-intersection:  Non-junction/no special feature,Paved,,Property Damage Only,0,0,0,0,0,0,1750,2,2,Southbound (SB),POINT (-93.211087315061 42.742697175135)
20251466565,CL2500088,01/31/2025,01-January,6-Friday,13:16,1300 Hours,District 2 (Northeast),CLEAR LAKE,CERRO GORDO,77,317 MAIN AVE,Collision with:  Vehicle in traffic,On Roadway,Rear to rear,Improper Backing,None Indicated,None apparent,Daylight,Dry,Clear,None apparent,Non-intersection:  Non-junction/no special feature,Paved,,Property Damage Only,0,0,0,0,0,0,2000,2,5,Southbound (SB),POINT (-93.38122233423 43.136395594712)
20251466807,25001369,01/31/2025,01-January,6-Friday,16:58,1600 Hours,District 4 (Southwest),,MILLS,US 275,US 275 N,Collision with:  Vehicle in traffic,On Roadway,Broadside (front to side),Swerving/Evasive Action,None Indicated,None apparent,Daylight,Dry,Clear,None apparent,Intersection:  Four-way intersection,Paved,,Possible/Unknown,0,2,0,0,2,0,20000,2,3,Northbound (NB),POINT (-95.671037182318 41.030535086573)
20251466495,25-000438,01/31/2025,01-January,6-Friday,15:27,1500 Hours,District 1 (Central),ANKENY,POLK,77,E 1ST ST AND SE DELAWARE AVE,Collision with:  Vehicle in traffic,On Roadway,Rear-end (front to rear),Followed too close,None Indicated,None apparent,Daylight,Dry,Clear,None apparent,Intersection:  Four-way intersection,Paved,,Possible/Unknown,0,1,0,0,1,0,500,2,4,Southbound (SB),POINT (-93.580992463806 41.731835530256)
20251466537,202501349,01/31/2025,01-January,6-Friday,12:18,1200 Hours,District 6 (East Central),CEDAR RAPIDS,LINN,77,7TH ST SE AND 5TH AVE SE,Collision with:  Vehicle in traffic,On Roadway,Broadside (front to side),FTYROW:  From stop sign,None Indicated,None apparent,Daylight,Dry,Clear,None apparent,Intersection:  Four-way intersection,Paved,,Property Damage Only,0,0,0,0,0,0,18000,2,2,Eastbound (EB),POINT (-91.659650888527 41.978482656416)
20251466508,2025-000722,01/31/2025,01-January,6-Friday,22:30,2200 Hours,District 6 (East Central),DUBUQUE,DUBUQUE,77,KAUFMANN AVE MEASURING 88 FEET NORTH FROM GRANDVIEW AVE NORTH,Collision with fixed object:  Curb/island/raised median,On Roadway,Non-collision (single vehicle),Driver Distraction:  Other interior distraction,None Indicated,None apparent,Dark - roadway lighted,Dry,Clear,None apparent,Non-intersection:  Non-junction/no special feature,Paved,,Property Damage Only,0,0,0,0,0,0,2250,1,2,Southbound (SB),POINT (-90.694049081206 42.516752062218)
20251466472,S24-00717,01/31/2025,01-January,6-Friday,14:49,1400 Hours,District 1 (Central),,BOONE,77,222ND DR,Collision with:  Vehicle in traffic,On Roadway,Broadside (front to side),FTYROW:  Other (explain in narrative),None Indicated,None apparent,Daylight,Dry,Clear,None apparent,Non-intersection:  Crossover-related,Unpaved,,Possible/Unknown,0,1,0,0,1,0,9000,2,2,Southbound (SB),POINT (-93.973843724518 42.031532876952)
20251467793,25-000683,01/31/2025,01-January,6-Friday,15:30,1500 Hours,District 3 (Northwest),,POCAHONTAS,77,210TH AVE,Collision with fixed object:  Ditch,Outside trafficway,Non-collision (single vehicle),Driver Distraction:  Reaching for object(s)/fallen object(s),None Indicated,None apparent,Daylight,Gravel,Clear,None apparent,Non-intersection:  Non-junction/no special feature,Unpaved,,Property Damage Only,0,0,0,0,0,0,1500,1,1,Northbound (NB),POINT (-94.698485907348 42.750611627287)
20251466518,2506460,01/31/2025,01-January,6-Friday,18:12,1800 Hours,District 6 (East Central),,CLINTON,IA-136,IA 136 N MEASURING 1105 FEET WEST FROM 235TH AVE,Collision with:  Animal,On Roadway,Other (explain in narrative),Animal,None Indicated,Animal in roadway,Dark - roadway not lighted,Dry,Clear,None apparent,Non-intersection:  Non-junction/no special feature,Paved,,Property Damage Only,0,0,0,0,0,0,6000,2,4,Northbound (NB),POINT (-90.640039596819 42.003652358152)
20251466484,25-00142,01/31/2025,01-January,6-Friday,14:46,1400 Hours,District 1 (Central),CLIVE,POLK,77,1900 NW 92ND COURT,Collision with:  Vehicle in traffic,On Roadway,"Sideswipe, same direction",Passing:  Other passing (explain in narrative),None Indicated,None apparent,Daylight,Dry,Clear,None apparent,Non-intersection:  Non-junction/no special feature,Paved,,Property Damage Only,0,0,0,0,0,0,3000,2,3,Northbound (NB),POINT (-93.743588797754 41.610059145727)
20251468490,202501394,01/31/2025,01-January,6-Friday,19:25,1900 Hours,District 6 (East Central),CEDAR RAPIDS,LINN,77,ELLIS RD NW,Collision with fixed object:  Ground,On Roadway,Other (explain in narrative),Driving too fast for conditions,Refused,None apparent,Dark - roadway lighted,Dry,Clear,None apparent,Non-intersection:  Non-junction/no special feature,Paved,,Minor Injury,0,1,0,1,0,0,3000,2,2,Southbound (SB),POINT (-91.685955753731 41.997673299297)
20251467087,25-000436,01/31/2025,01-January,6-Friday,14:50,1400 Hours,District 1 (Central),ANKENY,POLK,77,WEST 1ST ST AND NW ABILENE RD,Collision with:  Vehicle in traffic,On Roadway,Broadside (front to side),FTYROW:  From stop sign,None Indicated,None apparent,Daylight,Dry,Clear,None apparent,Intersection:  T-intersection,Paved,,Possible/Unknown,0,3,0,0,3,0,20000,2,3,Southbound (SB),POINT (-93.625169746373 41.731837849249)
20251466442,20250002609,01/31/2025,01-January,6-Friday,11:57,1100 Hours,District 1 (Central),DES MOINES,POLK,US 69,CUMMINS RD AND US 69 S,Collision with:  Vehicle in traffic,On Roadway,Head-on (front to front),Lost Control,None Indicated,None apparent,Daylight,Dry,Clear,None apparent,Intersection:  Four-way intersection,Paved,,Property Damage Only,0,0,0,0,0,0,1500,2,2,Eastbound (EB),POINT (-93.596877698165 41.528930185622)
20251466433,25SC02755,01/31/2025,01-January,6-Friday,09:40,0900 Hours,District 3 (Northwest),SIOUX CITY,WOODBURY,77,11TH ST AND PIERCE ST,Collision with:  Vehicle in traffic,On Roadway,Rear-end (front to rear),Other (explain in narrative):  Other,None Indicated,None apparent,Daylight,Dry,Clear,None apparent,Intersection:  Four-way intersection,Paved,,Possible/Unknown,0,1,0,0,1,0,1000,2,2,Eastbound (EB),POINT (-96.404996490951 42.501789967487)
20251466460,25-00237,01/31/2025,01-January,6-Friday,11:48,1100 Hours,District 1 (Central),URBANDALE,POLK,77,75TH /MEREDITH DR,Collision with:  Vehicle in traffic,On Roadway,Rear-end (front to rear),Followed too close,None Indicated,None apparent,Daylight,Dry,Clear,None apparent,Intersection:  Four-way intersection,Paved,,Property Damage Only,0,0,0,0,0,0,12000,2,2,Southbound (SB),POINT (-93.721186249178 41.64385265361)
20251466560,S25-008582,01/31/2025,01-January,6-Friday,17:49,1700 Hours,District 2 (Northeast),,BLACK HAWK,77,DYSART RD,Collision with:  Animal,Unknown,Non-collision (single vehicle),Animal,None Indicated,Animal in roadway,,,,,,Paved,,Property Damage Only,0,0,0,0,0,0,15000,1,2,Northbound (NB),POINT (-92.298664476292 42.380245138305)
20251466490,20250002623,01/31/2025,01-January,6-Friday,14:37,1400 Hours,District 1 (Central),DES MOINES,POLK,77,800 BLOCK OF POLK BLVD,Collision with:  Parked motor vehicle,On Roadway,Rear-end (front to rear),Driver Distraction:  Other interior distraction,None Indicated,None apparent,Daylight,Dry,Clear,None apparent,Non-intersection:  Non-junction/no special feature,Paved,,Property Damage Only,0,0,0,0,0,0,3000,2,1,Eastbound (EB),POINT (-93.681700550234 41.593347098745)
20251467299,25-01164,01/31/2025,01-January,6-Friday,15:42,1500 Hours,District 6 (East Central),ANAMOSA,JONES,77,SOUTH FORD ST AND EAST 1ST ST AND WEST 1ST ST,Collision with fixed object:  Traffic sign support,On Roadway,Other (explain in narrative),Made improper turn,None Indicated,None apparent,Daylight,Dry,Clear,None apparent,Non-intersection:  Non-junction/no special feature,Paved,,Property Damage Only,0,0,0,0,0,0,3100,2,3,Southbound (SB),POINT (-91.285586593018 42.106418093573)
20251466582,2025-000720,01/31/2025,01-January,6-Friday,22:10,2200 Hours,District 6 (East Central),DUBUQUE,DUBUQUE,77,ANN ST AND LINCOLN AVE,Collision with:  Parked motor vehicle,On Roadway,Rear-end (front to rear),Lost Control,None Indicated,None apparent,Dark - roadway not lighted,Dry,Cloudy,None apparent,Non-intersection:  Non-junction/no special feature,Paved,,Possible/Unknown,0,1,0,0,0,1,14000,2,4,Northbound (NB),POINT (-90.659913096816 42.521733015066)
20251466404,2025-000697,01/31/2025,01-January,6-Friday,07:37,0700 Hours,District 6 (East Central),DUBUQUE,DUBUQUE,77,PENNSYLVANIA AVE AND NW ARTERIAL,Collision with:  Animal,Unknown,Non-collision (single vehicle),Animal,None Indicated,Animal in roadway,,,,,,Paved,,Property Damage Only,0,0,0,0,0,0,2000,1,1,Eastbound (EB),POINT (-90.740849609693 42.500988952845)
20251469478,0,01/31/2025,01-January,6-Friday,16:48,1600 Hours,District 1 (Central),ANKENY,POLK,IA-415,3200 BLOCK SW ORALABOR RD,Collision with:  Vehicle in traffic,On Roadway,Rear-end (front to rear),Followed too close,Under Influence of Alcohol/Drugs/Medications,None apparent,Daylight,Dry,Clear,None apparent,Non-intersection:  Non-junction/no special feature,Paved,,Possible/Unknown,0,1,0,0,0,1,4000,2,2,Northbound (NB),POINT (-93.625313572039 41.703266704624)
20251466706,25SC02792,01/31/2025,01-January,6-Friday,17:12,1700 Hours,District 3 (Northwest),SIOUX CITY,WOODBURY,77,OUTER DR NORTH AND FLOYD BLVD,Collision with:  Vehicle in traffic,On Roadway,"Sideswipe, opposite direction",FTYROW:  Making left turn,None Indicated,None apparent,Daylight,Dry,Clear,None apparent,Intersection:  Four-way intersection,Paved,,Possible/Unknown,0,1,0,0,1,0,20000,2,2,Northbound (NB),POINT (-96.370230971702 42.533938264867)
20251467090,25-001295,01/31/2025,01-January,6-Friday,18:39,1800 Hours,District 1 (Central),,HARDIN,77,COUNTY HIGHWAY S56,Collision with:  Animal,Unknown,Non-collision (single vehicle),Animal,None Indicated,Animal in roadway,,,,,,Paved,,Property Damage Only,0,0,0,0,0,0,2500,1,1,Northbound (NB),POINT (-93.051415017126 42.419321515953)
20251466483,25-00139,01/31/2025,01-January,6-Friday,06:33,0600 Hours,District 4 (Southwest),URBANDALE,POLK,77,12800 BLOCK HICKMAN RD,Collision with:  Vehicle in traffic,On Roadway,"Angle, oncoming left turn",Unknown,None Indicated,None apparent,Dark - roadway lighted,Wet,Rain,None apparent,Non-intersection:  Non-junction/no special feature,Paved,,Property Damage Only,0,0,0,0,0,0,2000,2,4,Eastbound (EB),POINT (-93.791655379463 41.614980362312)
20251466828,25001535,01/31/2025,01-January,6-Friday,16:04,1600 Hours,District 2 (Northeast),,FAYETTE,US 18,US 18 E,Collision with:  Vehicle in traffic,On Roadway,Rear-end (front to rear),Driver Distraction:  Manual operation of an electronic communication device,None Indicated,Glare,Daylight,Dry,Clear,None apparent,Non-intersection:  Driveway access (within),Paved,,Property Damage Only,0,0,0,0,0,0,14000,2,3,Southbound (SB),POINT (-91.887765155121 42.964511840546)
20251467158,SOI20250045,01/31/2025,01-January,6-Friday,23:00,2300 Hours,District 1 (Central),,POWESHIEK,77,OLD 6 RD,Collision with:  Animal,On Roadway,Non-collision (single vehicle),Animal,None Indicated,Animal in roadway,Dark - roadway not lighted,Dry,Clear,None apparent,Non-intersection:  Non-junction/no special feature,Paved,,Possible/Unknown,0,1,0,0,1,0,1600,1,1,Southbound (SB),POINT (-92.404836699285 41.724692479542)
20251466684,W25-008335,01/31/2025,01-January,6-Friday,04:00,0400 Hours,District 2 (Northeast),WATERLOO,BLACK HAWK,77,3000 BLOCK MARTIN LUTHER KING JUNIOR DR,Collision with:  Animal,On Roadway,Non-collision (single vehicle),Animal,None Indicated,Animal in roadway,Dark - unknown roadway lighting,,,,Non-intersection:  Non-junction/no special feature,Paved,,Property Damage Only,0,0,0,0,0,0,5000,1,1,Southbound (SB),POINT (-92.275175304886 42.505461226613)
20251466432,25SC02750,01/31/2025,01-January,6-Friday,09:23,0900 Hours,District 3 (Northwest),SIOUX CITY,WOODBURY,77,HAMILTON BLVD AND STONE PARK BLVD,Collision with:  Vehicle in traffic,On Roadway,Broadside (front to side),FTYROW:  Making left turn,None Indicated,None apparent,Daylight,Dry,Clear,None apparent,Intersection:  Four-way intersection,Paved,,Property Damage Only,0,0,0,0,0,0,7000,2,2,Northbound (NB),POINT (-96.415236781235 42.525571827329)
20251466678,MC2500341,01/31/2025,01-January,6-Friday,16:28,1600 Hours,District 2 (Northeast),MASON CITY,CERRO GORDO,IA-122,IA 122 W,Collision with:  Vehicle in traffic,On Roadway,Rear-end (front to rear),Followed too close,None Indicated,None apparent,Daylight,Dry,Clear,None apparent,Non-intersection:  Non-junction/no special feature,Paved,,Property Damage Only,0,0,0,0,0,0,4000,2,2,Westbound (WB),POINT (-93.248635064069 43.148394797558)
20251466775,202500001417,01/31/2025,01-January,6-Friday,18:26,1800 Hours,District 4 (Southwest),DEXTER,DALLAS,77,STATE ST,Collision with:  Animal,On Roadway,Non-collision (single vehicle),Animal,None Indicated,None apparent,Dark - roadway not lighted,Dry,Clear,None apparent,Non-intersection:  Non-junction/no special feature,Paved,,Property Damage Only,0,0,0,0,0,0,3000,1,1,Southbound (SB),POINT (-94.214411273014 41.517995912152)
20251466475,,01/31/2025,01-January,6-Friday,16:14,1600 Hours,District 6 (East Central),DAVENPORT,SCOTT,77,LORTON AVE,Collision with:  Vehicle in traffic,On Roadway,Rear-end (front to rear),Unknown,None Indicated,,Daylight,Dry,Clear,,Intersection:  Four-way intersection,Paved,,Possible/Unknown,0,1,0,0,1,0,2500,2,2,Northbound (NB),POINT (-90.536075652881 41.574741750929)
20251466503,25001268,01/31/2025,01-January,6-Friday,18:38,1800 Hours,District 2 (Northeast),,WORTH,IA-9,IA 9 E,Collision with:  Animal,On Roadway,Non-collision (single vehicle),Animal,None Indicated,Animal in roadway,,,,,,Paved,,Property Damage Only,0,0,0,0,0,0,3000,1,2,Southbound (SB),POINT (-93.183910600737 43.28411060199)
20251466696,25-000115,01/31/2025,01-January,6-Friday,17:36,1700 Hours,District 1 (Central),,STORY,US 30,US 30 E,Collision with:  Animal,Unknown,Non-collision (single vehicle),Animal,None Indicated,Animal in roadway,,,,,,Paved,,Property Damage Only,0,0,0,0,0,0,1500,1,1,Southbound (SB),POINT (-93.397668544925 42.00773939275)
20251466492,20250002645,01/31/2025,01-January,6-Friday,18:50,1800 Hours,District 1 (Central),DES MOINES,POLK,I-235,RAMP IA 28 N TO I 235 E,Collision with:  Vehicle in traffic,On Roadway,Rear-end (front to rear),Other (explain in narrative):  Other,None Indicated,None apparent,Dark - roadway lighted,Dry,Clear,None apparent,Non-intersection:  Non-junction/no special feature,Paved,,Property Damage Only,0,0,0,0,0,0,3000,2,2,Southbound (SB),POINT (-93.699103458621 41.592702157389)
20251466707,25SC02798,01/31/2025,01-January,6-Friday,18:45,1800 Hours,District 3 (Northwest),SIOUX CITY,WOODBURY,77,GENEVA ST,Collision with:  Vehicle in traffic,On Roadway,Broadside (front to side),Ran Stop Sign,None Indicated,None apparent,Dark - roadway lighted,Dry,Clear,None apparent,Intersection:  Four-way intersection,Paved,,Minor Injury,0,1,0,1,0,0,5500,2,4,Northbound (NB),POINT (-96.418107700763 42.506126568873)
20251466488,SPD250826,01/31/2025,01-January,6-Friday,16:15,1600 Hours,District 2 (Northeast),,FRANKLIN,US 65,US 65 N,Miscellaneous events:  Fire/explosion,On Roadway,Non-collision (single vehicle),Other (explain in narrative):  Other,None Indicated,None apparent,Daylight,Dry,Clear,None apparent,Non-intersection:  Non-junction/no special feature,Paved,,Property Damage Only,0,0,0,0,0,0,15000,1,1,Northbound (NB),POINT (-93.202097680875 42.86751014025)
20251467036,25008342,01/31/2025,01-January,6-Friday,05:51,0500 Hours,District 2 (Northeast),CEDAR FALLS,BLACK HAWK,77,ROWND ST AND GREENHILL RD,Collision with:  Struck/struck by object/cargo/person from other vehicle,On Roadway,Broadside (front to side),Ran Traffic Signal,None Indicated,None apparent,Dark - roadway lighted,Dry,Clear,None apparent,Intersection:  Four-way intersection,Paved,,Property Damage Only,0,0,0,0,0,0,7500,2,2,Southbound (SB),POINT (-92.421117708002 42.498141059595)
20251466574,HR2025-7087,01/31/2025,01-January,6-Friday,14:59,1400 Hours,District 6 (East Central),DAVENPORT,SCOTT,77,VINE COURT AND WEST 35TH ST,Collision with:  Vehicle in traffic,On Roadway,"Sideswipe, same direction",Followed too close,None Indicated,None apparent,Daylight,Dry,Clear,None apparent,Non-intersection:  Non-junction/no special feature,Paved,,Minor Injury,0,2,0,1,0,1,1500,2,3,Southbound (SB),POINT (-90.586561291649 41.555647876182)
20251466487,S25-00626,01/31/2025,01-January,6-Friday,07:45,0700 Hours,District 5 (Southeast),,DES MOINES,77,MEDIAPOLIS RD MEASURING 3259 FEET EAST FROM PEGTOWN RD,Collision with:  Animal,Unknown,Non-collision (single vehicle),Animal,None Indicated,Animal in roadway,,,,,,Paved,,Property Damage Only,0,0,0,0,0,0,4000,1,1,Southbound (SB),POINT (-91.12155833193 41.012480698863)
20251466636,25008350,01/31/2025,01-January,6-Friday,07:25,0700 Hours,District 2 (Northeast),CEDAR FALLS,BLACK HAWK,77,GREENHILL RD/ASHWORTH DR,Collision with:  Vehicle in traffic,On Roadway,Rear-end (front to rear),Unknown,None Indicated,None apparent,Daylight,Dry,Clear,None apparent,Non-intersection:  Non-junction/no special feature,Paved,,Property Damage Only,0,0,0,0,0,0,5500,3,3,Southbound (SB),POINT (-92.459642364102 42.498806484459)
20251466489,2025-000716,01/31/2025,01-January,6-Friday,19:12,1900 Hours,District 6 (East Central),DUBUQUE,DUBUQUE,77,PENNSYLVANIA AVE AND JOHN F KENNEDY RD,Collision with:  Vehicle in traffic,On Roadway,"Angle, oncoming left turn",Made improper turn,None Indicated,None apparent,Dark - roadway lighted,Dry,Clear,None apparent,Intersection:  Four-way intersection,Paved,,Property Damage Only,0,0,0,0,0,0,10000,2,2,Northbound (NB),POINT (-90.721251215158 42.500456670607)
20251467660,25008526,01/31/2025,01-January,6-Friday,15:25,1500 Hours,District 2 (Northeast),CEDAR FALLS,BLACK HAWK,77,UNIVERSITY AVE AND WALNUT ST,Collision with:  Vehicle in traffic,On Roadway,Other (explain in narrative),FTYROW:  Making left turn,None Indicated,None apparent,Daylight,Dry,Clear,None apparent,Non-intersection:  Non-junction/no special feature,Unpaved,,Property Damage Only,0,0,0,0,0,0,4500,2,3,Westbound (WB),POINT (-92.453395656584 42.51316818418)
20251466745,ACSO 2500071,01/31/2025,01-January,6-Friday,09:26,0900 Hours,District 2 (Northeast),WAUKON,ALLAMAKEE,77,1ST AVE NE,Collision with:  Vehicle in traffic,On Roadway,Broadside (front to side),FTYROW:  From stop sign,None Indicated,None apparent,Daylight,Dry,Clear,None apparent,Intersection:  Four-way intersection,Paved,,Property Damage Only,0,0,0,0,0,0,14500,2,3,Southbound (SB),POINT (-91.475434036169 43.2701357285)