Iowa DOT Case Number,Law Enforcement Case Number,Date of Crash,Month of Crash,Day of Week,Time of Crash,Hour,DOT District,City Name,County Name,Route with System,Location Description,First Harmful Event,Location of First Harmful Event,Manner of Crash/Collision,Major Cause,Drug or Alcohol ,Environmental Conditions,Light Conditions,Surface Conditions,Weather Conditions,Roadway Contribution,Roadway Type,Roadway Surface,Work Zone,Crash Severity,Number of Fatalities,Number of Injuries,Number of Major Injuries,Number of Minor Injuries,Number of Possible Injuries,Number of Unknown Injuries,Amount of Property Damage,Number of Vehicles Involved,Total Number of Occupants,Travel Direction,Location
20251466501,25-00489,01/31/2025,01-January,6-Friday,17:20,1700 Hours,District 1 (Central),WEST DES MOINES,DALLAS,77,MILLS CIVIC PARKWAY,Collision with:  Vehicle in traffic,On Roadway,Rear-end (front to rear),Driver Distraction:  Exterior distraction,None Indicated,None apparent,Dusk,Dry,Clear,None apparent,Non-intersection:  Non-junction/no special feature,Paved,,Property Damage Only,0,0,0,0,0,0,3300,2,3,Westbound (WB),POINT (-93.792293413283 41.559203302202)
20251466641,25-00143,01/31/2025,01-January,6-Friday,16:10,1600 Hours,District 4 (Southwest),WEST DES MOINES,DALLAS,77,13600 BLK UNIVERSITY AVE,Collision with:  Vehicle in traffic,On Roadway,Rear-end (front to rear),Followed too close,None Indicated,None apparent,Daylight,Dry,Clear,None apparent,Non-intersection:  Non-junction/no special feature,Paved,,Property Damage Only,0,0,0,0,0,0,2500,2,2,Southbound (SB),POINT (-93.807760914866 41.600402794408)
20251466619,25001188,01/31/2025,01-January,6-Friday,10:30,1000 Hours,District 6 (East Central),TIPTON,CEDAR,77,5TH ST,Collision with:  Vehicle in traffic,On Roadway,Rear-end (front to rear),Improper Backing,None Indicated,None apparent,Daylight,Dry,Clear,None apparent,Non-intersection:  Non-junction/no special feature,Paved,,Property Damage Only,0,0,0,0,0,0,1600,2,3,Southbound (SB),POINT (-91.127768851715 41.769999400478)
20251466502,25-784,01/31/2025,01-January,6-Friday,16:38,1600 Hours,District 1 (Central),,POLK,77,3300 BLOCK NW 66TH AVE,Collision with:  Vehicle in traffic,On Roadway,Rear-end (front to rear),"Operating vehicle in an reckless, erratic, careless, negligent manner",Refused,None apparent,Daylight,Dry,Clear,None apparent,Non-intersection:  Non-junction/no special feature,Paved,,Property Damage Only,0,0,0,0,0,0,1500,2,3,Southbound (SB),POINT (-93.666206945406 41.680447151652)
20251469580,,01/31/2025,01-January,6-Friday,15:17,1500 Hours,District 6 (East Central),DAVENPORT,SCOTT,77,JERSEY RIDGE RD and EAST 53RD ST,Collision with:  Vehicle in traffic,On Roadway,Rear-end (front to rear),Unknown,None Indicated,,Daylight,Dry,Clear,,Intersection:  Four-way intersection,Paved,,Property Damage Only,0,0,0,0,0,0,5000,2,2,Northbound (NB),POINT (-90.541605109543 41.574734091902)
20251466725,SO250014,01/31/2025,01-January,6-Friday,00:34,0000 Hours,District 2 (Northeast),,WINNESHIEK,77,COUNTY RD W14,Collision with fixed object:  Ditch,Shoulder,Non-collision (single vehicle),"Operating vehicle in an reckless, erratic, careless, negligent manner",Under Influence of Alcohol/Drugs/Medications,None apparent,Dark - roadway not lighted,Dry,Clear,None apparent,Non-intersection:  Non-junction/no special feature,Paved,,Minor Injury,0,2,0,2,0,0,10000,1,2,Northbound (NB),POINT (-91.982691860451 43.276943137041)
20251466516,25-789,01/31/2025,01-January,6-Friday,22:13,2200 Hours,District 1 (Central),,POLK,77,NW 16TH ST/NW 6TH DR,Collision with:  Vehicle in traffic,On Roadway,Rear-end (front to rear),Exceeded authorized speed,Under Influence of Alcohol/Drugs/Medications,None apparent,Dark - roadway lighted,Dry,Clear,None apparent,Intersection:  T-intersection,Paved,,Possible/Unknown,0,1,0,0,1,0,30000,2,2,Northbound (NB),POINT (-93.638790548886 41.696356211279)
20251466841,202501398,01/31/2025,01-January,6-Friday,20:46,2000 Hours,District 6 (East Central),CEDAR RAPIDS,LINN,77,14TH ST NE AND A AVE NE,Collision with:  Parked motor vehicle,On Roadway,Rear-end (front to rear),Other (explain in narrative):  Other,None Indicated,None apparent,Dark - roadway lighted,Dry,Clear,None apparent,Non-intersection:  Non-junction/no special feature,Paved,,Property Damage Only,0,0,0,0,0,0,18000,2,2,Southbound (SB),POINT (-91.654813837116 41.988080962407)
20251466512,25-780,01/31/2025,01-January,6-Friday,15:42,1500 Hours,District 1 (Central),,POLK,IA-415,NW 2ND AVE AND NW AURORA AVE,Collision with:  Vehicle in traffic,On Roadway,Broadside (front to side),FTYROW:  Making left turn,None Indicated,None apparent,Daylight,Dry,Clear,None apparent,Intersection:  Four-way intersection,Paved,,Possible/Unknown,0,1,0,0,1,0,17500,3,24,Northbound (NB),POINT (-93.619940371033 41.636832243565)
20251469686,202501365,01/31/2025,01-January,6-Friday,13:40,1300 Hours,District 6 (East Central),CEDAR RAPIDS,LINN,77,EDGEWOOD RD SW / 33RD AVE SW,Collision with:  Vehicle in traffic,On Roadway,Broadside (front to side),Ran Traffic Signal,None Indicated,None apparent,Daylight,Dry,Clear,None apparent,Intersection:  Four-way intersection,Paved,,Possible/Unknown,0,1,0,0,1,0,3500,2,3,Southbound (SB),POINT (-91.716015393568 41.94562287631)
20251466517,25001660,01/31/2025,01-January,6-Friday,23:09,2300 Hours,District 1 (Central),,BENTON,IA-21,IA 21 N,Collision with:  Animal,Unknown,Non-collision (single vehicle),Animal,None Indicated,Animal in roadway,,,,,,Paved,,Property Damage Only,0,0,0,0,0,0,1501,1,1,Northbound (NB),POINT (-92.29773525986 41.93742427928)
20251468871,2025-7177,01/31/2025,01-January,6-Friday,20:59,2000 Hours,District 6 (East Central),DAVENPORT,SCOTT,77,WEST LOCUST ST,Collision with:  Non-motorist (see non-motorist section - NOT a unit),On Roadway,Non-collision (single vehicle),Other (explain in narrative):  No improper action,None Indicated,None apparent,Dark - roadway lighted,Dry,Clear,None apparent,Non-intersection:  Non-junction/no special feature,Paved,,Possible/Unknown,0,1,0,0,1,0,500,1,1,Southbound (SB),POINT (-90.599531082381 41.538257933892)
20251467098,25-000079,01/31/2025,01-January,6-Friday,14:30,1400 Hours,District 1 (Central),AMES,STORY,77,LOT 50A,Collision with:  Vehicle in traffic,Roadside,Rear to rear,Driver Distraction:  Other interior distraction,None Indicated,None apparent,Daylight,Dry,Clear,None apparent,Non-intersection:  Non-junction/no special feature,Paved,,Property Damage Only,0,0,0,0,0,0,1700,2,3,Southbound (SB),POINT (-93.641654678948 42.026953692349)
20251468741,CFS2501065,01/31/2025,01-January,6-Friday,18:39,1800 Hours,District 2 (Northeast),DECORAH,WINNESHIEK,US 52,US 52 N,Collision with:  Animal,Unknown,Non-collision (single vehicle),Animal,None Indicated,Animal in roadway,,,,,,Paved,,Property Damage Only,0,0,0,0,0,0,5000,1,1,Northbound (NB),POINT (-91.813178864429 43.326797522986)
20251467997,25000834,01/31/2025,01-January,6-Friday,01:17,0100 Hours,District 6 (East Central),GREELEY,DELAWARE,IA-38,IA 38 N,Collision with fixed object:  Ditch,Other (explain in narrative),Non-collision (single vehicle),Ran Stop Sign,None Indicated,None apparent,Dark - roadway not lighted,Wet,"Fog, smoke, smog",None apparent,Intersection:  Other intersection (explain in narrative),Paved,,Possible/Unknown,0,1,0,0,0,1,6000,1,2,Northbound (NB),POINT (-91.342720240097 42.588822926431)
20251466802,25-1586,01/31/2025,01-January,6-Friday,12:53,1200 Hours,District 2 (Northeast),WAVERLY,BREMER,77,CEDAR RIVER PARKWAY,Collision with:  Vehicle in traffic,On Roadway,Head-on (front to front),FTYROW:  Making right turn on red signal,None Indicated,None apparent,Daylight,Dry,Clear,None apparent,Non-intersection:  Non-junction/no special feature,Paved,,Property Damage Only,0,0,0,0,0,0,4000,2,6,Southbound (SB),POINT (-92.475455711679 42.714800111841)
20251466790,25-000951,01/31/2025,01-January,6-Friday,08:10,0800 Hours,District 4 (Southwest),,HARRISON,77,GARLAND AVE MEASURING 250 FEET NORTH FROM 235TH ST,Non-collision events:  Overturn/rollover,On Roadway,Non-collision (single vehicle),Driving too fast for conditions,None Indicated,None apparent,Daylight,Dry,Clear,None apparent,Non-intersection:  Non-junction/no special feature,Unpaved,,Minor Injury,0,1,0,1,0,0,12000,1,1,Northbound (NB),POINT (-95.982948609082 41.669266189973)
20251466511,25-00241,01/31/2025,01-January,6-Friday,19:30,1900 Hours,District 4 (Southwest),CLIVE,POLK,US 6,13900 BLK HICKMAN ROAD WB,Collision with:  Vehicle in traffic,On Roadway,Rear-end (front to rear),Followed too close,None Indicated,None apparent,Dark - roadway lighted,Dry,Clear,None apparent,Intersection:  Four-way intersection,Paved,,Possible/Unknown,0,1,0,0,1,0,20600,3,5,Southbound (SB),POINT (-93.812333881346 41.614836097502)
20251466877,2500926,01/31/2025,01-January,6-Friday,20:43,2000 Hours,District 5 (Southeast),,MARION,77,BOS LANDEN WEG SIGNED ROUTE AND IDAHO DR,Collision with:  Animal,Unknown,Non-collision (single vehicle),Animal,None Indicated,Animal in roadway,,,,,,Paved,,Property Damage Only,0,0,0,0,0,0,1500,1,1,Southbound (SB),POINT (-92.941642553984 41.388758074914)
20251467618,2025000873,01/31/2025,01-January,6-Friday,16:50,1600 Hours,District 6 (East Central),IOWA CITY,JOHNSON,77,STEVENS DR,Collision with:  Vehicle in traffic,On Roadway,Broadside (front to side),Other (explain in narrative):  Other,None Indicated,None apparent,Daylight,Dry,Clear,None apparent,Non-intersection:  Non-junction/no special feature,Paved,,Property Damage Only,0,0,0,0,0,0,3000,2,2,Northbound (NB),POINT (-91.533431035203 41.642919334849)
20251467369,25-002491,01/31/2025,01-January,6-Friday,11:24,1100 Hours,District 5 (Southeast),,MARION,77,92ND AVE,Collision with fixed object:  Bridge/bridge rail parapet,Shoulder,Non-collision (single vehicle),Ran off road - right,None Indicated,None apparent,Daylight,Gravel,Clear,None apparent,Non-intersection:  Non-junction/no special feature,Unpaved,,Minor Injury,0,1,0,1,0,0,8500,1,1,Northbound (NB),POINT (-93.176927690607 41.340734112352)
20251466513,20250002586,01/31/2025,01-January,6-Friday,03:14,0300 Hours,District 1 (Central),DES MOINES,POLK,77,40TH ST AND UNIVERSITY AVE,Collision with:  Vehicle in traffic,On Roadway,"Angle, oncoming left turn",Unknown,None Indicated,None apparent,Dark - roadway lighted,Wet,Clear,None apparent,Intersection:  T-intersection,Paved,,Possible/Unknown,0,1,0,0,1,0,13500,2,2,Southbound (SB),POINT (-93.671454317594 41.600342962236)
20251466697,25-002888,01/31/2025,01-January,6-Friday,11:28,1100 Hours,District 5 (Southeast),FORT MADISON,LEE,77,AVE O AND 48TH ST,Collision with:  Vehicle in traffic,On Roadway,Rear-end (front to rear),Followed too close,None Indicated,None apparent,Daylight,Wet,Cloudy,None apparent,Non-intersection:  Non-junction/no special feature,Paved,,Property Damage Only,0,0,0,0,0,0,2000,2,2,Southbound (SB),POINT (-91.373138705685 40.623973403391)
20251466618,25-004287,01/31/2025,01-January,6-Friday,17:09,1700 Hours,District 3 (Northwest),,BUENA VISTA,77,100TH AVE,Collision with:  Vehicle in traffic,On Roadway,Broadside (front to side),Made improper turn,None Indicated,Glare,Daylight,Dry,Clear,None apparent,Intersection:  Four-way intersection,Paved,,Property Damage Only,0,0,0,0,0,0,2950,2,2,Northbound (NB),POINT (-95.210584333183 42.661760309869)
20251466529,2025-01363,01/31/2025,01-January,6-Friday,14:00,1400 Hours,District 6 (East Central),CEDAR RAPIDS,LINN,77,CENTER POINT RD NE,Collision with:  Vehicle in traffic,On Roadway,Broadside (front to side),FTYROW:  From driveway,None Indicated,None apparent,Daylight,Dry,Clear,None apparent,"Non-intersection:  Driveway access (related, not in)",Paved,,Property Damage Only,0,0,0,0,0,0,3500,2,3,Northbound (NB),POINT (-91.66568195546 42.022017845712)
20251466734,2025002684,01/31/2025,01-January,6-Friday,20:15,2000 Hours,District 2 (Northeast),,FLOYD,US 218,227.8 MM HWY 218 NB,Collision with:  Animal,Unknown,Non-collision (single vehicle),Animal,None Indicated,Animal in roadway,,,,,,Paved,,Property Damage Only,0,0,0,0,0,0,7000,1,1,Northbound (NB),POINT (-92.650242795785 43.032750124587)
20251466445,MC2500334,01/31/2025,01-January,6-Friday,11:56,1100 Hours,District 2 (Northeast),MASON CITY,CERRO GORDO,77,WILLOWBROOK DR,Collision with:  Vehicle in traffic,On Roadway,Broadside (front to side),Other (explain in narrative):  Other,None Indicated,None apparent,Daylight,Dry,Clear,None apparent,Intersection:  Four-way intersection,Paved,,Property Damage Only,0,0,0,0,0,0,6000,2,2,Northbound (NB),POINT (-93.227309821894 43.148403130606)
20251466872,S25-00719,01/31/2025,01-January,6-Friday,15:45,1500 Hours,District 1 (Central),,BOONE,IA-17,IA 17 N,Collision with fixed object:  Traffic sign support,Shoulder,Non-collision (single vehicle),Lost Control,None Indicated,None apparent,Daylight,Dry,Clear,None apparent,Intersection:  Four-way intersection,Paved,,Property Damage Only,0,0,0,0,0,0,5000,1,1,Northbound (NB),POINT (-93.815399926632 42.03188526076)
20251466415,2025002593,01/31/2025,01-January,6-Friday,06:30,0600 Hours,District 6 (East Central),DAVENPORT,SCOTT,I-80,I 80 EB MM 291.5,Collision with:  Vehicle in traffic,On Roadway,"Sideswipe, same direction",Improper or erratic lane changing,None Indicated,None apparent,Dark - roadway not lighted,Wet,Rain,None apparent,Non-intersection:  Non-junction/no special feature,Paved,,Property Damage Only,0,0,0,0,0,0,7000,2,2,Southbound (SB),POINT (-90.652190638746 41.602156531117)
20251467533,202501370,01/31/2025,01-January,6-Friday,15:50,1500 Hours,District 6 (East Central),CEDAR RAPIDS,LINN,77,18TH ST NW AND WILLIAMS BLVD SW,Collision with:  Vehicle in traffic,On Roadway,"Angle, oncoming left turn",FTYROW:  Making left turn,None Indicated,None apparent,Daylight,Dry,Clear,None apparent,Intersection:  Four-way intersection,Paved,,Property Damage Only,0,0,0,0,0,0,2100,2,2,Northbound (NB),POINT (-91.696597287317 41.970829347527)
20251466500,25-000735,01/31/2025,01-January,6-Friday,17:45,1700 Hours,District 5 (Southeast),,LUCAS,IA-14,55000 BLK HWY 14,Collision with:  Vehicle in traffic,On Roadway,Rear-end (front to rear),Other (explain in narrative):  Other,None Indicated,None apparent,Dusk,Dry,Clear,None apparent,Intersection:  Other intersection (explain in narrative),Paved,,Property Damage Only,0,0,0,0,0,0,4000,2,4,Northbound (NB),POINT (-93.212589995309 41.126214524734)
20251466499,2025-000717,01/31/2025,01-January,6-Friday,19:42,1900 Hours,District 6 (East Central),DUBUQUE,DUBUQUE,US 20,CEDAR CROSS RD AND US 20 E,Collision with:  Vehicle in traffic,On Roadway,Rear-end (front to rear),Followed too close,None Indicated,None apparent,Dark - roadway lighted,Dry,Clear,None apparent,Intersection:  Four-way intersection,Paved,,Possible/Unknown,0,1,0,0,1,0,2000,2,4,Southbound (SB),POINT (-90.714688858514 42.492185190759)
20251466498,25-0486,01/31/2025,01-January,6-Friday,18:30,1800 Hours,District 5 (Southeast),,DECATUR,IA-2,IA 2 E,Collision with:  Animal,On Roadway,Non-collision (single vehicle),Animal,None Indicated,Animal in roadway,,,,,,Paved,,Property Damage Only,0,0,0,0,0,0,20000,1,2,Southbound (SB),POINT (-93.632684354049 40.755533131599)
20251466468,25-618,01/31/2025,01-January,6-Friday,15:55,1500 Hours,District 3 (Northwest),IDA GROVE,IDA,77,5TH ST,Collision with:  Vehicle in traffic,Outside trafficway,"Sideswipe, same direction",FTYROW:  From parked position,None Indicated,None apparent,Daylight,Dry,Clear,None apparent,Non-intersection:  Non-junction/no special feature,Paved,,Property Damage Only,0,0,0,0,0,0,3000,2,2,Southbound (SB),POINT (-95.464336506309 42.341354802628)
20251466558,2025002670,01/31/2025,01-January,6-Friday,14:58,1400 Hours,District 5 (Southeast),,WASHINGTON,IA-1,IA 1 N AND 133RD ST,Collision with:  Vehicle in traffic,On Roadway,Rear-end (front to rear),Driver Distraction:  Other interior distraction,None Indicated,None apparent,Daylight,Dry,Clear,None apparent,Non-intersection:  Non-junction/no special feature,Paved,,Minor Injury,0,1,0,1,0,0,30000,2,2,Northbound (NB),POINT (-91.71463979978 41.464145379777)
20251466505,25001644,01/31/2025,01-January,6-Friday,21:22,2100 Hours,District 1 (Central),TRAER,TAMA,77,SEVENTH ST,Collision with:  Parked motor vehicle,On Roadway,Rear to side,Improper Backing,None Indicated,None apparent,Dark - roadway lighted,Dry,Clear,None apparent,Non-intersection:  Non-junction/no special feature,Paved,,Property Damage Only,0,0,0,0,0,0,2000,2,1,Southbound (SB),POINT (-92.466717869877 42.187976425494)
20251466751,2025002675,01/31/2025,01-January,6-Friday,16:08,1600 Hours,District 6 (East Central),,CEDAR,I-80,I 80 W MM 268,Collision with fixed object:  Cable barrier,Median,Non-collision (single vehicle),Driver Distraction:  Passenger,None Indicated,None apparent,Daylight,Dry,Clear,None apparent,Non-intersection:  Non-junction/no special feature,Paved,,Property Damage Only,0,0,0,0,0,0,25000,1,4,Westbound (WB),POINT (-91.093915273396 41.644683850619)
20251466440,25-001066,01/31/2025,01-January,6-Friday,11:47,1100 Hours,District 4 (Southwest),COUNCIL BLUFFS,POTTAWATTAMIE,77,WEST BRDWAY,Collision with:  Vehicle in traffic,On Roadway,Broadside (front to side),Ran Traffic Signal,None Indicated,None apparent,Daylight,Dry,Clear,None apparent,Intersection:  Four-way intersection,Paved,,Property Damage Only,0,0,0,0,0,0,4000,2,2,Southbound (SB),POINT (-95.849668028168 41.260873085974)
20251466608,25001182,01/31/2025,01-January,6-Friday,00:06,0000 Hours,District 6 (East Central),,CEDAR,I-80,I 80 W,Collision with fixed object:  Other post/pole/support (explain in narrative),Roadside,Non-collision (single vehicle),"Operating vehicle in an reckless, erratic, careless, negligent manner",Refused,None apparent,Dark - roadway not lighted,Wet,Cloudy,"Surface condition (e.g., wet, icy)",Non-intersection:  Non-junction/no special feature,Paved,,Property Damage Only,0,0,0,0,0,0,1500,1,1,Westbound (WB),POINT (-91.064244681332 41.642692740638)
20251466514,20250002656,01/31/2025,01-January,6-Friday,22:08,2200 Hours,District 1 (Central),DES MOINES,POLK,77,WILLIAMS ST AND IA 163 W,Collision with:  Parked motor vehicle,On Roadway,Rear-end (front to rear),"Operating vehicle in an reckless, erratic, careless, negligent manner",Refused,None apparent,Dark - roadway lighted,Dry,Clear,None apparent,Non-intersection:  Non-junction/no special feature,Paved,,Property Damage Only,0,0,0,0,0,0,20000,2,1,Northbound (NB),POINT (-93.533363317623 41.600742286095)
20251466709,25SC02817,01/31/2025,01-January,6-Friday,20:58,2000 Hours,District 3 (Northwest),SIOUX CITY,WOODBURY,77,OFF ROADWAY/ROADWAY NOT FOUND,Collision with:  Parked motor vehicle,Outside trafficway,Broadside (front to side),Driving too fast for conditions,None Indicated,None apparent,Dark - roadway lighted,Dry,Clear,None apparent,Non-intersection:  Non-junction/no special feature,Unpaved,,Property Damage Only,0,0,0,0,0,0,2500,2,6,,POINT (-96.40947978221 42.49360652569)
20251466578,25000871,01/31/2025,01-January,6-Friday,16:45,1600 Hours,District 3 (Northwest),EMMETSBURG,PALO ALTO,77,UNION ST AND US 18 E,Collision with:  Vehicle in traffic,On Roadway,Broadside (front to side),FTYROW:  Making left turn,None Indicated,None apparent,Daylight,Dry,Clear,None apparent,Intersection:  Four-way intersection,Paved,,Property Damage Only,0,0,0,0,0,0,4500,2,3,Northbound (NB),POINT (-94.67756152669 43.11199014237)
20251466571,2025-7095,01/31/2025,01-January,6-Friday,15:46,1500 Hours,District 6 (East Central),DAVENPORT,SCOTT,US 6,GAINES ST AND US 6 E,Collision with:  Vehicle in traffic,On Roadway,Rear-end (front to rear),Followed too close,None Indicated,None apparent,Daylight,Dry,Clear,None apparent,Intersection:  Four-way intersection,Paved,,Property Damage Only,0,0,0,0,0,0,21500,3,4,Southbound (SB),POINT (-90.583111106984 41.560069556852)
20251466434,20250002593,01/31/2025,01-January,6-Friday,08:10,0800 Hours,District 1 (Central),DES MOINES,POLK,77,6TH AVE AND MULBERRY ST,Collision with:  Vehicle in traffic,On Roadway,"Angle, oncoming left turn",Unknown,None Indicated,None apparent,Daylight,Wet,Cloudy,None apparent,Intersection:  Four-way intersection,Paved,,Property Damage Only,0,0,0,0,0,0,5500,2,2,Northbound (NB),POINT (-93.624278657137 41.584954223284)
20251466752,2025002682,01/31/2025,01-January,6-Friday,18:03,1800 Hours,District 6 (East Central),CEDAR RAPIDS,LINN,77,COUNCIL ST NE/COLLINS RD NE,Collision with:  Vehicle in traffic,On Roadway,Broadside (front to side),Ran Traffic Signal,None Indicated,None apparent,Dark - roadway lighted,Dry,Clear,None apparent,Intersection:  Four-way intersection,Paved,,Property Damage Only,0,0,0,0,0,0,4000,2,3,Northbound (NB),POINT (-91.658301374628 42.028938751858)
20251466607,25-00243,01/31/2025,01-January,6-Friday,23:42,2300 Hours,District 1 (Central),URBANDALE,POLK,77,3600 86TH ST,Collision with:  Parked motor vehicle,On Roadway,Rear-end (front to rear),Other (explain in narrative):  Other,None Indicated,None apparent,Dark - roadway lighted,Dry,Clear,None apparent,Non-intersection:  Non-junction/no special feature,Paved,,Property Damage Only,0,0,0,0,0,0,1650,2,2,Northbound (NB),POINT (-93.736431835444 41.626588353996)
20251466597,202500345,01/31/2025,01-January,6-Friday,13:46,1300 Hours,District 6 (East Central),,LINN,US 151,US 151 S AND WEST MOUNT VERNON RD AND MOUNT VERNON RD,Collision with:  Vehicle in traffic,On Roadway,Rear-end (front to rear),Followed too close,None Indicated,None apparent,Daylight,Dry,Clear,None apparent,Intersection:  Four-way intersection,Paved,,Minor Injury,0,1,0,1,0,0,2000,2,2,Eastbound (EB),POINT (-91.551603128747 41.976116340036)
20251467527,2025002627,01/31/2025,01-January,6-Friday,10:10,1000 Hours,District 1 (Central),,POLK,I-80,2ND AVE NB @ INTERSTATE 80,Collision with:  Vehicle in traffic,On Roadway,Rear-end (front to rear),Followed too close,None Indicated,None apparent,Daylight,Dry,Clear,None apparent,Intersection:  Four-way intersection,Paved,,Property Damage Only,0,0,0,0,0,0,6000,2,2,Southbound (SB),POINT (-93.619849422 41.648641130233)
20251466496,25-000969,01/31/2025,01-January,6-Friday,17:45,1700 Hours,District 2 (Northeast),,BUTLER,IA-14,IA 14 N,Collision with:  Vehicle in traffic,On Roadway,Rear-end (front to rear),Driver Distraction:  Other interior distraction,None Indicated,None apparent,Dusk,Dry,Clear,None apparent,Intersection:  T-intersection,Paved,,Possible/Unknown,0,2,0,0,2,0,45000,2,2,Northbound (NB),POINT (-92.809980330275 42.773343654351)
20251469546,0,01/31/2025,01-January,6-Friday,11:51,1100 Hours,District 6 (East Central),BETTENDORF,SCOTT,77,SPRUCE HILLS DR AND UTICA RIDGE RD,Collision with:  Vehicle in traffic,On Roadway,Rear-end (front to rear),Lost Control,None Indicated,None apparent,Daylight,Wet,Cloudy,None apparent,Non-intersection:  Non-junction/no special feature,Paved,,Property Damage Only,0,0,0,0,0,0,2000,2,2,Southbound (SB),POINT (-90.517879681218 41.55473436855)
20251467056,25000339,01/31/2025,01-January,6-Friday,15:49,1500 Hours,District 1 (Central),AMES,STORY,77,ONTARIO ST,Collision with:  Vehicle in traffic,On Roadway,Rear-end (front to rear),Followed too close,None Indicated,None apparent,Daylight,Dry,Clear,None apparent,Intersection:  Four-way intersection,Paved,,Property Damage Only,0,0,0,0,0,0,6500,2,2,Southbound (SB),POINT (-93.659151268144 42.034465087587)
20251466477,,02/01/2025,02-February,7-Saturday,19:47,1900 Hours,District 6 (East Central),DAVENPORT,SCOTT,77,RAVENWOOD LANE and EAST 53RD ST,Collision with:  Vehicle in traffic,On Roadway,Broadside (front to side),Unknown,None Indicated,,Dark - unknown roadway lighting,Dry,Clear,,Non-intersection:  Other non-intersection (explain in narrative),Paved,,Property Damage Only,0,0,0,0,0,0,2500,2,3,Southbound (SB),POINT (-90.504556586678 41.575034271265)
20251466765,OCFS2502848,02/01/2025,02-February,7-Saturday,12:23,1200 Hours,District 5 (Southeast),OTTUMWA,WAPELLO,77,VENTURE DR,Collision with:  Vehicle in traffic,Outside trafficway,Broadside (front to side),FTYROW:  Other (explain in narrative),None Indicated,None apparent,Daylight,Dry,Cloudy,None apparent,Non-intersection:  Driveway access (within),Paved,,Property Damage Only,0,0,0,0,0,0,3000,2,2,Southbound (SB),POINT (-92.45349807351 41.015468190197)
20251466589,25-803,02/01/2025,02-February,7-Saturday,16:51,1600 Hours,District 1 (Central),,POLK,77,NE 27TH AVE AND NE 64TH ST,Non-collision events:  Other non-collision (explain in narrative),On Roadway,Broadside (front to side),Ran Stop Sign,None Indicated,None apparent,Dusk,Dry,Cloudy,None apparent,Intersection:  Four-way intersection,Paved,,Minor Injury,0,3,0,1,2,0,4500,3,8,Southbound (SB),POINT (-93.483829732258 41.618705684668)
20251466663,25-0946,02/01/2025,02-February,7-Saturday,23:52,2300 Hours,District 2 (Northeast),,HOWARD,US 63,US 63 N,Collision with fixed object:  Ditch,Outside trafficway,Non-collision (single vehicle),Driving too fast for conditions,None Indicated,Weather conditions,Dark - roadway not lighted,Ice/frost,Freezing rain/drizzle,"Surface condition (e.g., wet, icy)",Non-intersection:  Non-junction/no special feature,Paved,,Property Damage Only,0,0,0,0,0,0,1500,1,7,Northbound (NB),POINT (-92.350858170842 43.48325181069)
20251466556,2025-4511,02/01/2025,02-February,7-Saturday,09:33,0900 Hours,District 6 (East Central),,SCOTT,I-80,I 80 W,Collision with:  Vehicle in traffic,Roadside,"Sideswipe, same direction",Equipment failure,None Indicated,None apparent,Daylight,Dry,Cloudy,None apparent,Non-intersection:  Non-junction/no special feature,Paved,,Property Damage Only,0,0,0,0,0,0,35000,2,2,Westbound (WB),POINT (-90.799403424066 41.620291053418)
20251466555,25-00499,02/01/2025,02-February,7-Saturday,12:31,1200 Hours,District 1 (Central),WEST DES MOINES,POLK,I-35,I 35 S,Collision with:  Vehicle in traffic,On Roadway,"Sideswipe, same direction",Other (explain in narrative):  No improper action,None Indicated,None apparent,Daylight,Dry,Cloudy,None apparent,Non-intersection:  Non-junction/no special feature,Paved,,Property Damage Only,0,0,0,0,0,0,4500,2,5,Eastbound (EB),POINT (-93.777486938799 41.5915322615)
20251466724,CFS2501082,02/01/2025,02-February,7-Saturday,08:20,0800 Hours,District 2 (Northeast),,WINNESHIEK,77,MIDDLE CALMAR RD,Collision with:  Animal,On Roadway,Non-collision (single vehicle),Animal,None Indicated,Animal in roadway,,,,,,Paved,,Property Damage Only,0,0,0,0,0,0,2500,1,2,Northbound (NB),POINT (-91.800372485332 43.259256167662)
20251466773,2025-03450,02/01/2025,02-February,7-Saturday,21:00,2100 Hours,District 5 (Southeast),,WARREN,IA-28,IA 28 N,Collision with:  Animal,Unknown,Non-collision (single vehicle),Animal,None Indicated,Animal in roadway,,,,,,Paved,,Property Damage Only,0,0,0,0,0,0,5000,1,4,Northbound (NB),POINT (-93.718972182277 41.415008516615)
20251466700,25003079,02/01/2025,02-February,7-Saturday,21:12,2100 Hours,District 5 (Southeast),FORT MADISON,LEE,77,7TH ST,Collision with:  Parked motor vehicle,On Roadway,Rear to side,Improper Backing,Alcohol (Statutory),None apparent,Dark - roadway lighted,Dry,Clear,None apparent,Non-intersection:  Non-junction/no special feature,Paved,,Property Damage Only,0,0,0,0,0,0,6500,2,2,Northbound (NB),POINT (-91.309734717311 40.630962832398)