Iowa DOT Case Number,Law Enforcement Case Number,Date of Crash,Month of Crash,Day of Week,Time of Crash,Hour,DOT District,City Name,County Name,Route with System,Location Description,First Harmful Event,Location of First Harmful Event,Manner of Crash/Collision,Major Cause,Drug or Alcohol ,Environmental Conditions,Light Conditions,Surface Conditions,Weather Conditions,Roadway Contribution,Roadway Type,Roadway Surface,Work Zone,Crash Severity,Number of Fatalities,Number of Injuries,Number of Major Injuries,Number of Minor Injuries,Number of Possible Injuries,Number of Unknown Injuries,Amount of Property Damage,Number of Vehicles Involved,Total Number of Occupants,Travel Direction,Location
20251466820,S25-00661,02/01/2025,02-February,7-Saturday,18:09,1800 Hours,District 5 (Southeast),,DES MOINES,US 34,HENRY DES MOINES AVE AND US 34 E,Collision with:  Animal,Unknown,Non-collision (single vehicle),Animal,None Indicated,Animal in roadway,,,,,,Paved,,Property Damage Only,0,0,0,0,0,0,8000,1,2,Southbound (SB),POINT (-91.371758493658 40.905338864536)
20251466658,W25-008911,02/01/2025,02-February,7-Saturday,18:55,1800 Hours,District 2 (Northeast),WATERLOO,BLACK HAWK,77,SHERIDAN RD AND WEST RIDGEWAY AVE,Collision with:  Vehicle in traffic,On Roadway,"Sideswipe, same direction",FTYROW:  Other (explain in narrative),None Indicated,None apparent,Dark - roadway not lighted,Dry,Clear,None apparent,Non-intersection:  Non-junction/no special feature,Paved,,Property Damage Only,0,0,0,0,0,0,2100,2,3,Southbound (SB),POINT (-92.369209377675 42.469381586816)
20251466925,25-002980,02/01/2025,02-February,7-Saturday,00:01,0000 Hours,District 5 (Southeast),KEOKUK,LEE,77,500-BLK S 18TH ST.,Collision with:  Work zone maintenance equipment,On Roadway,Non-collision (single vehicle),Lost Control,Refused,None apparent,Dark - roadway lighted,Ice/frost,Cloudy,Work Zone (roadway-related),Intersection:  Four-way intersection,Paved,Yes,Property Damage Only,0,0,0,0,0,0,2000,1,1,Southbound (SB),POINT (-91.400041140098 40.402309144157)
20251467184,S25-000213,02/01/2025,02-February,7-Saturday,13:34,1300 Hours,District 4 (Southwest),,POTTAWATTAMIE,77,WABASH AVE,Collision with:  Vehicle in traffic,On Roadway,Rear-end (front to rear),Followed too close,None Indicated,None apparent,Daylight,Dry,Clear,None apparent,Non-intersection:  Non-junction/no special feature,Paved,,Possible/Unknown,0,1,0,0,0,1,17000,2,2,Northbound (NB),POINT (-95.812221434851 41.216546281845)
20251466727,25-01188,02/01/2025,02-February,7-Saturday,07:01,0700 Hours,District 6 (East Central),,JONES,77,COUNTY RD D62,Collision with:  Vehicle in traffic,On Roadway,Rear-end (front to rear),Exceeded authorized speed,Alcohol (Statutory),None apparent,Dawn,Dry,Cloudy,None apparent,Non-intersection:  Non-junction/no special feature,Paved,,Property Damage Only,0,0,0,0,0,0,23000,2,12,Southbound (SB),POINT (-91.360100434582 42.282034604116)
20251466610,2025-2401,02/01/2025,02-February,7-Saturday,05:36,0500 Hours,District 6 (East Central),BETTENDORF,SCOTT,I-74,"RAMP MIDDLE RD, W TO W TO STATE OF IOWA, I 74 E",Collision with:  Vehicle in traffic,On Roadway,Broadside (front to side),FTYROW:  From yield sign,None Indicated,None apparent,Dawn,Dry,Clear,None apparent,Interchange-related:  On-ramp merge area,Paved,,Property Damage Only,0,0,0,0,0,0,3500,2,2,Southbound (SB),POINT (-90.518249962287 41.540359225361)
20251467913,C25000437,02/01/2025,02-February,7-Saturday,13:00,1300 Hours,District 6 (East Central),CORALVILLE,JOHNSON,77,CORAL RIDGE AVE AND FOREVERGREEN RD,Collision with:  Vehicle in traffic,On Roadway,Rear-end (front to rear),Followed too close,None Indicated,None apparent,Daylight,Dry,Clear,"Traffic backup, regular congestion",Non-intersection:  Non-junction/no special feature,Paved,,Property Damage Only,0,0,0,0,0,0,3600,2,7,Northbound (NB),POINT (-91.607755463396 41.721554895627)
20251466674,2503966,02/01/2025,02-February,7-Saturday,20:54,2000 Hours,District 5 (Southeast),,MUSCATINE,77,231ST ST,Collision with:  Animal,Unknown,Non-collision (single vehicle),Animal,None Indicated,Animal in roadway,,,,,,Paved,,Property Damage Only,0,0,0,0,0,0,5000,1,1,Southbound (SB),POINT (-91.165606476285 41.414537018517)
20251469833,SO25-00121,02/01/2025,02-February,7-Saturday,17:29,1700 Hours,District 1 (Central),MARSHALLTOWN,MARSHALL,77,MARSHALLTOWN BLVD / 2300 MILE,Collision with:  Vehicle in traffic,On Roadway,Head-on (front to front),Traveling wrong way or on wrong side of road,Alcohol (Statutory),None apparent,Dawn,Dry,Clear,None apparent,Non-intersection:  Non-junction/no special feature,Paved,,Major Injury,0,4,1,1,2,0,40000,2,4,Southbound (SB),POINT (-92.968553702954 42.032057314264)
20251466711,25SC02882,02/01/2025,02-February,7-Saturday,17:22,1700 Hours,District 3 (Northwest),SIOUX CITY,WOODBURY,77,SOUTH CECELIA ST,Collision with:  Parked motor vehicle,On Roadway,Rear-end (front to rear),"Operating vehicle in an reckless, erratic, careless, negligent manner",None Indicated,None apparent,Daylight,Dry,Cloudy,None apparent,Non-intersection:  Non-junction/no special feature,Paved,,Property Damage Only,0,0,0,0,0,0,24000,2,3,Northbound (NB),POINT (-96.367486136113 42.472230150534)
20251466909,2025002708,02/01/2025,02-February,7-Saturday,15:50,1500 Hours,District 1 (Central),URBANDALE,POLK,I-80,INTERSTATE 80 WESTBOUND 128 MILE MARKER,Collision with:  Vehicle in traffic,On Roadway,Non-collision (single vehicle),Cargo/equipment loss or shift,None Indicated,None apparent,Daylight,Dry,Cloudy,None apparent,Non-intersection:  Non-junction/no special feature,Paved,,Property Damage Only,0,0,0,0,0,0,2500,2,2,Westbound (WB),POINT (-93.765369188436 41.651457189243)
20251466617,S25-008993,02/01/2025,02-February,7-Saturday,23:53,2300 Hours,District 2 (Northeast),,BLACK HAWK,77,SOUTH UNION RD AND VIKING RD,Collision with fixed object:  Tree,Outside trafficway,Non-collision (single vehicle),Ran Stop Sign,None Indicated,None apparent,Dark - roadway not lighted,Dry,Clear,None apparent,Intersection:  T-intersection,Paved,,Minor Injury,0,1,0,1,0,0,4500,1,3,Northbound (NB),POINT (-92.494968985451 42.484107929019)
20251466738,25003257,02/01/2025,02-February,7-Saturday,17:57,1700 Hours,District 1 (Central),,JASPER,I-80,I 80 W,Collision with:  Vehicle in traffic,On Roadway,"Sideswipe, same direction",Ran off road - left,None Indicated,None apparent,Dark - roadway not lighted,Dry,Clear,None apparent,Intersection:  Intersection with ramp,Paved,,Property Damage Only,0,0,0,0,0,0,1500,2,3,Westbound (WB),POINT (-93.188744416416 41.694130504185)
20251466580,25003914,02/01/2025,02-February,7-Saturday,10:19,1000 Hours,District 5 (Southeast),,MUSCATINE,US 6,US 6 E,Collision with:  Vehicle in traffic,On Roadway,Rear-end (front to rear),Driver Distraction:  Reaching for object(s)/fallen object(s),None Indicated,None apparent,Daylight,Dry,Clear,None apparent,Non-intersection:  Non-junction/no special feature,Paved,,Minor Injury,0,1,0,1,0,0,7500,3,3,Southbound (SB),POINT (-91.144661931144 41.567516233013)
20251466599,FD25-0293,02/01/2025,02-February,7-Saturday,19:30,1900 Hours,District 1 (Central),FORT DODGE,WEBSTER,77,1100 BLOCK / NORTH 15TH ST,Collision with:  Animal,Unknown,Non-collision (single vehicle),Animal,None Indicated,Animal in roadway,,,,,,Paved,,Property Damage Only,0,0,0,0,0,0,2500,1,1,Northbound (NB),POINT (-94.178048173694 42.517026054599)
20251467109,2025002703,02/01/2025,02-February,7-Saturday,11:30,1100 Hours,District 3 (Northwest),SCHALLER,SAC,77,BERWICK ST,Collision with:  Parked motor vehicle,On Roadway,"Sideswipe, same direction",Made improper turn,None Indicated,None apparent,Daylight,Dry,Cloudy,None apparent,Intersection:  T-intersection,Unpaved,,Property Damage Only,0,0,0,0,0,0,15000,2,1,Northbound (NB),POINT (-95.296397908434 42.502202430886)
20251466837,25001661,02/01/2025,02-February,7-Saturday,18:59,1800 Hours,District 2 (Northeast),,BREMER,77,252ND ST,Collision with:  Animal,Unknown,Non-collision (single vehicle),Animal,None Indicated,Animal in roadway,,,,,,Paved,,Property Damage Only,0,0,0,0,0,0,8000,1,1,Southbound (SB),POINT (-92.162405858938 42.682121812478)
20251467370,25-002619,02/01/2025,02-February,7-Saturday,17:50,1700 Hours,District 5 (Southeast),,MARION,77,IDAHO DR,Collision with:  Animal,Unknown,Non-collision (single vehicle),Animal,None Indicated,Animal in roadway,,,,,,Paved,,Property Damage Only,0,0,0,0,0,0,5000,1,2,Southbound (SB),POINT (-92.959995004085 41.381640879911)
20251466736,25-3279,02/01/2025,02-February,7-Saturday,23:05,2300 Hours,District 1 (Central),COLFAX,JASPER,IA-117,IA 117 N,Collision with:  Animal,On Roadway,Non-collision (single vehicle),Animal,None Indicated,Animal in roadway,Dark - roadway not lighted,Dry,Clear,None apparent,Non-intersection:  Non-junction/no special feature,Paved,,Property Damage Only,0,0,0,0,0,0,3000,1,1,Northbound (NB),POINT (-93.23222759951 41.6619493267)
20251466609,PDI20250078,02/01/2025,02-February,7-Saturday,21:25,2100 Hours,District 1 (Central),GRINNELL,POWESHIEK,77,HIGH ST,Collision with fixed object:  Tree,Outside trafficway,Non-collision (single vehicle),Failed to yield to emergency vehicle,None Indicated,Other (explain in narrative),Dark - roadway not lighted,"Mud, dirt",Clear,"Surface condition (e.g., wet, icy)",Non-intersection:  Non-junction/no special feature,Paved,,Possible/Unknown,0,1,0,0,0,1,1700,1,2,Northbound (NB),POINT (-92.719457767441 41.73499746427)
20251466596,202500001273,02/01/2025,02-February,7-Saturday,18:57,1800 Hours,District 6 (East Central),MARION,LINN,77,7TH AV/31ST ST,Collision with:  Vehicle in traffic,On Roadway,Rear-end (front to rear),Other (explain in narrative):  Other,Alcohol (Statutory),None apparent,Dark - roadway lighted,Dry,Clear,None apparent,Intersection:  Five points or more,Paved,,Property Damage Only,0,0,0,0,0,0,5000,2,2,Northbound (NB),POINT (-91.57937808422 42.033536804686)
20251469895,2025-7415,02/01/2025,02-February,7-Saturday,21:26,2100 Hours,District 6 (East Central),DAVENPORT,SCOTT,77,IA 461 S AND WEST CENTRAL PARK AVE,Collision with:  Vehicle in traffic,On Roadway,Head-on (front to front),FTYROW:  Making left turn,None Indicated,None apparent,Dark - roadway lighted,Dry,Clear,None apparent,Non-intersection:  Non-junction/no special feature,Paved,,Property Damage Only,0,0,0,0,0,0,3000,2,2,Southbound (SB),POINT (-90.576951737272 41.545520622381)
20251467364,24-00073,02/01/2025,02-February,7-Saturday,19:21,1900 Hours,District 1 (Central),DES MOINES,POLK,IA-28,1100 BLOCK OF IA 28 S,Collision with fixed object:  Curb/island/raised median,On Roadway,Non-collision (single vehicle),"Operating vehicle in an reckless, erratic, careless, negligent manner",Alcohol (Statutory),None apparent,Dark - roadway lighted,Dry,Cloudy,None apparent,Intersection:  Four-way intersection,Paved,,Property Damage Only,0,0,0,0,0,0,5100,1,1,Northbound (NB),POINT (-93.703643067062 41.599718109948)
20251466715,25SC02890,02/01/2025,02-February,7-Saturday,18:44,1800 Hours,District 3 (Northwest),SIOUX CITY,WOODBURY,IA-376,YORK ST AND IA 376 N,Collision with:  Vehicle in traffic,On Roadway,"Angle, oncoming left turn",FTYROW:  Making left turn,None Indicated,None apparent,Dark - roadway lighted,Dry,Clear,None apparent,Intersection:  Four-way intersection,Paved,,Property Damage Only,0,0,0,0,0,0,4000,2,3,Northbound (NB),POINT (-96.372238516817 42.434811429282)
20251466532,20250002711,02/01/2025,02-February,7-Saturday,02:00,0200 Hours,District 1 (Central),DES MOINES,POLK,77,EAST WASHINGTON AVE,Collision with fixed object:  Utility pole/light support,On Roadway,Non-collision (single vehicle),"Operating vehicle in an reckless, erratic, careless, negligent manner",None Indicated,None apparent,Dark - roadway lighted,Dry,Clear,None apparent,Intersection:  T-intersection,Paved,,Possible/Unknown,0,1,0,0,0,1,8000,1,1,Southbound (SB),POINT (-93.592587428809 41.607784159946)
20251466634,20250002792,02/01/2025,02-February,7-Saturday,22:00,2200 Hours,District 1 (Central),DES MOINES,POLK,77,EAST 25TH ST AND EAST GRAND AVE MEASURING 98 FEET SOUTH FROM EAST 25TH ST,Collision with:  Parked motor vehicle,On Roadway,Unknown,Unknown,None Indicated,None apparent,Dark - roadway lighted,Dry,Clear,None apparent,Non-intersection:  Non-junction/no special feature,Paved,,Possible/Unknown,0,1,0,0,0,1,1500,2,2,Southbound (SB),POINT (-93.57040890659 41.595493371983)
20251467637,25-02024A,02/01/2025,02-February,7-Saturday,22:00,2200 Hours,District 4 (Southwest),,PAGE,77,V AVE HWY 2,Collision with:  Animal,Unknown,Non-collision (single vehicle),Animal,None Indicated,Animal in roadway,,,,,,Unpaved,,Property Damage Only,0,0,0,0,0,0,5000,1,2,Northbound (NB),POINT (-94.961292087034 40.727502606555)
20251466956,2025002727,02/01/2025,02-February,7-Saturday,22:00,2200 Hours,District 6 (East Central),,CLINTON,77,120TH ST 180TH AVE,Collision with fixed object:  Embankment,On Roadway,Non-collision (single vehicle),Ran Stop Sign,None Indicated,None apparent,Dark - roadway not lighted,Gravel,Clear,"Slippery, loose, or worn surface",Intersection:  T-intersection,Unpaved,,Minor Injury,0,3,0,1,2,0,10000,1,3,Southbound (SB),POINT (-90.743187638713 42.004088612561)
20251466519,202500001253,02/01/2025,02-February,7-Saturday,01:33,0100 Hours,District 6 (East Central),MARION,LINN,77,5TH AVE,Collision with:  Parked motor vehicle,On Roadway,Broadside (front to side),Driver Distraction:  Inattentive/lost in thought,None Indicated,None apparent,Dark - roadway lighted,Dry,Clear,None apparent,Non-intersection:  Non-junction/no special feature,Paved,,Property Damage Only,0,0,0,0,0,0,1600,2,2,Southbound (SB),POINT (-91.593617871778 42.031496641536)
20251467292,25-001152,02/01/2025,02-February,7-Saturday,21:13,2100 Hours,District 2 (Northeast),CHARLES CITY,FLOYD,77,CLARK ST,Collision with:  Parked motor vehicle,Shoulder,Unknown,Unknown,None Indicated,None apparent,Dark - roadway not lighted,Dry,Clear,None apparent,Non-intersection:  Non-junction/no special feature,Paved,,Property Damage Only,0,0,0,0,0,0,15000,2,1,Northbound (NB),POINT (-92.68043989403 43.068201062807)
20251466723,CFS2501079,02/01/2025,02-February,7-Saturday,07:40,0700 Hours,District 2 (Northeast),,WINNESHIEK,77,COUNTY RD B32,Collision with fixed object:  Embankment,Roadside,Non-collision (single vehicle),Ran off road - left,None Indicated,Animal in roadway,Daylight,Dry,Other (explain in narrative),None apparent,Non-intersection:  Non-junction/no special feature,Paved,,Property Damage Only,0,0,0,0,0,0,2000,1,1,Southbound (SB),POINT (-91.882617550727 43.130773120143)
20251466798,25-0945,02/01/2025,02-February,7-Saturday,23:31,2300 Hours,District 2 (Northeast),,HOWARD,US 63,US 63 N,Non-collision events:  Jackknife,On Roadway,Non-collision (single vehicle),Ran off road - left,None Indicated,Weather conditions,Dark - roadway not lighted,Ice/frost,Freezing rain/drizzle,"Surface condition (e.g., wet, icy)",Non-intersection:  Non-junction/no special feature,Paved,,Property Damage Only,0,0,0,0,0,0,50000,1,1,Northbound (NB),POINT (-92.29850810116 43.452670119246)
20251468081,25-004405,02/01/2025,02-February,7-Saturday,18:35,1800 Hours,District 3 (Northwest),,BUENA VISTA,IA-7,800 MILE OF HWY 7,Collision with:  Animal,On Roadway,Non-collision (single vehicle),Animal,None Indicated,None apparent,Dark - roadway not lighted,Wet,Cloudy,None apparent,Non-intersection:  Non-junction/no special feature,Paved,,Property Damage Only,0,0,0,0,0,0,5000,1,1,Southbound (SB),POINT (-95.242991429859 42.655672990445)
20251466646,25-000986,02/01/2025,02-February,7-Saturday,13:54,1300 Hours,District 2 (Northeast),SHELL ROCK,BUTLER,77,NORTH PUBLIC RD,Collision with:  Vehicle in traffic,On Roadway,Rear-end (front to rear),Passing:  Through/around barrier,None Indicated,None apparent,Daylight,Dry,Clear,None apparent,Intersection:  Four-way intersection,Paved,,Property Damage Only,0,0,0,0,0,0,3000,2,2,Northbound (NB),POINT (-92.574527982145 42.715715291416)
20251466933,SCFS2500959,02/01/2025,02-February,7-Saturday,21:17,2100 Hours,District 5 (Southeast),,WAPELLO,US 34,"RAMP US 34 E TO AGENCY HENDRICK RD, N AND US 34 E",Collision with:  Animal,Unknown,Non-collision (single vehicle),Animal,None Indicated,Animal in roadway,,,,,,Paved,,Property Damage Only,0,0,0,0,0,0,5000,1,1,Southbound (SB),POINT (-92.310381949941 41.002431694447)
20251466699,25000114,02/01/2025,02-February,7-Saturday,14:18,1400 Hours,District 1 (Central),,STORY,77,NORTH DAYTON AVE AND ATHLONE CT,Collision with:  Animal,On Roadway,Non-collision (single vehicle),Animal,None Indicated,Animal in roadway,,,,,,Paved,,Property Damage Only,0,0,0,0,0,0,2500,1,1,Northbound (NB),POINT (-93.581516248091 42.089941543965)
20251466932,SCFS2500946,02/01/2025,02-February,7-Saturday,11:46,1100 Hours,District 5 (Southeast),,WAPELLO,77,AGENCY HEDRICK RD,Collision with fixed object:  Building,Roadside,Non-collision (single vehicle),Ran off road - left,None Indicated,None apparent,Daylight,Dry,Clear,None apparent,Non-intersection:  Non-junction/no special feature,Paved,,Minor Injury,0,1,0,1,0,0,25000,1,1,Northbound (NB),POINT (-92.304933037125 41.011767426222)
20251466657,W25-008896,02/01/2025,02-February,7-Saturday,18:04,1800 Hours,District 2 (Northeast),WATERLOO,BLACK HAWK,77,RAMP US 218 S TO LA PORTE RD,Collision with:  Vehicle in traffic,On Roadway,Rear-end (front to rear),Other (explain in narrative):  Other,None Indicated,None apparent,Dark - roadway lighted,Dry,Clear,None apparent,Interchange-related:  Off-ramp,Paved,,Possible/Unknown,0,1,0,0,1,0,16000,2,4,Northbound (NB),POINT (-92.322877968294 42.479257836995)
20251466579,25003893,02/01/2025,02-February,7-Saturday,07:03,0700 Hours,District 5 (Southeast),,MUSCATINE,77,BURLINGTON RD,Collision with:  Animal,Unknown,Non-collision (single vehicle),Animal,None Indicated,Animal in roadway,,,,,,Paved,,Property Damage Only,0,0,0,0,0,0,1500,1,1,Northbound (NB),POINT (-91.180978432155 41.354154659061)
20251466551,25-001552,02/01/2025,02-February,7-Saturday,09:22,0900 Hours,District 3 (Northwest),ORANGE CITY,SIOUX,77,6TH ST SW AND MICHIGAN AVE SW,Collision with:  Vehicle in traffic,On Roadway,Broadside (front to side),FTYROW:  From driveway,None Indicated,None apparent,Daylight,Dry,Cloudy,None apparent,Non-intersection:  Driveway access (within),Paved,,Property Damage Only,0,0,0,0,0,0,5000,2,2,Northbound (NB),POINT (-96.071683335855 43.000096550844)
20251466729,25000874,02/01/2025,02-February,7-Saturday,12:06,1200 Hours,District 6 (East Central),,DELAWARE,77,110TH AVE,Collision with:  Animal,Unknown,Non-collision (single vehicle),Animal,None Indicated,Animal in roadway,,,,,,Paved,,Property Damage Only,0,0,0,0,0,0,10000,1,3,Northbound (NB),POINT (-91.588135614397 42.502964488954)
20251466656,2506709,02/01/2025,02-February,7-Saturday,22:30,2200 Hours,District 6 (East Central),,CLINTON,US 61,US 61 N,Collision with:  Animal,Unknown,Non-collision (single vehicle),Animal,None Indicated,Animal in roadway,,,,,,Paved,,Property Damage Only,0,0,0,0,0,0,10000,1,2,Northbound (NB),POINT (-90.567477987504 41.794324799908)
20251466631,MC2500349,02/01/2025,02-February,7-Saturday,10:39,1000 Hours,District 2 (Northeast),MASON CITY,CERRO GORDO,77,VILLAGE GREEN DR SW,Collision with:  Vehicle in traffic,On Roadway,Broadside (front to side),FTYROW:  From driveway,None Indicated,None apparent,Daylight,Dry,Cloudy,None apparent,"Non-intersection:  Driveway access (related, not in)",Paved,,Possible/Unknown,0,1,0,0,1,0,7000,2,2,Eastbound (EB),POINT (-93.250415289604 43.147652517447)
20251466554,25-00498,02/01/2025,02-February,7-Saturday,12:30,1200 Hours,District 1 (Central),WEST DES MOINES,POLK,77,UNIVERSITY AVE & 28TH ST,Collision with:  Vehicle in traffic,On Roadway,Rear-end (front to rear),Driver Distraction:  Other interior distraction,None Indicated,None apparent,Daylight,Dry,Cloudy,None apparent,Intersection:  Four-way intersection,Paved,,Property Damage Only,0,0,0,0,0,0,4000,2,3,Southbound (SB),POINT (-93.742397836503 41.600393112481)
20251466642,W25-008855,02/01/2025,02-February,7-Saturday,14:00,1400 Hours,District 2 (Northeast),WATERLOO,BLACK HAWK,77,WEST SHAULIS RD AND KIMBALL AVE AND EAST SHAULIS RD,Collision with:  Vehicle in traffic,On Roadway,Broadside (front to side),Ran Stop Sign,None Indicated,Unknown,Daylight,Dry,Cloudy,Unknown,Intersection:  Four-way intersection,Paved,,Property Damage Only,0,0,0,0,0,0,1500,2,3,Southbound (SB),POINT (-92.356741252011 42.443195187379)
20251466530,20250002692,02/01/2025,02-February,7-Saturday,07:55,0700 Hours,District 1 (Central),DES MOINES,POLK,US 69,RAMP I 235 E TO US 69 S AND LYON ST AND US 69 S,Collision with:  Vehicle in traffic,On Roadway,Rear-end (front to rear),Driver Distraction:  Exterior distraction,None Indicated,None apparent,Daylight,Dry,Clear,None apparent,Non-intersection:  Non-junction/no special feature,Paved,,Possible/Unknown,0,1,0,0,1,0,0,2,3,Eastbound (EB),POINT (-93.598714699022 41.59552058735)
20251466542,2025-000728,02/01/2025,02-February,7-Saturday,11:03,1100 Hours,District 6 (East Central),DUBUQUE,DUBUQUE,77,GILLIAM ST AND MINERAL ST,Collision with:  Vehicle in traffic,On Roadway,Unknown,Unknown,None Indicated,None apparent,Daylight,Dry,Clear,None apparent,Intersection:  Other intersection (explain in narrative),Paved,,Property Damage Only,0,0,0,0,0,0,2000,2,3,Southbound (SB),POINT (-90.698180505063 42.496726492273)
20251466600,S25-000216,02/01/2025,02-February,7-Saturday,23:15,2300 Hours,District 4 (Southwest),,POTTAWATTAMIE,77,MAHOGANY RD,Non-collision events:  Overturn/rollover,Roadside,Non-collision (single vehicle),Ran off road - left,None Indicated,None apparent,Dark - roadway not lighted,Dry,Clear,None apparent,Non-intersection:  Non-junction/no special feature,Paved,,Possible/Unknown,0,1,0,0,1,0,10000,1,1,Southbound (SB),POINT (-95.256874086786 41.389855791252)
20251466604,25-000182,02/01/2025,02-February,7-Saturday,10:20,1000 Hours,District 1 (Central),ALTOONA,POLK,77,8TH ST SW AND 34TH AVE SW,Collision with:  Vehicle in traffic,On Roadway,"Sideswipe, same direction",Improper or erratic lane changing,None Indicated,None apparent,Daylight,Dry,Cloudy,None apparent,Intersection:  Four-way intersection,Paved,,Property Damage Only,0,0,0,0,0,0,3500,2,3,Southbound (SB),POINT (-93.503160152157 41.644068060766)
20251466629,25-00247,02/01/2025,02-February,7-Saturday,12:00,1200 Hours,District 4 (Southwest),URBANDALE,POLK,77,3900 BLK 121ST ST,Collision with:  Vehicle in traffic,On Roadway,Broadside (front to side),FTYROW:  Making left turn,None Indicated,None apparent,Daylight,Dry,Clear,None apparent,Non-intersection:  Non-junction/no special feature,Paved,,Property Damage Only,0,0,0,0,0,0,7000,2,3,Northbound (NB),POINT (-93.782642272298 41.632912281857)
20251466583,20251008,02/01/2025,02-February,7-Saturday,09:50,0900 Hours,District 6 (East Central),MOUNT VERNON,LINN,77,BUSINESS 30 SW,Collision with:  Vehicle in traffic,On Roadway,Broadside (front to side),FTYROW:  Making left turn,None Indicated,None apparent,Daylight,Dry,Clear,None apparent,Intersection:  Other intersection (explain in narrative),Paved,,Property Damage Only,0,0,0,0,0,0,3500,2,3,Southbound (SB),POINT (-91.409800695161 41.916697584867)
20251466655,25-0546,02/01/2025,02-February,7-Saturday,00:59,0000 Hours,District 6 (East Central),HIAWATHA,LINN,77,17TH AVE,Collision with fixed object:  Tree,On Roadway,Non-collision (single vehicle),"Operating vehicle in an reckless, erratic, careless, negligent manner",Refused,None apparent,Dark - roadway lighted,Dry,Clear,None apparent,Intersection:  Four-way intersection,Paved,,Property Damage Only,0,0,0,0,0,0,10200,1,1,Northbound (NB),POINT (-91.695997302539 42.039244244282)
20251466586,20250002742,02/01/2025,02-February,7-Saturday,18:00,1800 Hours,District 1 (Central),DES MOINES,POLK,77,HILLCREST DR,Collision with:  Parked motor vehicle,Shoulder,Rear-end (front to rear),Driver Distraction:  Talking on a hand-held device,None Indicated,None apparent,Dark - roadway lighted,Dry,Clear,None apparent,Non-intersection:  Non-junction/no special feature,Paved,,Property Damage Only,0,0,0,0,0,0,3000,2,3,Southbound (SB),POINT (-93.662726277311 41.643312870479)
20251466584,24-00502,02/01/2025,02-February,7-Saturday,14:49,1400 Hours,District 1 (Central),WEST DES MOINES,POLK,77,2100 ASHWORTH RD,Collision with:  Vehicle in traffic,On Roadway,Rear-end (front to rear),Followed too close,None Indicated,None apparent,Daylight,Dry,Clear,None apparent,Non-intersection:  Non-junction/no special feature,Paved,,Property Damage Only,0,0,0,0,0,0,3250,2,3,Southbound (SB),POINT (-93.735631234405 41.584655961924)
20251466659,W25-008938,02/01/2025,02-February,7-Saturday,20:36,2000 Hours,District 2 (Northeast),WATERLOO,BLACK HAWK,77,RANCHERO RD AND US 63 N,Collision with:  Animal,On Roadway,Non-collision (single vehicle),Animal,None Indicated,None apparent,Dark - roadway not lighted,Dry,Clear,None apparent,Non-intersection:  Non-junction/no special feature,Paved,,Property Damage Only,0,0,0,0,0,0,3500,1,3,Southbound (SB),POINT (-92.40855302692 42.454767658689)
20251466545,20250002710,02/01/2025,02-February,7-Saturday,11:02,1100 Hours,District 1 (Central),DES MOINES,POLK,77,6TH AVE AND US 6 E,Collision with:  Vehicle in traffic,On Roadway,Rear-end (front to rear),Followed too close,None Indicated,None apparent,Daylight,Dry,Cloudy,None apparent,Intersection:  Four-way intersection,Paved,,Property Damage Only,0,0,0,0,0,0,3000,2,3,Northbound (NB),POINT (-93.624762537359 41.627663845307)
20251466612,25-0044,02/01/2025,02-February,7-Saturday,04:06,0400 Hours,District 1 (Central),FORT DODGE,WEBSTER,77,NORTH 7TH ST2800 BLK,Collision with fixed object:  Tree,Shoulder,Non-collision (single vehicle),Ran off road - left,Under Influence of Alcohol/Drugs/Medications,None apparent,Dark - roadway not lighted,Dry,Clear,None apparent,Non-intersection:  Non-junction/no special feature,Paved,,Major Injury,0,2,2,0,0,0,15000,1,1,Northbound (NB),POINT (-94.192206219053 42.53432360202)
20251466698,25-003083,02/01/2025,02-February,7-Saturday,21:32,2100 Hours,District 5 (Southeast),FORT MADISON,LEE,77,1ST ST AND 2ND ST,Collision with:  Animal,On Roadway,Non-collision (single vehicle),Animal,None Indicated,Animal in roadway,,,,,,Paved,,Property Damage Only,0,0,0,0,0,0,1500,1,2,Northbound (NB),POINT (-91.299161209549 40.63620346514)
20251466515,20250002675,02/01/2025,02-February,7-Saturday,01:15,0100 Hours,District 1 (Central),DES MOINES,POLK,77,2ND AVE AND COURT AVE,Collision with:  Parked motor vehicle,On Roadway,"Sideswipe, same direction",Driver Distraction:  Passenger,None Indicated,None apparent,Dark - roadway lighted,Dry,Clear,None apparent,Non-intersection:  Non-junction/no special feature,Paved,,Property Damage Only,0,0,0,0,0,0,5500,3,3,Southbound (SB),POINT (-93.619233775993 41.585566977001)
20251466531,20250002695,02/01/2025,02-February,7-Saturday,08:09,0800 Hours,District 1 (Central),DES MOINES,POLK,77,46TH ST AND HICKMAN RD,Collision with:  Vehicle in traffic,On Roadway,Broadside (front to side),Ran Stop Sign,None Indicated,None apparent,Daylight,Dry,Clear,None apparent,Intersection:  Four-way intersection,Paved,,Minor Injury,0,2,0,2,0,0,20000,2,3,Northbound (NB),POINT (-93.680319117397 41.614900538008)
20251466549,25-000646,02/01/2025,02-February,7-Saturday,12:49,1200 Hours,District 1 (Central),JEFFERSON,GREENE,77,100 BLK W HARRISON ST,Collision with:  Vehicle in traffic,On Roadway,Other (explain in narrative),Unknown,None Indicated,None apparent,Daylight,Dry,Clear,None apparent,Non-intersection:  Non-junction/no special feature,Paved,,Property Damage Only,0,0,0,0,0,0,4000,2,5,Southbound (SB),POINT (-94.375339146223 42.014283458489)