Iowa DOT Case Number,Law Enforcement Case Number,Date of Crash,Month of Crash,Day of Week,Time of Crash,Hour,DOT District,City Name,County Name,Route with System,Location Description,First Harmful Event,Location of First Harmful Event,Manner of Crash/Collision,Major Cause,Drug or Alcohol ,Environmental Conditions,Light Conditions,Surface Conditions,Weather Conditions,Roadway Contribution,Roadway Type,Roadway Surface,Work Zone,Crash Severity,Number of Fatalities,Number of Injuries,Number of Major Injuries,Number of Minor Injuries,Number of Possible Injuries,Number of Unknown Injuries,Amount of Property Damage,Number of Vehicles Involved,Total Number of Occupants,Travel Direction,Location
20251466590,25-806,02/01/2025,02-February,7-Saturday,20:29,2000 Hours,District 1 (Central),,POLK,IA-28,"5000 BLK MERLE HAY RD, URBANDALE",Collision with:  Vehicle in traffic,On Roadway,Rear-end (front to rear),Followed too close,None Indicated,None apparent,Dark - roadway lighted,Dry,Clear,None apparent,Intersection:  Intersection with ramp,Paved,,Property Damage Only,0,0,0,0,0,0,4500,2,3,Northbound (NB),POINT (-93.697516696063 41.652573524285)
20251466639,MC2500363,02/01/2025,02-February,7-Saturday,22:05,2200 Hours,District 2 (Northeast),MASON CITY,CERRO GORDO,77,12TH ST NW AND NORTH TAFT AVE,Collision with fixed object:  Ditch,On Roadway,Non-collision (single vehicle),Ran Stop Sign,None Indicated,None apparent,Dark - unknown roadway lighting,Unknown,Unknown,Unknown,Intersection:  T-intersection,Paved,,Property Damage Only,0,0,0,0,0,0,10800,1,1,Northbound (NB),POINT (-93.240709787968 43.162747449379)
20251466735,2025002716,02/01/2025,02-February,7-Saturday,01:00,0100 Hours,District 3 (Northwest),,CHEROKEE,77,B AVE,Non-collision events:  Overturn/rollover,Shoulder,Non-collision (single vehicle),Ran off road - right,None Indicated,None apparent,Dark - roadway not lighted,Dry,Clear,None apparent,Non-intersection:  Non-junction/no special feature,Unpaved,,Possible/Unknown,0,1,0,0,1,0,1500,1,1,Northbound (NB),POINT (-95.839939962649 42.736547073825)
20251466813,25-000186,02/01/2025,02-February,7-Saturday,19:30,1900 Hours,District 1 (Central),ALTOONA,POLK,77,900 EAGLE CREEK BLVD,Collision with fixed object:  Mailbox,Outside trafficway,Non-collision (single vehicle),Ran off road - right,None Indicated,None apparent,Dark - roadway lighted,Dry,Clear,None apparent,Non-intersection:  Non-junction/no special feature,Paved,,Property Damage Only,0,0,0,0,0,0,1500,1,1,Northbound (NB),POINT (-93.491791998287 41.642937319013)
20251466888,25000407,02/01/2025,02-February,7-Saturday,18:12,1800 Hours,District 4 (Southwest),,ADAMS,US 34,US 34 E,Collision with:  Animal,On Roadway,Non-collision (single vehicle),Animal,None Indicated,Animal in roadway,Dark - unknown roadway lighting,,,,Non-intersection:  Non-junction/no special feature,Paved,,Property Damage Only,0,0,0,0,0,0,10000,1,1,Southbound (SB),POINT (-94.827227576915 40.97990403784)
20251467048,25-001567,02/01/2025,02-February,7-Saturday,14:18,1400 Hours,District 3 (Northwest),SIOUX CENTER,SIOUX,77,SOUTH MAIN FRONTAGE RD,Collision with:  Vehicle in traffic,On Roadway,Rear-end (front to rear),Driving too fast for conditions,None Indicated,None apparent,Daylight,Dry,Cloudy,None apparent,Non-intersection:  Driveway access (within),Paved,,Property Damage Only,0,0,0,0,0,0,5500,2,2,Northbound (NB),POINT (-96.17570289 43.055592388531)
20251466606,25-001062,02/01/2025,02-February,7-Saturday,19:12,1900 Hours,District 4 (Southwest),,MONTGOMERY,IA-48,IA 48 N,Collision with:  Animal,Unknown,Non-collision (single vehicle),Animal,None Indicated,Animal in roadway,,,,,,Paved,,Property Damage Only,0,0,0,0,0,0,10000,1,1,Northbound (NB),POINT (-95.232975752532 41.032168184358)
20251466581,S25-00660,02/01/2025,02-February,7-Saturday,17:50,1700 Hours,District 5 (Southeast),,DES MOINES,US 996,FLINT BOTTOM RD AND US 61 N,Collision with:  Animal,Unknown,Non-collision (single vehicle),Animal,None Indicated,Animal in roadway,,,,,,Unpaved,,Property Damage Only,0,0,0,0,0,0,20000,1,1,Eastbound (EB),POINT (-91.15868440815 40.855103337927)
20251466476,,02/01/2025,02-February,7-Saturday,18:00,1800 Hours,District 2 (Northeast),,CLAYTON,77,182ND ST,Collision with:  Animal,On Roadway,Non-collision (single vehicle),Animal,None Indicated,,Dark - roadway not lighted,Dry,Cloudy,,Non-intersection:  Non-junction/no special feature,Paved,,Property Damage Only,0,0,0,0,0,0,10000,1,2,Southbound (SB),POINT (-91.356722225633 42.960946433471)
20251466541,26-000439,02/01/2025,02-February,7-Saturday,07:51,0700 Hours,District 5 (Southeast),,DAVIS,77,215TH ST,Collision with fixed object:  Embankment,Roadside,Non-collision (single vehicle),Driving too fast for conditions,None Indicated,None apparent,Daylight,Ice/frost,Clear,"Surface condition (e.g., wet, icy)",Non-intersection:  Non-junction/no special feature,Paved,,Possible/Unknown,0,1,0,0,1,0,15000,1,1,Southbound (SB),POINT (-92.337415496165 40.748302649974)
20251466826,25-001640,02/01/2025,02-February,7-Saturday,22:11,2200 Hours,District 2 (Northeast),WAUCOMA,FAYETTE,77,RIVERVIEW DR,Collision with:  Vehicle in traffic,On Roadway,"Sideswipe, opposite direction",Failed to keep in proper lane,None Indicated,Weather conditions,Dark - roadway not lighted,Ice/frost,Freezing rain/drizzle,"Surface condition (e.g., wet, icy)",Non-intersection:  Non-junction/no special feature,Paved,,Property Damage Only,0,0,0,0,0,0,12500,2,6,Northbound (NB),POINT (-92.041318014357 43.055086369604)
20251466595,2025002720,02/01/2025,02-February,7-Saturday,19:13,1900 Hours,District 5 (Southeast),,CLARKE,I-35,I 35 NB 39MM,Collision with:  Animal,Unknown,Non-collision (single vehicle),Animal,None Indicated,Animal in roadway,,,,,,Paved,,Property Damage Only,0,0,0,0,0,0,3000,1,0,Northbound (NB),POINT (-93.78174757992 41.112029947893)
20251467342,25000778,02/01/2025,02-February,7-Saturday,06:31,0600 Hours,District 5 (Southeast),,LOUISA,IA-92,214TH AVE AND IA 92 E,Collision with:  Animal,Unknown,Non-collision (single vehicle),Animal,None Indicated,Animal in roadway,,,,,,Paved,,Property Damage Only,0,0,0,0,0,0,1500,1,1,Southbound (SB),POINT (-91.330999188458 41.277858543018)
20251466576,25-000453,02/01/2025,02-February,7-Saturday,17:44,1700 Hours,District 1 (Central),ANKENY,POLK,77,N ANKENY BLVD AND NW 5TH ST,Collision with:  Parked motor vehicle,On Roadway,Broadside (front to side),Lost Control,None Indicated,None apparent,Dark - roadway lighted,Dry,Clear,None apparent,Intersection:  Four-way intersection,Paved,,Property Damage Only,0,0,0,0,0,0,12000,2,2,Southbound (SB),POINT (-93.600433226466 41.735437477633)
20251466623,25-000447,02/01/2025,02-February,7-Saturday,09:33,0900 Hours,District 1 (Central),ANKENY,POLK,77,E1ST ST / DELAWARE AVE,Collision with:  Vehicle in traffic,On Roadway,Rear-end (front to rear),Followed too close,None Indicated,None apparent,Daylight,Dry,Cloudy,None apparent,Non-intersection:  Non-junction/no special feature,Paved,,Possible/Unknown,0,1,0,0,1,0,2000,2,3,Northbound (NB),POINT (-93.581075494189 41.731709011912)
20251466605,25-000185,02/01/2025,02-February,7-Saturday,17:35,1700 Hours,District 1 (Central),ALTOONA,POLK,77,ADVENTURELAND DR AND 1ST AVE N,Collision with:  Vehicle in traffic,On Roadway,Broadside (front to side),FTYROW:  Making left turn,None Indicated,None apparent,Dusk,Dry,Clear,None apparent,Intersection:  Four-way intersection,Paved,,Property Damage Only,0,0,0,0,0,0,20000,2,2,Westbound (WB),POINT (-93.464559630636 41.663172640969)
20251466630,25-00248,02/01/2025,02-February,7-Saturday,16:17,1600 Hours,District 1 (Central),URBANDALE,POLK,77,4800 BLK 86TH STREET,Collision with:  Vehicle in traffic,On Roadway,Rear-end (front to rear),Followed too close,None Indicated,None apparent,Daylight,Dry,Clear,None apparent,Intersection:  Four-way intersection,Paved,,Property Damage Only,0,0,0,0,0,0,1750,2,2,Northbound (NB),POINT (-93.736384222039 41.648773267508)
20251466919,2025002713,02/01/2025,02-February,7-Saturday,17:09,1700 Hours,District 1 (Central),NEWTON,JASPER,I-80,"INTERSTATE 80 AND 164  MILE MARKER, EASTBOUND",Collision with fixed object:  Cable barrier,Median,Non-collision (single vehicle),"Operating vehicle in an reckless, erratic, careless, negligent manner",Alcohol (Statutory),None apparent,Daylight,Dry,Cloudy,None apparent,Non-intersection:  Non-junction/no special feature,Paved,,Property Damage Only,0,0,0,0,0,0,6400,2,3,Southbound (SB),POINT (-93.084755015122 41.682436849819)
20251466544,2025-000731,02/01/2025,02-February,7-Saturday,12:37,1200 Hours,District 6 (East Central),DUBUQUE,DUBUQUE,77,WEST 11TH ST AND EAST 11TH ST AND CENTRAL AVE,Collision with:  Vehicle in traffic,On Roadway,"Sideswipe, same direction",Other (explain in narrative):  No improper action,None Indicated,None apparent,Daylight,Dry,Clear,None apparent,Non-intersection:  Non-junction/no special feature,Paved,,Property Damage Only,0,0,0,0,0,0,6500,2,5,Eastbound (EB),POINT (-90.666421383863 42.503873408807)
20251467057,25000349,02/01/2025,02-February,7-Saturday,15:15,1500 Hours,District 1 (Central),AMES,STORY,77,DOUGLAS AVE AND DUFF AVE,Collision with:  Parked motor vehicle,On Roadway,"Sideswipe, same direction",Driver Distraction:  Inattentive/lost in thought,None Indicated,None apparent,Daylight,Dry,Cloudy,None apparent,Intersection:  T-intersection,Paved,,Property Damage Only,0,0,0,0,0,0,6000,2,1,Northbound (NB),POINT (-93.612403009929 42.043883701035)
20251466539,25-001095,02/01/2025,02-February,7-Saturday,04:51,0400 Hours,District 4 (Southwest),COUNCIL BLUFFS,POTTAWATTAMIE,77,2300 BLOCK OF AVE E,Collision with:  Vehicle in traffic,On Roadway,"Sideswipe, same direction",Unknown,None Indicated,None apparent,Dark - roadway lighted,Dry,Clear,None apparent,Non-intersection:  Non-junction/no special feature,Paved,,Possible/Unknown,0,1,0,0,0,1,5000,2,1,Southbound (SB),POINT (-95.878955668426 41.266250164405)
20251466836,25-1665,02/01/2025,02-February,7-Saturday,20:07,2000 Hours,District 2 (Northeast),,BREMER,US 218,US 218 N,Collision with:  Animal,On Roadway,Non-collision (single vehicle),Animal,None Indicated,Animal in roadway,,,,,,Paved,,Property Damage Only,0,0,0,0,0,0,10000,1,2,Northbound (NB),POINT (-92.544353784652 42.876993825812)
20251467972,25001374,02/02/2025,02-February,1-Sunday,22:38,2200 Hours,District 2 (Northeast),,WORTH,77,BLUEBILL AVE,Collision with fixed object:  Ditch,Shoulder,Non-collision (single vehicle),Lost Control,None Indicated,None apparent,Dark - roadway not lighted,Dry,Clear,None apparent,Non-intersection:  Other non-intersection (explain in narrative),Paved,,Minor Injury,0,1,0,1,0,0,20000,1,1,Northbound (NB),POINT (-93.462200438206 43.342979980384)
20251466682,25-001696,02/02/2025,02-February,1-Sunday,00:25,0000 Hours,District 5 (Southeast),,HENRY,77,PENN AVE,Collision with fixed object:  Ditch,Roadside,Non-collision (single vehicle),Ran off road - left,None Indicated,None apparent,Dark - roadway not lighted,Gravel,Clear,"Shoulders (none, low, soft, high)",Non-intersection:  Non-junction/no special feature,Unpaved,,Property Damage Only,0,0,0,0,0,0,3500,1,2,Northbound (NB),POINT (-91.426495242421 40.819487347048)
20251466766,OCFS2502933,02/02/2025,02-February,1-Sunday,13:15,1300 Hours,District 5 (Southeast),OTTUMWA,WAPELLO,US 34,US 34 E,Collision with:  Vehicle in traffic,On Roadway,"Sideswipe, same direction",Other (explain in narrative):  No improper action,None Indicated,None apparent,Daylight,Dry,Clear,None apparent,Non-intersection:  Non-junction/no special feature,Paved,,Property Damage Only,0,0,0,0,0,0,2300,2,4,Southbound (SB),POINT (-92.436514810412 41.018251007666)
20251466958,2025002737,02/02/2025,02-February,1-Sunday,05:04,0500 Hours,District 3 (Northwest),,BUENA VISTA,US 71,HWY 71/162 MM,Collision with:  Vehicle in traffic,On Roadway,Head-on (front to front),Failed to keep in proper lane,None Indicated,None apparent,Dark - roadway not lighted,Dry,"Fog, smoke, smog",None apparent,Non-intersection:  Non-junction/no special feature,Paved,,Fatal,1,2,1,1,0,0,30000,2,3,Northbound (NB),POINT (-95.151416800588 42.595817036897)
20251466686,25000195,02/02/2025,02-February,1-Sunday,02:17,0200 Hours,District 6 (East Central),IOWA CITY,JOHNSON,77,BYNGTON RD AND UNIVERSITY OF IOWA AND MELROSE AVE,Collision with fixed object:  Traffic sign support,Outside trafficway,Non-collision (single vehicle),Ran off road - straight,None Indicated,None apparent,Dark - roadway lighted,Dry,Clear,None apparent,Non-intersection:  Non-junction/no special feature,Paved,,Property Damage Only,0,0,0,0,0,0,2800,1,1,Southbound (SB),POINT (-91.5437322115 41.656830843728)
20251466653,W25-009206,02/02/2025,02-February,1-Sunday,16:16,1600 Hours,District 2 (Northeast),WATERLOO,BLACK HAWK,77,EAST MITCHELL AVE AND WEST 9TH ST,Collision with:  Vehicle in traffic,On Roadway,Broadside (front to side),Lost Control,None Indicated,None apparent,Daylight,Dry,Cloudy,None apparent,Intersection:  Four-way intersection,Paved,,Possible/Unknown,0,1,0,0,1,0,27000,2,2,Northbound (NB),POINT (-92.342505457464 42.476634333637)
20251467155,2501279,02/02/2025,02-February,1-Sunday,17:20,1700 Hours,District 3 (Northwest),,CRAWFORD,IA-39,IA 39 N 4MM NB,Collision with:  Animal,Unknown,Non-collision (single vehicle),Animal,None Indicated,Animal in roadway,,,,,,Paved,,Property Damage Only,0,0,0,0,0,0,7000,1,2,Northbound (NB),POINT (-95.345050957971 42.076292772233)
20251466627,25-001615,02/02/2025,02-February,1-Sunday,09:15,0900 Hours,District 3 (Northwest),SIOUX CENTER,SIOUX,77,14TH ST SE AND 7TH AVE SE,Collision with:  Vehicle in traffic,On Roadway,Broadside (front to side),Ran Stop Sign,None Indicated,None apparent,Daylight,Wet,Clear,None apparent,Intersection:  Four-way intersection,Paved,,Property Damage Only,0,0,0,0,0,0,20000,2,2,Northbound (NB),POINT (-96.165918914236 43.062544746915)
20251467059,25000365,02/02/2025,02-February,1-Sunday,18:33,1800 Hours,District 1 (Central),AMES,STORY,77,ARIZONA AVE,Collision with:  Parked motor vehicle,On Roadway,Rear to side,Driver Distraction:  Other interior distraction,None Indicated,None apparent,Dark - roadway lighted,Dry,Clear,None apparent,Non-intersection:  Non-junction/no special feature,Paved,,Property Damage Only,0,0,0,0,0,0,3000,2,4,Northbound (NB),POINT (-93.676927160631 42.030335697457)
20251468203,25-001372,02/02/2025,02-February,1-Sunday,12:10,1200 Hours,District 1 (Central),IOWA FALLS,HARDIN,US 65,US 65 N,Collision with:  Vehicle in traffic,On Roadway,"Angle, oncoming left turn",FTYROW:  Making left turn,None Indicated,None apparent,Daylight,Wet,Cloudy,None apparent,Non-intersection:  Non-junction/no special feature,Paved,,Possible/Unknown,0,1,0,0,0,1,5000,2,2,Northbound (NB),POINT (-93.262370580546 42.502860023024)
20251466643,012-25,02/02/2025,02-February,1-Sunday,15:55,1500 Hours,District 5 (Southeast),,MADISON,77,CLARK TOWER RD,Collision with:  Animal,Unknown,Non-collision (single vehicle),Animal,None Indicated,Animal in roadway,,,,,,Paved,,Property Damage Only,0,0,0,0,0,0,12000,1,2,Northbound (NB),POINT (-94.013316166124 41.255566101869)
20251466866,25000465,02/02/2025,02-February,1-Sunday,13:00,1300 Hours,District 5 (Southeast),KEOSAUQUA,VAN BUREN,IA-1,IA 1 N,Collision with:  Non-motorist (see non-motorist section - NOT a unit),On Roadway,Non-collision (single vehicle),Swerving/Evasive Action,None Indicated,None apparent,Daylight,"Mud, dirt",Clear,None apparent,Intersection:  Four-way intersection,Paved,,Minor Injury,0,2,0,2,0,0,0,1,1,Northbound (NB),POINT (-91.963242270046 40.732647863347)
20251466665,W25-009219,02/02/2025,02-February,1-Sunday,16:38,1600 Hours,District 2 (Northeast),WATERLOO,BLACK HAWK,77,NEWELL ST AND LINN ST,Collision with:  Vehicle in traffic,On Roadway,"Angle, oncoming left turn",FTYROW:  Making left turn,None Indicated,None apparent,Daylight,Dry,Clear,None apparent,Non-intersection:  Non-junction/no special feature,Paved,,Possible/Unknown,0,1,0,0,1,0,11500,2,3,Southbound (SB),POINT (-92.331154423687 42.51320438304)
20251466652,2025-000755,02/02/2025,02-February,1-Sunday,16:40,1600 Hours,District 6 (East Central),ASBURY,DUBUQUE,77,RADFORD RD AND CAMELOT DR AND SARATOGA RD,Collision with:  Vehicle in traffic,On Roadway,Broadside (front to side),Ran Stop Sign,None Indicated,None apparent,Daylight,Dry,Cloudy,None apparent,Intersection:  Four-way intersection,Paved,,Minor Injury,0,1,0,1,0,0,7000,2,3,Northbound (NB),POINT (-90.750136632052 42.508411961614)
20251466645,25-000021,02/02/2025,02-February,1-Sunday,11:25,1100 Hours,District 1 (Central),HUXLEY,STORY,77,EAST 1ST ST,Collision with:  Vehicle in traffic,On Roadway,Broadside (front to side),Ran Traffic Signal,None Indicated,None apparent,Daylight,Dry,Clear,None apparent,Intersection:  Four-way intersection,Paved,,Property Damage Only,0,0,0,0,0,0,7500,2,3,Southbound (SB),POINT (-93.600176918251 41.892366118926)
20251466864,25-001440,02/02/2025,02-February,1-Sunday,12:10,1200 Hours,District 4 (Southwest),GLENWOOD,MILLS,77,SHARP ST,Collision with:  Vehicle in traffic,On Roadway,Other (explain in narrative),Driver Distraction:  Other interior distraction,None Indicated,None apparent,Daylight,Dry,Clear,None apparent,Intersection:  Four-way intersection,Paved,,Property Damage Only,0,0,0,0,0,0,9500,3,3,Southbound (SB),POINT (-95.744862656558 41.046254358599)
20251467058,25000362,02/02/2025,02-February,1-Sunday,17:06,1700 Hours,District 1 (Central),AMES,STORY,77,ONTARIO ST,Collision with:  Vehicle in traffic,On Roadway,Broadside (front to side),Ran Stop Sign,None Indicated,None apparent,Dusk,Dry,Clear,None apparent,Intersection:  Four-way intersection,Paved,,Property Damage Only,0,0,0,0,0,0,10000,2,4,Southbound (SB),POINT (-93.678687687908 42.03457639244)
20251467183,,02/02/2025,02-February,1-Sunday,10:15,1000 Hours,District 4 (Southwest),COUNCIL BLUFFS,POTTAWATTAMIE,77,AVE K and NORTH 16TH ST,Collision with:  Vehicle in traffic,Continuous left turn lane,Rear-end (front to rear),Unknown,None Indicated,,Daylight,Dry,Clear,,Non-intersection:  Non-junction/no special feature,Paved,,Possible/Unknown,0,1,0,0,1,0,4601,2,2,Southbound (SB),POINT (-95.867433939474 41.271635519903)
20251466620,ACSO 25-776,02/02/2025,02-February,1-Sunday,05:45,0500 Hours,District 2 (Northeast),,ALLAMAKEE,77,GREAT RIVER RD,Collision with fixed object:  Ditch,Roadside,Non-collision (single vehicle),Ran off road - left,None Indicated,None apparent,Dark - roadway not lighted,Ice/frost,Clear,"Surface condition (e.g., wet, icy)",Non-intersection:  Non-junction/no special feature,Paved,,Property Damage Only,0,0,0,0,0,0,2000,1,1,Northbound (NB),POINT (-91.154109136593 43.310611432372)
20251466779,20250002857,02/02/2025,02-February,1-Sunday,13:00,1300 Hours,District 1 (Central),DES MOINES,POLK,77,EAST 4TH ST,Collision with:  Parked motor vehicle,On Roadway,Head-on (front to front),Failed to keep in proper lane,None Indicated,None apparent,Daylight,Dry,Clear,None apparent,Non-intersection:  Non-junction/no special feature,Paved,,Possible/Unknown,0,1,0,0,0,1,3500,3,1,Northbound (NB),POINT (-93.613869238339 41.592972683848)
20251467071,25-0563,02/02/2025,02-February,1-Sunday,11:02,1100 Hours,District 6 (East Central),HIAWATHA,LINN,I-380,I 380 S,Collision with:  Vehicle in traffic,On Roadway,Rear-end (front to rear),Other (explain in narrative):  Other,None Indicated,None apparent,Daylight,Dry,Clear,None apparent,Non-intersection:  Non-junction/no special feature,Paved,,Property Damage Only,0,0,0,0,0,0,20000,2,2,Eastbound (EB),POINT (-91.701827361546 42.097049858422)
20251466754,CFS2501110,02/02/2025,02-February,1-Sunday,11:51,1100 Hours,District 2 (Northeast),,WINNESHIEK,77,NORTH WINN RD,Collision with:  Animal,On Roadway,Non-collision (single vehicle),Animal,None Indicated,Animal in roadway,,,,,,Paved,,Property Damage Only,0,0,0,0,0,0,2500,1,1,Northbound (NB),POINT (-91.80978547485 43.41333948672)
20251466633,20250002791,02/02/2025,02-February,1-Sunday,10:21,1000 Hours,District 1 (Central),DES MOINES,POLK,77,EAST ROSE AVE MEASURING 132 FEET EAST FROM SE 22ND ST,Collision with:  Parked motor vehicle,Roadside,Unknown,Unknown,None Indicated,Unknown,Daylight,Dry,Unknown,Unknown,Non-intersection:  Non-junction/no special feature,Paved,,Possible/Unknown,0,1,0,0,0,1,1500,2,1,Southbound (SB),POINT (-93.57695842002 41.552144667197)
20251467026,2025002749,02/02/2025,02-February,1-Sunday,18:20,1800 Hours,District 5 (Southeast),,JEFFERSON,77,220TH ST MEASURING 3318 FEET SOUTH FROM HEMLOCK AVE,Collision with:  Animal,Unknown,Non-collision (single vehicle),Animal,None Indicated,Animal in roadway,,,,,,Unpaved,,Property Damage Only,0,0,0,0,0,0,5000,1,1,Southbound (SB),POINT (-92.044916281805 40.988079604123)
20251466726,20250002798,02/02/2025,02-February,1-Sunday,11:11,1100 Hours,District 1 (Central),DES MOINES,POLK,I-235,1800 B I 235 W BOUND,Collision with fixed object:  Concrete traffic barrier (median or right side),On Roadway,Non-collision (single vehicle),Unknown,None Indicated,None apparent,Daylight,Dry,Clear,None apparent,Non-intersection:  Non-junction/no special feature,Paved,,Property Damage Only,0,0,0,0,0,0,1500,1,1,Westbound (WB),POINT (-93.641555989132 41.59602809486)
20251466792,25-001043,02/02/2025,02-February,1-Sunday,07:39,0700 Hours,District 4 (Southwest),,HARRISON,77,AUSTIN AVE MEASURING 1575 FEET SOUTH FROM 280TH ST,Collision with fixed object:  Ditch,Shoulder,Non-collision (single vehicle),Ran off road - right,None Indicated,Animal in roadway,Daylight,Dry,"Fog, smoke, smog",None apparent,Non-intersection:  Non-junction/no special feature,Paved,,Property Damage Only,0,0,0,0,0,0,1500,1,1,Northbound (NB),POINT (-96.022258505928 41.599146167886)
20251468872,2025-7615,02/02/2025,02-February,1-Sunday,17:41,1700 Hours,District 6 (East Central),DAVENPORT,SCOTT,77,WEST 3RD ST AND GAINES ST,Collision with:  Vehicle in traffic,On Roadway,Broadside (front to side),Ran Traffic Signal,Under Influence of Alcohol/Drugs/Medications,None apparent,Dark - roadway lighted,Dry,Clear,None apparent,Intersection:  Four-way intersection,Paved,,Property Damage Only,0,0,0,0,0,0,6500,2,4,Southbound (SB),POINT (-90.582944133529 41.522401236329)
20251466834,25-001701,02/02/2025,02-February,1-Sunday,15:52,1500 Hours,District 2 (Northeast),,BREMER,US 218,US 218 S,Miscellaneous events:  Fire/explosion,On Roadway,Non-collision (single vehicle),Unknown,None Indicated,None apparent,Daylight,Dry,Clear,None apparent,Non-intersection:  Non-junction/no special feature,Paved,,Property Damage Only,0,0,0,0,0,0,2100,1,1,Eastbound (EB),POINT (-92.475407686845 42.682794220039)
20251466661,20250002807,02/02/2025,02-February,1-Sunday,13:51,1300 Hours,District 1 (Central),DES MOINES,POLK,I-235,"RAMP I 235 W TO 19TH ST, N AND RAMP I 235 W TO MLK JR PARKWAY, S AND 19TH ST",Collision with:  Vehicle in traffic,On Roadway,"Sideswipe, same direction",Made improper turn,None Indicated,None apparent,Daylight,Dry,Cloudy,None apparent,Intersection:  Four-way intersection,Paved,,Possible/Unknown,0,1,0,0,1,0,3000,2,2,Westbound (WB),POINT (-93.64254342897 41.596382869745)
20251466774,2025-03485,02/02/2025,02-February,1-Sunday,03:29,0300 Hours,District 5 (Southeast),,WARREN,77,118TH AVE,Collision with fixed object:  Ditch,Outside trafficway,Non-collision (single vehicle),Ran off road - right,Alcohol (Statutory),None apparent,Dark - roadway not lighted,Dry,Cloudy,None apparent,Non-intersection:  Non-junction/no special feature,Unpaved,,Property Damage Only,0,0,0,0,0,0,4000,1,1,Northbound (NB),POINT (-93.577920218347 41.332510277912)
20251466683,25-001730,02/02/2025,02-February,1-Sunday,01:00,0100 Hours,District 1 (Central),TAMA,TAMA,77,MC CLELLAN ST,Collision with:  Parked motor vehicle,In parking lane/zone,Rear-end (front to rear),Other (explain in narrative):  Getting off/out of vehicle,None Indicated,None apparent,Dark - roadway not lighted,Dry,Clear,None apparent,Non-intersection:  Non-junction/no special feature,Paved,,Property Damage Only,0,0,0,0,0,0,7000,2,1,Northbound (NB),POINT (-92.578077295003 41.970140071507)
20251467044,25SC02993,02/02/2025,02-February,1-Sunday,20:54,2000 Hours,District 3 (Northwest),SIOUX CITY,WOODBURY,I-29,I 29 S,Collision with:  Vehicle in traffic,On Roadway,Rear-end (front to rear),Aggressive driving/road rage,None Indicated,None apparent,Dark - roadway not lighted,Dry,Clear,None apparent,Non-intersection:  Non-junction/no special feature,Paved,,Property Damage Only,0,0,0,0,0,0,14000,2,4,Eastbound (EB),POINT (-96.43561079017 42.491528630713)
20251466664,25-814,02/02/2025,02-February,1-Sunday,14:36,1400 Hours,District 1 (Central),,POLK,US 65,83 MM US 65 S,Collision with:  Vehicle in traffic,On Roadway,"Sideswipe, same direction",Other (explain in narrative):  No improper action,None Indicated,None apparent,Daylight,Dry,Clear,None apparent,Non-intersection:  Non-junction/no special feature,Paved,,Property Damage Only,0,0,0,0,0,0,2500,2,3,Eastbound (EB),POINT (-93.517978913797 41.654675742223)
20251467091,25-001359,02/02/2025,02-February,1-Sunday,01:16,0100 Hours,District 1 (Central),,HARDIN,US 20,US 20 W,Collision with fixed object:  Other post/pole/support (explain in narrative),Roadside,Non-collision (single vehicle),"Operating vehicle in an reckless, erratic, careless, negligent manner",None Indicated,None apparent,Dark - roadway not lighted,Dry,Clear,None apparent,Non-intersection:  Non-junction/no special feature,Paved,,Possible/Unknown,0,1,0,0,1,0,10000,1,1,Westbound (WB),POINT (-93.088437640663 42.427224212727)
20251466717,25SC02939,02/02/2025,02-February,1-Sunday,09:39,0900 Hours,District 3 (Northwest),SIOUX CITY,WOODBURY,I-29,100 WESLEY WAY,Collision with:  Vehicle in traffic,On Roadway,Broadside (front to side),Ran Traffic Signal,None Indicated,None apparent,Daylight,Dry,Clear,None apparent,Intersection:  Four-way intersection,Paved,,Property Damage Only,0,0,0,0,0,0,4000,2,2,Northbound (NB),POINT (-96.412817728668 42.491670149004)
20251468434,25-0960,02/02/2025,02-February,1-Sunday,21:32,2100 Hours,District 2 (Northeast),CRESCO,HOWARD,77,7TH ST WEST,Collision with:  Parked motor vehicle,On Roadway,Rear-end (front to rear),Driver Distraction:  Reaching for object(s)/fallen object(s),None Indicated,None apparent,Dark - roadway lighted,Dry,Clear,None apparent,Non-intersection:  Non-junction/no special feature,Paved,,Property Damage Only,0,0,0,0,0,0,2500,2,1,Northbound (NB),POINT (-92.12715395676 43.375187398536)
20251466741,2025-7537,02/02/2025,02-February,1-Sunday,09:57,0900 Hours,District 6 (East Central),DAVENPORT,SCOTT,77,BROWN ST,Collision with:  Vehicle in traffic,On Roadway,"Angle, oncoming left turn",FTYROW:  Making left turn,None Indicated,None apparent,Daylight,Dry,Clear,None apparent,Intersection:  Four-way intersection,Paved,,Property Damage Only,0,0,0,0,0,0,9500,2,2,Northbound (NB),POINT (-90.584448597831 41.521262027299)
20251466934,SCFS2500973,02/02/2025,02-February,1-Sunday,04:00,0400 Hours,District 5 (Southeast),,WAPELLO,US 63,US 63 N,Collision with:  Animal,On Roadway,Non-collision (single vehicle),Animal,None Indicated,Animal in roadway,Dark - unknown roadway lighting,,,,Non-intersection:  Non-junction/no special feature,Paved,,Property Damage Only,0,0,0,0,0,0,3000,1,1,Northbound (NB),POINT (-92.617847600889 41.145198093264)