Iowa DOT Case Number,Law Enforcement Case Number,Date of Crash,Month of Crash,Day of Week,Time of Crash,Hour,DOT District,City Name,County Name,Route with System,Location Description,First Harmful Event,Location of First Harmful Event,Manner of Crash/Collision,Major Cause,Drug or Alcohol ,Environmental Conditions,Light Conditions,Surface Conditions,Weather Conditions,Roadway Contribution,Roadway Type,Roadway Surface,Work Zone,Crash Severity,Number of Fatalities,Number of Injuries,Number of Major Injuries,Number of Minor Injuries,Number of Possible Injuries,Number of Unknown Injuries,Amount of Property Damage,Number of Vehicles Involved,Total Number of Occupants,Travel Direction,Location
20251466891,2025000924,02/02/2025,02-February,1-Sunday,01:17,0100 Hours,District 6 (East Central),IOWA CITY,JOHNSON,77,1800 SOUTH RIVERSIDE DR,Collision with fixed object:  Ground,On Roadway,Non-collision (single vehicle),Driving too fast for conditions,Under Influence of Alcohol/Drugs/Medications,None apparent,Dark - roadway lighted,Dry,Clear,None apparent,Non-intersection:  Non-junction/no special feature,Paved,,Major Injury,0,1,1,0,0,0,5000,1,1,Northbound (NB),POINT (-91.538727203877 41.639158871942)
20251466622,MC2500359,02/02/2025,02-February,1-Sunday,00:17,0000 Hours,District 2 (Northeast),MASON CITY,CERRO GORDO,77,NORTH KENTUCKY AVE,Collision with:  Parked motor vehicle,On Roadway,Rear-end (front to rear),Driver Distraction:  Reaching for object(s)/fallen object(s),None Indicated,None apparent,Dark - roadway lighted,Wet,Cloudy,"Surface condition (e.g., wet, icy)",Non-intersection:  Non-junction/no special feature,Paved,,Possible/Unknown,0,1,0,0,1,0,16000,2,1,Northbound (NB),POINT (-93.181209225642 43.158687917413)
20251466667,25-00510,02/02/2025,02-February,1-Sunday,14:51,1400 Hours,District 1 (Central),WEST DES MOINES,POLK,I-235,2200 I 235 E,Collision with:  Vehicle in traffic,On Roadway,Rear-end (front to rear),Failed to yield to emergency vehicle,None Indicated,None apparent,Daylight,Dry,Clear,None apparent,Non-intersection:  Non-junction/no special feature,Paved,,Minor Injury,0,1,0,1,0,0,46000,2,3,Southbound (SB),POINT (-93.740387006249 41.592443704792)
20251466742,2025-7565,02/02/2025,02-February,1-Sunday,13:56,1300 Hours,District 6 (East Central),DAVENPORT,SCOTT,77,OFF ROADWAY/ROADWAY NOT FOUND MEASURING 137 FEET EAST FROM EAST 29TH ST,Collision with fixed object:  Tree,Outside trafficway,Non-collision (single vehicle),Ran off road - left,None Indicated,None apparent,Daylight,Dry,Clear,None apparent,Non-intersection:  Non-junction/no special feature,Paved,,Property Damage Only,0,0,0,0,0,0,10300,1,1,Southbound (SB),POINT (-90.566604676826 41.549381899569)
20251469016,25009115,02/02/2025,02-February,1-Sunday,12:05,1200 Hours,District 2 (Northeast),CEDAR FALLS,BLACK HAWK,77,UNIVERSITY AVE/BOULDER DR,Collision with:  Vehicle in traffic,On Roadway,"Sideswipe, same direction",Unknown,None Indicated,None apparent,Daylight,Dry,Clear,None apparent,Intersection:  Roundabout,Paved,,Property Damage Only,0,0,0,0,0,0,4000,2,3,Eastbound (EB),POINT (-92.438423069231 42.513149827622)
20251466649,25001765,02/02/2025,02-February,1-Sunday,12:16,1200 Hours,District 1 (Central),GLADBROOK,TAMA,77,WASHINGTON ST,Collision with:  Parked motor vehicle,On Roadway,Rear to side,Improper Backing,None Indicated,None apparent,Daylight,Dry,Clear,None apparent,Non-intersection:  Non-junction/no special feature,Paved,,Property Damage Only,0,0,0,0,0,0,4000,2,1,Northbound (NB),POINT (-92.713605419435 42.186886048104)
20251466732,2025-000357,02/02/2025,02-February,1-Sunday,14:36,1400 Hours,District 6 (East Central),,DUBUQUE,US 20,US 20 W,Collision with:  Vehicle in traffic,On Roadway,Broadside (front to side),FTYROW:  From stop sign,None Indicated,None apparent,Daylight,Dry,Clear,None apparent,Non-intersection:  Crossover-related,Paved,,Property Damage Only,0,0,0,0,0,0,10000,2,4,Westbound (WB),POINT (-91.077751062733 42.466387869076)
20251466763,25002137,02/02/2025,02-February,1-Sunday,18:33,1800 Hours,District 5 (Southeast),,MAHASKA,US 63,US 63 S,Collision with:  Animal,Unknown,Non-collision (single vehicle),Animal,None Indicated,Animal in roadway,,,,,,Paved,,Property Damage Only,0,0,0,0,0,0,5000,1,1,Eastbound (EB),POINT (-92.640807396894 41.217830852775)
20251466863,25-001062,02/02/2025,02-February,1-Sunday,20:15,2000 Hours,District 2 (Northeast),,WINNEBAGO,US 69,US 69 N,Collision with:  Vehicle in traffic,On Roadway,Other (explain in narrative),FTYROW:  From stop sign,None Indicated,None apparent,Dark - roadway not lighted,Dry,Clear,None apparent,Intersection:  Other intersection (explain in narrative),Paved,,Property Damage Only,0,0,0,0,0,0,25000,2,2,Northbound (NB),POINT (-93.633610693176 43.414635735699)
20251466927,25-1366,02/02/2025,02-February,1-Sunday,02:50,0200 Hours,District 2 (Northeast),,WINNEBAGO,77,210TH AVE,Collision with fixed object:  Other post/pole/support (explain in narrative),On Roadway,Non-collision (single vehicle),"Operating vehicle in an reckless, erratic, careless, negligent manner",Alcohol (Statutory),None apparent,Dark - roadway not lighted,Dry,Clear,None apparent,Intersection:  Four-way intersection,Unpaved,,Property Damage Only,0,0,0,0,0,0,15000,1,1,Northbound (NB),POINT (-93.557235910652 43.261956382428)
20251467019,2025002748,02/02/2025,02-February,1-Sunday,17:48,1700 Hours,District 1 (Central),,POLK,I-80,INTERSTATE 80 WB0 145.4MM,Collision with fixed object:  Cable barrier,Shoulder,Non-collision (single vehicle),Ran off road - left,None Indicated,None apparent,Unknown,Dry,Cloudy,None apparent,Non-intersection:  Non-junction/no special feature,Paved,,Possible/Unknown,0,1,0,0,0,1,3600,1,1,Westbound (WB),POINT (-93.435944503337 41.673318710849)
20251466662,20250002812,02/02/2025,02-February,1-Sunday,14:35,1400 Hours,District 1 (Central),DES MOINES,POLK,77,9TH ST AND HIGH ST,Collision with:  Vehicle in traffic,On Roadway,Broadside (front to side),Ran Traffic Signal,None Indicated,None apparent,Daylight,Dry,Clear,None apparent,Intersection:  Four-way intersection,Paved,,Minor Injury,0,2,0,1,1,0,13000,2,3,Eastbound (EB),POINT (-93.62925973903 41.587665273977)
20251466859,25-000754,02/02/2025,02-February,1-Sunday,20:01,2000 Hours,District 5 (Southeast),,WAYNE,77,S60,Collision with:  Animal,On Roadway,Non-collision (single vehicle),Animal,None Indicated,Animal in roadway,Dark - roadway not lighted,Dry,Clear,None apparent,Non-intersection:  Non-junction/no special feature,Paved,,Property Damage Only,0,0,0,0,0,0,15000,1,1,Northbound (NB),POINT (-93.116236983599 40.658437457161)
20251467517,2025-7543,02/02/2025,02-February,1-Sunday,11:14,1100 Hours,District 6 (East Central),DAVENPORT,SCOTT,IA-461,EAST 4TH ST AND IA 461 N AND WEST 4TH ST,Collision with:  Parked motor vehicle,On Roadway,"Sideswipe, same direction",Lost Control,None Indicated,None apparent,Daylight,Dry,Clear,None apparent,Non-intersection:  Non-junction/no special feature,Paved,,Possible/Unknown,0,1,0,0,0,1,8000,2,1,Northbound (NB),POINT (-90.57405831764 41.523510956682)
20251466690,25-00253,02/02/2025,02-February,1-Sunday,19:14,1900 Hours,District 1 (Central),URBANDALE,POLK,77,MEREDITH DR & PARKVIEW DR (EB),Collision with:  Vehicle in traffic,On Roadway,Rear-end (front to rear),Driver Distraction:  Other interior distraction,None Indicated,None apparent,Dark - roadway lighted,Dry,Clear,None apparent,Non-intersection:  Non-junction/no special feature,Paved,,Property Damage Only,0,0,0,0,0,0,4000,2,2,Southbound (SB),POINT (-93.729039457037 41.643857155159)
20251466666,W25-009299,02/02/2025,02-February,1-Sunday,20:25,2000 Hours,District 2 (Northeast),WATERLOO,BLACK HAWK,US 218,US 218 N,Collision with:  Vehicle in traffic,On Roadway,"Sideswipe, same direction",Improper or erratic lane changing,None Indicated,None apparent,Dark - roadway lighted,Dry,Cloudy,None apparent,Non-intersection:  Non-junction/no special feature,Paved,,Property Damage Only,0,0,0,0,0,0,6000,2,2,Northbound (NB),POINT (-92.334797428135 42.488783780338)
20251466873,2025002755,02/02/2025,02-February,1-Sunday,21:00,2100 Hours,District 6 (East Central),CORALVILLE,JOHNSON,I-80,WB INTERSTATE 80 @ MM 241,Collision with:  Vehicle in traffic,On Roadway,"Sideswipe, same direction",Failed to keep in proper lane,None Indicated,None apparent,Dark - roadway not lighted,Dry,Clear,None apparent,Non-intersection:  Non-junction/no special feature,Paved,,Property Damage Only,0,0,0,0,0,0,3200,2,2,Westbound (WB),POINT (-91.587177896218 41.690626497902)
20251466733,2025-000358,02/02/2025,02-February,1-Sunday,19:19,1900 Hours,District 6 (East Central),DUBUQUE,DUBUQUE,US 52,US 20 W,Collision with:  Animal,On Roadway,Non-collision (single vehicle),Animal,None Indicated,Animal in roadway,,,,,,Unpaved,,Property Damage Only,0,0,0,0,0,0,15000,1,1,Northbound (NB),POINT (-90.765899548209 42.469421409711)
20251466660,25001612,02/02/2025,02-February,1-Sunday,19:18,1900 Hours,District 3 (Northwest),ARNOLDS PARK,DICKINSON,US 71,US 71 N,Collision with:  Animal,Unknown,Non-collision (single vehicle),Animal,None Indicated,Animal in roadway,,,,,,Paved,,Property Damage Only,0,0,0,0,0,0,4000,1,1,Northbound (NB),POINT (-95.14193439196 43.357970198269)
20251466951,25000369,02/02/2025,02-February,1-Sunday,20:07,2000 Hours,District 1 (Central),AMES,STORY,77,UNIVERSITY BLVD,Collision with:  Vehicle in traffic,On Roadway,"Sideswipe, same direction",Other (explain in narrative):  Disregarded signs/road markings,None Indicated,None apparent,Dark - roadway lighted,Dry,Clear,None apparent,Non-intersection:  Non-junction/no special feature,Paved,,Property Damage Only,0,0,0,0,0,0,2700,2,2,Northbound (NB),POINT (-93.639113977423 41.99760638764)
20251466676,25-00516,02/02/2025,02-February,1-Sunday,20:57,2000 Hours,District 1 (Central),WEST DES MOINES,POLK,I-35,800 BLK I 35 N,Collision with:  Vehicle in traffic,On Roadway,"Sideswipe, same direction",Driver Distraction:  Other interior distraction,None Indicated,None apparent,Dark - roadway lighted,Dry,Clear,None apparent,Non-intersection:  Non-junction/no special feature,Paved,,Property Damage Only,0,0,0,0,0,0,2500,2,2,Northbound (NB),POINT (-93.777137423187 41.57539368136)
20251467751,2025-7662,02/02/2025,02-February,1-Sunday,17:30,1700 Hours,District 6 (East Central),DAVENPORT,SCOTT,77,WEST 55TH ST,Collision with:  Parked motor vehicle,On Roadway,"Sideswipe, same direction",Unknown,None Indicated,None apparent,Dark - roadway not lighted,Dry,Clear,None apparent,Intersection:  Four-way intersection,Paved,,Possible/Unknown,0,1,0,0,0,1,3000,2,1,Southbound (SB),POINT (-90.604589841597 41.577199104608)
20251466632,20250002787,02/02/2025,02-February,1-Sunday,07:00,0700 Hours,District 1 (Central),DES MOINES,POLK,77,34TH ST MEASURING 258 FEET NORTH FROM WITMER PARKWAY,Collision with:  Parked motor vehicle,On Roadway,Head-on (front to front),"Operating vehicle in an reckless, erratic, careless, negligent manner",None Indicated,None apparent,Unknown,Unknown,Cloudy,None apparent,Non-intersection:  Non-junction/no special feature,Paved,,Property Damage Only,0,0,0,0,0,0,9000,3,1,Northbound (NB),POINT (-93.663319229179 41.608622784323)
20251466796,25-00546,02/02/2025,02-February,1-Sunday,14:46,1400 Hours,District 4 (Southwest),HARLAN,SHELBY,IA-44,1800 BLOCK CHATBURN,Collision with:  Vehicle in traffic,On Roadway,Rear-end (front to rear),"Operating vehicle in an reckless, erratic, careless, negligent manner",None Indicated,None apparent,Daylight,Dry,Clear,None apparent,Non-intersection:  Non-junction/no special feature,Paved,,Property Damage Only,0,0,0,0,0,0,4500,2,3,Southbound (SB),POINT (-95.334201966555 41.646051597507)
20251466670,013-25,02/02/2025,02-February,1-Sunday,20:48,2000 Hours,District 5 (Southeast),,MADISON,77,QUARRY TRAIL,Collision with fixed object:  Ditch,On Roadway,Non-collision (single vehicle),Ran off road - left,None Indicated,Animal in roadway,Dark - roadway not lighted,Dry,Clear,None apparent,Non-intersection:  Non-junction/no special feature,Unpaved,,Property Damage Only,0,0,0,0,0,0,2000,1,1,Northbound (NB),POINT (-93.936159910389 41.36499506818)
20251466793,25-001067,02/02/2025,02-February,1-Sunday,16:26,1600 Hours,District 4 (Southwest),,HARRISON,US 30,US 30 E,Collision with fixed object:  Ditch,Shoulder,Non-collision (single vehicle),Driver Distraction:  Manual operation of an electronic communication device,Alcohol (Statutory),None apparent,Daylight,Dry,Clear,None apparent,Non-intersection:  Non-junction/no special feature,Paved,,Minor Injury,0,1,0,1,0,0,10000,1,1,Southbound (SB),POINT (-96.04187696703 41.55143788378)
20251466650,3BP25-00027,02/02/2025,02-February,1-Sunday,08:31,0800 Hours,District 3 (Northwest),WALL LAKE,SAC,77,CENTER ST,Collision with:  Vehicle in traffic,On Roadway,Broadside (front to side),FTYROW:  From stop sign,None Indicated,None apparent,Daylight,Wet,"Fog, smoke, smog",None apparent,Intersection:  Four-way intersection,Paved,,Property Damage Only,0,0,0,0,0,0,7000,2,3,Northbound (NB),POINT (-95.090603622664 42.275386248444)
20251467067,202500001313,02/02/2025,02-February,1-Sunday,17:43,1700 Hours,District 6 (East Central),MARION,LINN,77,35TH ST AND 29TH AVE,Collision with:  Vehicle in traffic,On Roadway,Broadside (front to side),FTYROW:  From yield sign,None Indicated,None apparent,Dark - roadway lighted,Dry,Clear,None apparent,Intersection:  Roundabout,Paved,,Property Damage Only,0,0,0,0,0,0,3500,2,3,Southbound (SB),POINT (-91.574470697417 42.050407810966)
20251466767,OCFS25092917,02/02/2025,02-February,1-Sunday,09:18,0900 Hours,District 5 (Southeast),OTTUMWA,WAPELLO,77,NORTH COURT ST AND EAST MANNING AVE,Collision with:  Vehicle in traffic,On Roadway,Broadside (front to side),FTYROW:  From stop sign,None Indicated,None apparent,Daylight,Dry,Clear,None apparent,Intersection:  T-intersection,Paved,,Property Damage Only,0,0,0,0,0,0,2500,2,2,Southbound (SB),POINT (-92.40592907223 41.042887778626)
20251466720,25SC02987,02/02/2025,02-February,1-Sunday,19:49,1900 Hours,District 3 (Northwest),SIOUX CITY,WOODBURY,77,FLOYD BLVD,Collision with:  Vehicle in traffic,On Roadway,Broadside (front to side),FTYROW:  From stop sign,None Indicated,None apparent,Dark - roadway lighted,Dry,Clear,None apparent,Intersection:  T-intersection,Paved,,Property Damage Only,0,0,0,0,0,0,8000,2,2,Northbound (NB),POINT (-96.375029380284 42.527187604731)
20251466721,25WC00706,02/02/2025,02-February,1-Sunday,08:03,0800 Hours,District 3 (Northwest),,WOODBURY,77,OLD HIGHWAY 141,Collision with fixed object:  Ditch,On Roadway,Non-collision (single vehicle),Driving too fast for conditions,None Indicated,Weather conditions,Dawn,Ice/frost,"Fog, smoke, smog","Surface condition (e.g., wet, icy)",Non-intersection:  Non-junction/no special feature,Paved,,Property Damage Only,0,0,0,0,0,0,3000,1,3,Northbound (NB),POINT (-96.284765480149 42.430420628987)
20251466613,25018146,02/02/2025,02-February,1-Sunday,04:22,0400 Hours,District 6 (East Central),,JOHNSON,I-80,I 80 W,Collision with fixed object:  Traffic sign support,Gore,Non-collision (single vehicle),Ran off road - right,None Indicated,None apparent,Dark - unknown roadway lighting,Dry,Clear,None apparent,Non-intersection:  Non-junction/no special feature,Paved,,Property Damage Only,0,0,0,0,0,0,5400,1,1,Westbound (WB),POINT (-91.438920514853 41.669307306339)
20251466601,20250002773,02/02/2025,02-February,1-Sunday,01:15,0100 Hours,District 1 (Central),DES MOINES,POLK,77,34TH ST MEASURING 187 FEET SOUTH FROM COLLEGE AVE,Collision with:  Parked motor vehicle,On Roadway,Head-on (front to front),Failed to keep in proper lane,Alcohol (Statutory),None apparent,Dark - roadway lighted,Dry,Clear,None apparent,Non-intersection:  Non-junction/no special feature,Paved,,Property Damage Only,0,0,0,0,0,0,5000,2,1,Northbound (NB),POINT (-93.663303730545 41.607109662053)
20251466829,2500359,02/02/2025,02-February,1-Sunday,13:01,1300 Hours,District 1 (Central),AMES,STORY,77,SOUTH GRAND AVE,Collision with:  Vehicle in traffic,On Roadway,Broadside (front to side),Ran Traffic Signal,None Indicated,None apparent,Daylight,Dry,Clear,None apparent,Intersection:  Four-way intersection,Paved,,Property Damage Only,0,0,0,0,0,0,30000,2,2,Eastbound (EB),POINT (-93.6207551403 42.019340982803)
20251466625,2025-000745,02/02/2025,02-February,1-Sunday,10:01,1000 Hours,District 6 (East Central),DUBUQUE,DUBUQUE,77,US 20 W AND NW ARTERIAL,Collision with:  Animal,On Roadway,Non-collision (single vehicle),Animal,None Indicated,None apparent,Daylight,Dry,Clear,None apparent,Non-intersection:  Non-junction/no special feature,Paved,,Property Damage Only,0,0,0,0,0,0,1500,1,1,Eastbound (EB),POINT (-90.739167035521 42.488582523512)
20251466808,25003095,02/02/2025,02-February,1-Sunday,00:15,0000 Hours,District 5 (Southeast),,LEE,77,BUSINESS US 61 SIGNED ROUTE  2100 BLOCK,Collision with:  Animal,On Roadway,Non-collision (single vehicle),Animal,None Indicated,Animal in roadway,,,,,,Paved,,Property Damage Only,0,0,0,0,0,0,1500,1,2,Eastbound (EB),POINT (-91.283543126969 40.648106339351)
20251468620,2025-7886,02/03/2025,02-February,2-Monday,17:05,1700 Hours,District 6 (East Central),DAVENPORT,SCOTT,IA-130,IA 130 E,Collision with:  Vehicle in traffic,On Roadway,Head-on (front to front),FTYROW:  Making left turn,None Indicated,None apparent,Dark - roadway lighted,Dry,Clear,None apparent,Intersection:  Four-way intersection,Paved,,Minor Injury,0,1,0,1,0,0,3500,2,2,Southbound (SB),POINT (-90.62485359311 41.604206552403)
20251466844,25-00257,02/03/2025,02-February,2-Monday,09:58,0900 Hours,District 1 (Central),URBANDALE,POLK,77,4200 BLK 86TH,Collision with:  Vehicle in traffic,On Roadway,Rear-end (front to rear),Followed too close,None Indicated,None apparent,Daylight,Dry,Clear,None apparent,Non-intersection:  Non-junction/no special feature,Paved,,Property Damage Only,0,0,0,0,0,0,7000,2,2,Northbound (NB),POINT (-93.736512487088 41.636837983552)
20251467888,25-000824,02/03/2025,02-February,2-Monday,05:25,0500 Hours,District 1 (Central),,HAMILTON,77,STAGECOACH RD,Collision with:  Animal,On Roadway,Non-collision (single vehicle),Animal,None Indicated,Animal in roadway,,,,,,Paved,,Property Damage Only,0,0,0,0,0,0,4000,1,1,Northbound (NB),POINT (-93.918147255231 42.310754374273)
20251466885,2025002932,02/03/2025,02-February,2-Monday,18:00,1800 Hours,District 6 (East Central),,JOHNSON,I-380,"RAMP I 380 S TO 120TH ST, E",Collision with:  Vehicle in traffic,On Roadway,Rear-end (front to rear),Driver Distraction:  Inattentive/lost in thought,None Indicated,None apparent,Dark - roadway lighted,Dry,Cloudy,None apparent,Intersection:  Intersection with ramp,Paved,,Property Damage Only,0,0,0,0,0,0,3000,2,2,Eastbound (EB),POINT (-91.66947339483 41.84800212933)
20251466694,25-001268,02/03/2025,02-February,2-Monday,04:55,0400 Hours,District 2 (Northeast),,CHICKASAW,77,120TH,Collision with:  Animal,Unknown,Non-collision (single vehicle),Animal,None Indicated,Animal in roadway,,,,,,Paved,,Property Damage Only,0,0,0,0,0,0,3000,1,1,Southbound (SB),POINT (-92.276244821996 43.183853774192)
20251469247,ECSO25-0019,02/03/2025,02-February,2-Monday,09:47,0900 Hours,District 3 (Northwest),,EMMET,IA-4,IA 4 N MEASURING 788 FEET SOUTH FROM 100 ST,Non-collision events:  Overturn/rollover,On Roadway,Non-collision (single vehicle),Driving too fast for conditions,None Indicated,Weather conditions,Daylight,Ice/frost,Freezing rain/drizzle,"Surface condition (e.g., wet, icy)",Non-intersection:  Non-junction/no special feature,Paved,,Property Damage Only,0,0,0,0,0,0,6000,1,2,Northbound (NB),POINT (-94.786845786017 43.498998792732)
20251466904,25-0118,02/03/2025,02-February,2-Monday,14:55,1400 Hours,District 1 (Central),PLEASANT HILL,POLK,77,7900 MEACHAM DR,Collision with:  Vehicle in traffic,On Roadway,Broadside (front to side),FTYROW:  From stop sign,None Indicated,None apparent,Daylight,Dry,Clear,None apparent,Intersection:  T-intersection,Unpaved,,Possible/Unknown,0,1,0,0,1,0,6000,2,4,Southbound (SB),POINT (-93.446575782653 41.596698600042)
20251466887,25-3388,02/03/2025,02-February,2-Monday,06:45,0600 Hours,District 1 (Central),NEWTON,JASPER,77,1ST ST SOUTH,Collision with:  Vehicle in traffic,On Roadway,Other (explain in narrative),Over correcting/over steering,None Indicated,None apparent,Dusk,Dry,Clear,None apparent,Intersection:  Four-way intersection,Paved,,Property Damage Only,0,0,0,0,0,0,4000,2,2,Northbound (NB),POINT (-93.05361364019 41.699253937348)
20251467775,25-001204,02/03/2025,02-February,2-Monday,18:16,1800 Hours,District 2 (Northeast),,FLOYD,IA-14,IA 14 N,Collision with:  Animal,Unknown,Non-collision (single vehicle),Animal,None Indicated,Animal in roadway,,,,,,Paved,,Property Damage Only,0,0,0,0,0,0,1500,1,2,Northbound (NB),POINT (-92.809997117093 42.991334318035)
20251466988,202501540,02/03/2025,02-February,2-Monday,15:30,1500 Hours,District 6 (East Central),CEDAR RAPIDS,LINN,77,EDGEWOOD RD SW AND IA 922 S,Collision with:  Vehicle in traffic,On Roadway,"Sideswipe, same direction",FTYROW:  Other (explain in narrative),None Indicated,Other (explain in narrative),Daylight,Dry,Clear,None apparent,Intersection:  Four-way intersection,Paved,,Possible/Unknown,0,1,0,0,1,0,6000,2,3,Northbound (NB),POINT (-91.7163574334 41.95803765721)
20251466930,25002159,02/03/2025,02-February,2-Monday,07:15,0700 Hours,District 5 (Southeast),,MAHASKA,IA-92,IA 92 E,Collision with:  Animal,Unknown,Non-collision (single vehicle),Animal,None Indicated,Animal in roadway,,,,,,Paved,,Property Damage Only,0,0,0,0,0,0,6000,1,1,Southbound (SB),POINT (-92.483458159351 41.318867223707)
20251467085,202500000107,02/03/2025,02-February,2-Monday,10:34,1000 Hours,District 1 (Central),WEBSTER CITY,HAMILTON,77,EAST 2ND ST,Collision with:  Vehicle in traffic,On Roadway,"Angle, oncoming left turn",FTYROW:  Making left turn,None Indicated,None apparent,Daylight,Dry,Clear,None apparent,Non-intersection:  Driveway access (within),Paved,,Property Damage Only,0,0,0,0,0,0,11000,2,2,Southbound (SB),POINT (-93.794668540928 42.469263093044)
20251467092,25-001398,02/03/2025,02-February,2-Monday,00:55,0000 Hours,District 1 (Central),,HARDIN,US 20,US 20 W,Collision with:  Struck/struck by object/cargo/person from other vehicle,On Roadway,Non-collision (single vehicle),Other (explain in narrative):  No improper action,None Indicated,None apparent,Dark - roadway not lighted,Dry,Clear,Obstruction in roadway,Non-intersection:  Non-junction/no special feature,Paved,,Property Damage Only,0,0,0,0,0,0,1500,1,1,Westbound (WB),POINT (-93.13138467416 42.426534603617)
20251466890,25018898,02/03/2025,02-February,2-Monday,18:13,1800 Hours,District 6 (East Central),SHUEYVILLE,JOHNSON,I-380,I 380 S,Collision with:  Vehicle in traffic,On Roadway,Non-collision (single vehicle),Equipment failure,None Indicated,None apparent,Dark - roadway not lighted,Dry,Clear,Debris,Non-intersection:  Non-junction/no special feature,Paved,,Property Damage Only,0,0,0,0,0,0,13500,5,8,Eastbound (EB),POINT (-91.664692273427 41.839264234139)
20251468034,25-00570,02/03/2025,02-February,2-Monday,17:28,1700 Hours,District 4 (Southwest),HARLAN,SHELBY,IA-44,IA 44 E,Collision with:  Vehicle in traffic,On Roadway,Broadside (front to side),Made improper turn,None Indicated,None apparent,Daylight,Dry,Clear,None apparent,Intersection:  Four-way intersection,Paved,,Property Damage Only,0,0,0,0,0,0,5000,2,2,Southbound (SB),POINT (-95.339485168048 41.646052209378)
20251468619,2025-7879,02/03/2025,02-February,2-Monday,17:13,1700 Hours,District 6 (East Central),DAVENPORT,SCOTT,I-74,RAMP I 74 E TO US 6 W,Collision with:  Vehicle in traffic,On Roadway,Broadside (front to side),FTYROW:  From yield sign,None Indicated,None apparent,Dark - roadway lighted,Dry,Clear,None apparent,Intersection:  Four-way intersection,Paved,,Property Damage Only,0,0,0,0,0,0,3000,2,5,Southbound (SB),POINT (-90.52440548721 41.554965196264)
20251466739,2025-000761,02/03/2025,02-February,2-Monday,07:45,0700 Hours,District 6 (East Central),DUBUQUE,DUBUQUE,77,3057 JOHN F KENNEDY RD,Collision with fixed object:  Other post/pole/support (explain in narrative),Shoulder,Non-collision (single vehicle),Exceeded authorized speed,None Indicated,None apparent,Dawn,Dry,Cloudy,None apparent,Non-intersection:  Non-junction/no special feature,Paved,,Property Damage Only,0,0,0,0,0,0,2020,1,1,Northbound (NB),POINT (-90.722060946673 42.523057898635)
20251466849,25-004169,02/03/2025,02-February,2-Monday,14:41,1400 Hours,District 5 (Southeast),MUSCATINE,MUSCATINE,77,OREGON ST,Collision with:  Vehicle in traffic,On Roadway,Rear-end (front to rear),Followed too close,None Indicated,None apparent,Daylight,Dry,Clear,None apparent,Non-intersection:  Non-junction/no special feature,Paved,,Property Damage Only,0,0,0,0,0,0,2998,2,2,Northbound (NB),POINT (-91.063221731091 41.407742589695)
20251466812,W25-009394,02/03/2025,02-February,2-Monday,06:55,0600 Hours,District 2 (Northeast),WATERLOO,BLACK HAWK,US 218,US 218 N MM177.7,Collision with:  Non-motorist (see non-motorist section - NOT a unit),On Roadway,Non-collision (single vehicle),Other (explain in narrative):  No improper action,None Indicated,None apparent,Dark - roadway not lighted,Dry,Cloudy,None apparent,Non-intersection:  Non-junction/no special feature,Paved,,Fatal,1,0,0,0,0,0,3000,1,1,Northbound (NB),POINT (-92.298823239145 42.442360198114)
20251467955,2025002934,02/03/2025,02-February,2-Monday,19:00,1900 Hours,District 2 (Northeast),,CERRO GORDO,I-35,I 35 N 180MM,Collision with:  Other non-fixed object (explain in narrative),On Roadway,Non-collision (single vehicle),Other (explain in narrative):  Other,None Indicated,None apparent,Dark - roadway not lighted,Dry,Clear,Debris,Non-intersection:  Non-junction/no special feature,Paved,,Property Damage Only,0,0,0,0,0,0,3000,1,1,Northbound (NB),POINT (-93.350543574602 42.944380706182)
20251466744,25-000467,02/03/2025,02-February,2-Monday,08:25,0800 Hours,District 1 (Central),ANKENY,POLK,77,SW MAGAZINE RD AND SW WALNUT ST,Collision with:  Vehicle in traffic,On Roadway,Broadside (front to side),FTYROW:  From driveway,None Indicated,None apparent,Daylight,Dry,Clear,None apparent,"Non-intersection:  Driveway access (related, not in)",Paved,,Property Damage Only,0,0,0,0,0,0,6000,2,3,Northbound (NB),POINT (-93.606551588086 41.717292186122)
20251466823,25-000471,02/03/2025,02-February,2-Monday,11:16,1100 Hours,District 1 (Central),ANKENY,POLK,77,300-BLK SW 2ND ST,Collision with:  Vehicle in traffic,On Roadway,Rear to side,FTYROW:  From driveway,None Indicated,None apparent,Daylight,Dry,Cloudy,None apparent,"Non-intersection:  Driveway access (related, not in)",Paved,,Property Damage Only,0,0,0,0,0,0,7000,2,2,Southbound (SB),POINT (-93.604200976363 41.730725064919)
20251466746,ACSO25000795,02/03/2025,02-February,2-Monday,06:51,0600 Hours,District 2 (Northeast),,ALLAMAKEE,IA-51,IA 51 N,Collision with:  Animal,On Roadway,Non-collision (single vehicle),Animal,None Indicated,Animal in roadway,,,,,,Paved,,Property Damage Only,0,0,0,0,0,0,1500,1,1,Northbound (NB),POINT (-91.568936323377 43.154374520932)
20251466830,W25-009417,02/03/2025,02-February,2-Monday,09:21,0900 Hours,District 2 (Northeast),WATERLOO,BLACK HAWK,77,MARTIN RD AND ANSBOROUGH AVE,Collision with:  Vehicle in traffic,On Roadway,Head-on (front to front),Unknown,None Indicated,None apparent,Daylight,Wet,Cloudy,None apparent,Intersection:  Four-way intersection,Paved,,Possible/Unknown,0,1,0,0,1,0,21000,2,2,Northbound (NB),POINT (-92.376788490676 42.476672777116)