Iowa DOT Case Number,Law Enforcement Case Number,Date of Crash,Month of Crash,Day of Week,Time of Crash,Hour,DOT District,City Name,County Name,Route with System,Location Description,First Harmful Event,Location of First Harmful Event,Manner of Crash/Collision,Major Cause,Drug or Alcohol ,Environmental Conditions,Light Conditions,Surface Conditions,Weather Conditions,Roadway Contribution,Roadway Type,Roadway Surface,Work Zone,Crash Severity,Number of Fatalities,Number of Injuries,Number of Major Injuries,Number of Minor Injuries,Number of Possible Injuries,Number of Unknown Injuries,Amount of Property Damage,Number of Vehicles Involved,Total Number of Occupants,Travel Direction,Location
20251466824,25-000473,02/03/2025,02-February,2-Monday,12:28,1200 Hours,District 1 (Central),ANKENY,POLK,IA-160,700 BLOCK SW ORALABOR RD,Collision with:  Vehicle in traffic,On Roadway,Rear-end (front to rear),Driver Distraction:  Inattentive/lost in thought,None Indicated,None apparent,Daylight,Dry,Cloudy,None apparent,Non-intersection:  Non-junction/no special feature,Paved,,Property Damage Only,0,0,0,0,0,0,4000,2,2,Westbound (WB),POINT (-93.608327980509 41.702970570089)
20251467003,25-0578,02/03/2025,02-February,2-Monday,09:45,0900 Hours,District 6 (East Central),HIAWATHA,LINN,77,NORTH CENTER POINT RD,Collision with:  Vehicle in traffic,On Roadway,"Sideswipe, opposite direction",Other (explain in narrative):  Other,None Indicated,None apparent,Daylight,Dry,Cloudy,None apparent,Non-intersection:  Non-junction/no special feature,Unpaved,,Property Damage Only,0,0,0,0,0,0,20000,2,2,Northbound (NB),POINT (-91.685481207903 42.049445545352)
20251466848,25-001173,02/03/2025,02-February,2-Monday,16:29,1600 Hours,District 4 (Southwest),COUNCIL BLUFFS,POTTAWATTAMIE,77,W BROADWAY AND 8TH ST,Collision with:  Vehicle in traffic,On Roadway,Broadside (front to side),FTYROW:  Making left turn,None Indicated,None apparent,Daylight,Dry,Cloudy,None apparent,Intersection:  Four-way intersection,Paved,,Minor Injury,0,1,0,1,0,0,21000,3,6,Southbound (SB),POINT (-95.856023015017 41.261814267065)
20251466819,25009404,02/03/2025,02-February,2-Monday,08:19,0800 Hours,District 2 (Northeast),CEDAR FALLS,BLACK HAWK,77,WALNUT ST,Collision with:  Vehicle in traffic,On Roadway,Broadside (front to side),Ran Stop Sign,None Indicated,None apparent,Daylight,Dry,Clear,None apparent,Intersection:  Four-way intersection,Paved,,Property Damage Only,0,0,0,0,0,0,10000,2,2,Northbound (NB),POINT (-92.4534134576 42.522300166071)
20251466777,20250002854,02/03/2025,02-February,2-Monday,07:02,0700 Hours,District 1 (Central),DES MOINES,POLK,77,VANDALIA RD AND GRANGER AVE,Collision with fixed object:  Fire hydrant,Shoulder,Non-collision (single vehicle),Ran off road - right,None Indicated,Weather conditions,Dark - roadway lighted,Wet,Cloudy,"Surface condition (e.g., wet, icy)",Intersection:  T-intersection,Paved,,Property Damage Only,0,0,0,0,0,0,3000,1,1,Southbound (SB),POINT (-93.55654407673 41.573835790897)
20251468776,2025002856,02/03/2025,02-February,2-Monday,12:00,1200 Hours,District 2 (Northeast),,KOSSUTH,77,240 ST AND 90 AVE MEASURING 2416 FEET NORTH FROM 90 AVE,Collision with:  Vehicle in traffic,On Roadway,Rear-end (front to rear),Exceeded authorized speed,None Indicated,None apparent,Daylight,Dry,Clear,None apparent,Non-intersection:  Non-junction/no special feature,Paved,,Minor Injury,0,1,0,1,0,0,15000,2,2,Northbound (NB),POINT (-94.286044121343 43.112198688464)
20251466984,SOP202500094,02/03/2025,02-February,2-Monday,09:45,0900 Hours,District 6 (East Central),,IOWA,IA-220,3/4 MILE WEST OF 12TH ST AND 220TH TRAL,Collision with:  Vehicle in traffic,On Roadway,"Sideswipe, same direction",Other (explain in narrative):  No improper action,None Indicated,None apparent,Daylight,Dry,Cloudy,None apparent,Non-intersection:  Non-junction/no special feature,Paved,,Property Damage Only,0,0,0,0,0,0,5000,2,3,Southbound (SB),POINT (-91.948214957326 41.80303130882)
20251466870,CLP2506960,02/03/2025,02-February,2-Monday,11:26,1100 Hours,District 6 (East Central),CLINTON,CLINTON,US 30,2200 BLK LINCOLNWAY,Collision with:  Vehicle in traffic,On Roadway,Broadside (front to side),FTYROW:  From driveway,None Indicated,None apparent,Daylight,Dry,Cloudy,None apparent,"Non-intersection:  Driveway access (related, not in)",Paved,,Property Damage Only,0,0,0,0,0,0,3000,2,2,Southbound (SB),POINT (-90.239786186724 41.815633394221)
20251466822,202500377,02/03/2025,02-February,2-Monday,07:30,0700 Hours,District 6 (East Central),,LINN,IA-1,GILETTE LANE AND IA 1 N,Collision with:  Vehicle in traffic,On Roadway,Rear-end (front to rear),Lost Control,None Indicated,None apparent,Daylight,Dry,Cloudy,None apparent,Intersection:  T-intersection,Paved,,Possible/Unknown,0,2,0,0,2,0,30000,2,3,Northbound (NB),POINT (-91.400019122391 41.941392312012)
20251466693,20250002845,02/03/2025,02-February,2-Monday,02:53,0200 Hours,District 1 (Central),DES MOINES,POLK,US 6,US 6 E MEASURING 242 FEET WEST FROM US 6 W,Collision with fixed object:  Curb/island/raised median,On Roadway,Non-collision (single vehicle),"Operating vehicle in an reckless, erratic, careless, negligent manner",None Indicated,None apparent,Dark - roadway lighted,Dry,Clear,None apparent,Intersection:  Four-way intersection,Paved,,Property Damage Only,0,0,0,0,0,0,3500,1,1,Southbound (SB),POINT (-93.662680881846 41.629505143641)
20251468046,2025-7764,02/03/2025,02-February,2-Monday,09:07,0900 Hours,District 6 (East Central),DAVENPORT,SCOTT,77,EASTERN AVE AND US 6 W MEASURING 158 FEET NORTH FROM EASTERN AVE,Collision with:  Vehicle in traffic,On Roadway,Rear-end (front to rear),Exceeded authorized speed,None Indicated,None apparent,Daylight,Dry,Cloudy,None apparent,Intersection:  Four-way intersection,Paved,,Minor Injury,0,2,0,1,0,1,5000,2,3,Northbound (NB),POINT (-90.55139108855 41.556984366672)
20251467146,25-001107,02/03/2025,02-February,2-Monday,18:45,1800 Hours,District 4 (Southwest),,HARRISON,US 30,US 30 E,Collision with:  Struck/struck by object/cargo/person from other vehicle,On Roadway,Non-collision (single vehicle),Other (explain in narrative):  No improper action,None Indicated,None apparent,Dark - roadway not lighted,Dry,Clear,None apparent,Non-intersection:  Non-junction/no special feature,Paved,,Property Damage Only,0,0,0,0,0,0,2000,1,2,Southbound (SB),POINT (-95.72975843188 41.676392127822)
20251466990,202501543,02/03/2025,02-February,2-Monday,16:37,1600 Hours,District 6 (East Central),CEDAR RAPIDS,LINN,77,F AVE NW AND 19TH ST NW,Collision with:  Vehicle in traffic,On Roadway,Broadside (front to side),Ran Stop Sign,None Indicated,None apparent,Daylight,Dry,Clear,None apparent,Intersection:  Four-way intersection,Paved,,Property Damage Only,0,0,0,0,0,0,13000,2,2,Northbound (NB),POINT (-91.699137854095 41.980017734435)
20251466969,25-701,02/03/2025,02-February,2-Monday,23:00,2300 Hours,District 3 (Northwest),IDA GROVE,IDA,77,VALLEY VIEW DR,Collision with:  Parked motor vehicle,On Roadway,Unknown,Swerving/Evasive Action,None Indicated,None apparent,Dark - unknown roadway lighting,Dry,Clear,None apparent,Non-intersection:  Non-junction/no special feature,Paved,,Property Damage Only,0,0,0,0,0,0,10000,2,1,Northbound (NB),POINT (-95.472650148362 42.335745494099)
20251466860,25-000785,02/03/2025,02-February,2-Monday,11:41,1100 Hours,District 5 (Southeast),CHARITON,LUCAS,77,200 BLK SOUTH GRAND ST,Collision with:  Vehicle in traffic,On Roadway,Rear-end (front to rear),Other (explain in narrative):  Other,None Indicated,None apparent,Daylight,Dry,Clear,None apparent,Non-intersection:  Non-junction/no special feature,Paved,,Property Damage Only,0,0,0,0,0,0,2000,2,2,Northbound (NB),POINT (-93.306895519213 41.013841907172)
20251466886,25-001179,02/03/2025,02-February,2-Monday,03:53,0300 Hours,District 2 (Northeast),,FAYETTE,77,ACORN RD,Collision with:  Animal,On Roadway,Non-collision (single vehicle),Animal,None Indicated,Animal in roadway,Dark - unknown roadway lighting,,,,Non-intersection:  Non-junction/no special feature,Paved,,Property Damage Only,0,0,0,0,0,0,2500,1,1,Northbound (NB),POINT (-91.626011860237 42.936256731501)
20251466982,FD25-0307,02/03/2025,02-February,2-Monday,17:14,1700 Hours,District 1 (Central),FORT DODGE,WEBSTER,77,NORTH 11TH ST AND 4TH AVE N,Collision with:  Vehicle in traffic,On Roadway,Broadside (front to side),FTYROW:  From stop sign,None Indicated,None apparent,Daylight,Dry,Cloudy,None apparent,Intersection:  T-intersection,Paved,,Minor Injury,0,1,0,1,0,0,6500,2,2,Northbound (NB),POINT (-94.184443629646 42.509521427163)
20251466875,25-1361,02/03/2025,02-February,2-Monday,06:10,0600 Hours,District 3 (Northwest),CARROLL,CARROLL,US 30,US 71 S AND US 30 W,Collision with:  Vehicle in traffic,On Roadway,Rear-end (front to rear),Lost Control,None Indicated,None apparent,Dusk,Dry,Clear,None apparent,Intersection:  Four-way intersection,Paved,,Property Damage Only,0,0,0,0,0,0,10000,2,2,Westbound (WB),POINT (-94.878725405903 42.073206282326)
20251467020,2025002765,02/03/2025,02-February,2-Monday,07:57,0700 Hours,District 1 (Central),WEST DES MOINES,DALLAS,I-80,INTERSTATE 80 EAST BOUND MILE MARKER 121,Collision with:  Vehicle in traffic,On Roadway,Rear-end (front to rear),Followed too close,None Indicated,None apparent,Daylight,Dry,Clear,"Traffic backup, prior non-recurring incident",Non-intersection:  Non-junction/no special feature,Paved,,Property Damage Only,0,0,0,0,0,0,2000,3,6,Southbound (SB),POINT (-93.811121459343 41.590867535009)
20251466780,2025002773,02/03/2025,02-February,2-Monday,07:56,0700 Hours,District 6 (East Central),,IOWA,I-80,"MILEPOST 214.95, WESTBOUND INTERSTATE 80",Collision with fixed object:  Cable barrier,Median,Non-collision (single vehicle),Ran off road - left,None Indicated,None apparent,Daylight,Dry,Cloudy,None apparent,Non-intersection:  Non-junction/no special feature,Paved,,Property Damage Only,0,0,0,0,0,0,18300,1,1,Westbound (WB),POINT (-92.103956736923 41.692260454339)
20251466911,2025-03592,02/03/2025,02-February,2-Monday,07:45,0700 Hours,District 1 (Central),,WARREN,77,G24 HIGHWAY/HWY65/69,Collision with:  Animal,Unknown,Non-collision (single vehicle),Animal,None Indicated,Animal in roadway,,,,,,Paved,,Property Damage Only,0,0,0,0,0,0,10000,1,1,Southbound (SB),POINT (-93.559061559499 41.439946734265)
20251466912,2025-03615,02/03/2025,02-February,2-Monday,14:05,1400 Hours,District 5 (Southeast),,WARREN,77,R45 HIGHWAY,Collision with fixed object:  Utility pole/light support,Roadside,Non-collision (single vehicle),Ran off road - right,None Indicated,None apparent,Daylight,Dry,Clear,None apparent,Non-intersection:  Non-junction/no special feature,Paved,,Property Damage Only,0,0,0,0,0,0,2500,1,1,Northbound (NB),POINT (-93.726786530813 41.203171327475)
20251466762,25-825,02/03/2025,02-February,2-Monday,08:02,0800 Hours,District 1 (Central),GRIMES,POLK,IA-141,3500 SE GRIMES BLVD,Collision with:  Vehicle in traffic,On Roadway,Rear-end (front to rear),Followed too close,None Indicated,None apparent,Daylight,Dry,Clear,None apparent,Non-intersection:  Non-junction/no special feature,Paved,,Property Damage Only,0,0,0,0,0,0,1950,2,2,Southbound (SB),POINT (-93.775146030679 41.660578924051)
20251466948,25-01678,02/03/2025,02-February,2-Monday,18:40,1800 Hours,District 3 (Northwest),,SIOUX,77,GRANT AVE MEASURING 455 FEET SOUTH FROM 400TH ST,Collision with fixed object:  Ditch,Shoulder,Non-collision (single vehicle),Ran off road - right,None Indicated,None apparent,Dark - roadway not lighted,Gravel,Cloudy,None apparent,Non-intersection:  Non-junction/no special feature,Unpaved,,Property Damage Only,0,0,0,0,0,0,3500,1,2,Northbound (NB),POINT (-96.19515854044 43.068475313354)
20251467063,25003296,02/03/2025,02-February,2-Monday,18:56,1800 Hours,District 5 (Southeast),,LEE,IA-2,2500 BLK HWY 2,Collision with:  Animal,Unknown,Non-collision (single vehicle),Animal,None Indicated,Animal in roadway,,,,,,Paved,,Property Damage Only,0,0,0,0,0,0,1500,1,1,Southbound (SB),POINT (-91.418256023095 40.63191502212)
20251466923,25-001624,02/03/2025,02-February,2-Monday,20:00,2000 Hours,District 3 (Northwest),,PLYMOUTH,US 75,US 75 N MEASURING 1396 FEET NORTH FROM 260TH ST,Collision with:  Animal,Unknown,Non-collision (single vehicle),Animal,None Indicated,Animal in roadway,,,,,,Paved,,Property Damage Only,0,0,0,0,0,0,2000,1,2,Northbound (NB),POINT (-96.26792755638 42.681498341517)
20251466795,25-003203,02/03/2025,02-February,2-Monday,05:35,0500 Hours,District 5 (Southeast),,LEE,US 61,US 61 N,Collision with:  Animal,On Roadway,Non-collision (single vehicle),Animal,None Indicated,Animal in roadway,,,,,,Paved,,Property Damage Only,0,0,0,0,0,0,5000,1,1,Northbound (NB),POINT (-91.443330961725 40.457690461758)
20251466931,P25-01919,02/03/2025,02-February,2-Monday,09:54,0900 Hours,District 5 (Southeast),BURLINGTON,DES MOINES,77,CENTRAL AVE,Collision with:  Parked motor vehicle,On Roadway,Rear-end (front to rear),Lost Control,None Indicated,None apparent,Daylight,Dry,Clear,None apparent,Non-intersection:  Non-junction/no special feature,Paved,,Property Damage Only,0,0,0,0,0,0,8500,3,1,Northbound (NB),POINT (-91.109365020675 40.818057990456)
20251466907,25SC03097,02/03/2025,02-February,2-Monday,22:07,2200 Hours,District 3 (Northwest),SIOUX CITY,WOODBURY,77,WEST 19TH ST,Collision with fixed object:  Bridge/bridge rail parapet,Shoulder,Non-collision (single vehicle),Lost Control,Alcohol (Statutory),None apparent,Dark - roadway lighted,Dry,Clear,None apparent,Non-intersection:  Non-junction/no special feature,Paved,,Property Damage Only,0,0,0,0,0,0,6000,1,2,Southbound (SB),POINT (-96.419943178976 42.510546961085)
20251466847,,02/03/2025,02-February,2-Monday,05:45,0500 Hours,District 4 (Southwest),,MILLS,US 34,US 34 E,Collision with:  Animal,On Roadway,Non-collision (single vehicle),Animal,None Indicated,Animal in roadway,Dark - roadway not lighted,Dry,Clear,,Non-intersection:  Non-junction/no special feature,Paved,,Property Damage Only,0,0,0,0,0,0,18000,1,1,Southbound (SB),POINT (-95.803114680115 41.046382311148)
20251466817,25001290,02/03/2025,02-February,2-Monday,06:25,0600 Hours,District 6 (East Central),,CEDAR,77,GARFIELD AVE,Collision with:  Animal,On Roadway,Non-collision (single vehicle),Animal,None Indicated,Animal in roadway,,,,,,Paved,,Property Damage Only,0,0,0,0,0,0,6000,1,1,Northbound (NB),POINT (-91.249626990872 41.725807472702)
20251467528,2025002833,02/03/2025,02-February,2-Monday,10:33,1000 Hours,District 3 (Northwest),,DICKINSON,IA-9,IA 9 WB EAST OF N14,Collision with fixed object:  Ditch,Outside trafficway,Non-collision (single vehicle),Driving too fast for conditions,None Indicated,Weather conditions,Daylight,Wet,Freezing rain/drizzle,None apparent,Non-intersection:  Non-junction/no special feature,Paved,,Minor Injury,0,1,0,1,0,0,25000,1,1,Southbound (SB),POINT (-94.967607582147 43.430507503785)
20251466753,525004118,02/03/2025,02-February,2-Monday,07:39,0700 Hours,District 5 (Southeast),,MUSCATINE,77,OLGILVIE AVE,Collision with:  Vehicle in traffic,On Roadway,Rear-end (front to rear),Followed too close,None Indicated,None apparent,Daylight,Dry,Clear,None apparent,Non-intersection:  Non-junction/no special feature,Paved,,Property Damage Only,0,0,0,0,0,0,13500,2,4,Northbound (NB),POINT (-91.100177901755 41.346922115848)
20251467006,25SB00161,02/03/2025,02-February,2-Monday,07:53,0700 Hours,District 3 (Northwest),SERGEANT BLUFF,WOODBURY,77,SOUTH LEWIS BLVD,Collision with:  Vehicle in traffic,On Roadway,Broadside (front to side),FTYROW:  Other (explain in narrative),None Indicated,None apparent,Daylight,Dry,Clear,None apparent,Non-intersection:  Non-junction/no special feature,Paved,,Property Damage Only,0,0,0,0,0,0,4000,2,4,Northbound (NB),POINT (-96.343878964707 42.386144770745)
20251469688,202501523,02/03/2025,02-February,2-Monday,12:33,1200 Hours,District 6 (East Central),CEDAR RAPIDS,LINN,77,C AVE AND TOWER TERRACE RD NE,Collision with fixed object:  Traffic sign support,Median,Non-collision (single vehicle),Ran off road - left,None Indicated,None apparent,Daylight,Dry,Cloudy,None apparent,Intersection:  Roundabout,Unpaved,,Property Damage Only,0,0,0,0,0,0,2700,1,1,Southbound (SB),POINT (-91.638470663184 42.058155902928)
20251468422,2025-7805,02/03/2025,02-February,2-Monday,12:46,1200 Hours,District 6 (East Central),DAVENPORT,SCOTT,77,WEST 53RD ST AND NORTH DIVISION ST MEASURING 0 FEET NORTH FROM WEST 53RD ST AND NORTH DIVISION ST,Collision with:  Vehicle in traffic,On Roadway,Rear-end (front to rear),Lost Control,None Indicated,None apparent,Daylight,Dry,Cloudy,None apparent,Intersection:  Four-way intersection,Paved,,Possible/Unknown,0,1,0,0,1,0,6500,2,4,Northbound (NB),POINT (-90.600360538205 41.574481002639)
20251466814,25-824,02/03/2025,02-February,2-Monday,05:59,0500 Hours,District 1 (Central),,POLK,IA-163,9200 NE UNIVERSITY AVE/IA 163 W,Collision with:  Animal,Unknown,Non-collision (single vehicle),Animal,None Indicated,Animal in roadway,,,,,,Paved,,Property Damage Only,0,0,0,0,0,0,5000,1,2,Westbound (WB),POINT (-93.41878370619 41.60011786921)
20251466854,20250002906,02/03/2025,02-February,2-Monday,15:16,1500 Hours,District 1 (Central),DES MOINES,POLK,77,12TH ST,Collision with:  Vehicle in traffic,On Roadway,Rear-end (front to rear),Followed too close,None Indicated,None apparent,Daylight,Dry,Clear,None apparent,Non-intersection:  Non-junction/no special feature,Paved,,Property Damage Only,0,0,0,0,0,0,3000,2,3,Northbound (NB),POINT (-93.632170833913 41.592143920235)
20251466778,20250002855,02/03/2025,02-February,2-Monday,07:10,0700 Hours,District 1 (Central),DES MOINES,POLK,IA-163,IA 163 E AND EAST 37TH COURT,Collision with:  Vehicle in traffic,On Roadway,Rear-end (front to rear),Followed too close,None Indicated,None apparent,Dawn,Dry,Clear,None apparent,Non-intersection:  Non-junction/no special feature,Paved,,Minor Injury,0,2,0,1,1,0,4000,2,2,Southbound (SB),POINT (-93.542734527395 41.600653392051)
20251466851,25-00154,02/03/2025,02-February,2-Monday,17:54,1700 Hours,District 1 (Central),CLIVE,POLK,I-80,"RAMP UNIVERSITY AVE, E TO E TO STATE OF IOWA, I 80 E",Collision with:  Vehicle in traffic,On Roadway,Head-on (front to front),FTYROW:  Making left turn,None Indicated,None apparent,Dark - roadway lighted,Dry,Clear,None apparent,Non-intersection:  Non-junction/no special feature,Paved,,Possible/Unknown,0,1,0,0,1,0,3000,2,2,Southbound (SB),POINT (-93.775003499484 41.600574247767)
20251466947,25-004578,02/03/2025,02-February,2-Monday,06:54,0600 Hours,District 3 (Northwest),STORM LAKE,BUENA VISTA,77,EAST RAILRD ST AND WEST RAILRD ST AND LAKE AVE,Collision with:  Vehicle in traffic,On Roadway,"Angle, oncoming left turn",FTYROW:  Making left turn,None Indicated,None apparent,Dark - roadway lighted,Dry,Clear,None apparent,Intersection:  Four-way intersection,Paved,,Minor Injury,0,1,0,1,0,0,18000,2,3,Southbound (SB),POINT (-95.20091843737 42.643360021347)
20251466857,20250002928,02/03/2025,02-February,2-Monday,19:30,1900 Hours,District 1 (Central),DES MOINES,POLK,77,EAST 19TH ST MEASURING 47 FEET NORTH FROM EASTON BLVD,Collision with:  Parked motor vehicle,On Roadway,Rear-end (front to rear),Unknown,None Indicated,None apparent,Dark - roadway lighted,Dry,Clear,None apparent,Non-intersection:  Non-junction/no special feature,Paved,,Possible/Unknown,0,1,0,0,0,1,3000,2,1,Northbound (NB),POINT (-93.5845723104 41.602655043961)
20251466900,P25-01963,02/03/2025,02-February,2-Monday,20:00,2000 Hours,District 5 (Southeast),BURLINGTON,DES MOINES,US 61,WINEGARD DR AND US 61 N,Collision with:  Vehicle in traffic,On Roadway,Broadside (front to side),FTYROW:  From stop sign,None Indicated,None apparent,Dark - roadway lighted,Dry,Cloudy,None apparent,Non-intersection:  Non-junction/no special feature,Paved,,Property Damage Only,0,0,0,0,0,0,3000,2,2,Northbound (NB),POINT (-91.141321653558 40.823072309791)
20251466977,25-000689,02/03/2025,02-February,2-Monday,10:46,1000 Hours,District 2 (Northeast),OSAGE,MITCHELL,77,SOUTH 6TH ST,Collision with:  Vehicle in traffic,On Roadway,Broadside (front to side),FTYROW:  At uncontrolled intersection,None Indicated,None apparent,Daylight,Dry,Cloudy,None apparent,Intersection:  Four-way intersection,Paved,,Property Damage Only,0,0,0,0,0,0,8500,2,2,Northbound (NB),POINT (-92.812853987869 43.282079310347)
20251468017,25-004643,02/03/2025,02-February,2-Monday,18:30,1800 Hours,District 3 (Northwest),STORM LAKE,BUENA VISTA,77,6100 MILE OF 120TH AVENUE,Collision with:  Animal,On Roadway,Non-collision (single vehicle),Animal,None Indicated,None apparent,Dark - roadway not lighted,Dry,Clear,None apparent,Non-intersection:  Non-junction/no special feature,Paved,,Property Damage Only,0,0,0,0,0,0,8500,1,2,Northbound (NB),POINT (-95.171205255281 42.623377583881)
20251467186,2025000970,02/03/2025,02-February,2-Monday,19:13,1900 Hours,District 6 (East Central),IOWA CITY,JOHNSON,77,JOHNSON ST,Collision with:  Parked motor vehicle,On Roadway,"Sideswipe, same direction",Other (explain in narrative):  Other,Alcohol (Statutory),None apparent,Dark - roadway not lighted,Dry,Cloudy,None apparent,Non-intersection:  Non-junction/no special feature,Paved,,Property Damage Only,0,0,0,0,0,0,3500,3,3,Northbound (NB),POINT (-91.527208989135 41.661465957612)
20251466922,25-001319,02/03/2025,02-February,2-Monday,15:50,1500 Hours,District 4 (Southwest),WIOTA,CASS,77,ALLEN ST AND IA 83 E,Collision with:  Vehicle in traffic,On Roadway,Broadside (front to side),FTYROW:  From stop sign,None Indicated,None apparent,Daylight,Dry,Cloudy,None apparent,Intersection:  Four-way intersection,Unpaved,,Property Damage Only,0,0,0,0,0,0,9000,2,3,Northbound (NB),POINT (-94.891016142146 41.403568239401)
20251466910,25003436,02/03/2025,02-February,2-Monday,15:30,1500 Hours,District 1 (Central),,JASPER,77,EAST 128TH ST NORTH,Collision with fixed object:  Ditch,Outside trafficway,Non-collision (single vehicle),Driving too fast for conditions,None Indicated,None apparent,Daylight,Gravel,Cloudy,"Slippery, loose, or worn surface",Non-intersection:  Non-junction/no special feature,Unpaved,,Property Damage Only,0,0,0,0,0,0,10000,1,1,Northbound (NB),POINT (-92.834292249785 41.806601111716)
20251466985,SOP202500097,02/03/2025,02-February,2-Monday,18:22,1800 Hours,District 6 (East Central),,IOWA,77,F52 TRAIL,Collision with:  Animal,Unknown,Non-collision (single vehicle),Animal,None Indicated,Animal in roadway,,,,,,Paved,,Property Damage Only,0,0,0,0,0,0,3000,1,1,Southbound (SB),POINT (-91.841607196947 41.596368533212)
20251468792,25-000881,02/03/2025,02-February,2-Monday,08:12,0800 Hours,District 5 (Southeast),,MONROE,77,645TH AVE,Non-collision events:  Overturn/rollover,On Roadway,Non-collision (single vehicle),Exceeded authorized speed,None Indicated,None apparent,Daylight,Dry,Clear,None apparent,Non-intersection:  Non-junction/no special feature,Paved,,Property Damage Only,0,0,0,0,0,0,8500,1,1,Northbound (NB),POINT (-92.821527789672 40.950559012197)
20251466915,2025-2550,02/03/2025,02-February,2-Monday,14:15,1400 Hours,District 6 (East Central),BETTENDORF,SCOTT,77,SPRUCE HILLS DR AND UTICA RIDGE RD,Collision with:  Vehicle in traffic,On Roadway,Rear-end (front to rear),Followed too close,None Indicated,None apparent,Daylight,Dry,Cloudy,None apparent,Intersection:  Four-way intersection,Paved,,Property Damage Only,0,0,0,0,0,0,9000,2,2,Northbound (NB),POINT (-90.517831071581 41.554751331316)
20251467974,25009575,02/03/2025,02-February,2-Monday,19:35,1900 Hours,District 2 (Northeast),CEDAR FALLS,BLACK HAWK,77,W 12TH ST/COLLEGE ST,Collision with:  Vehicle in traffic,On Roadway,Broadside (front to side),Unknown,None Indicated,None apparent,Dark - roadway lighted,Dry,Cloudy,None apparent,Intersection:  Four-way intersection,Paved,,Property Damage Only,0,0,0,0,0,0,20000,2,2,Southbound (SB),POINT (-92.455838561219 42.527643143418)
20251466926,25-1161,02/03/2025,02-February,2-Monday,11:07,1100 Hours,District 3 (Northwest),SPENCER,CLAY,77,EAST 8TH ST,Collision with:  Vehicle in traffic,On Roadway,Head-on (front to front),FTYROW:  From driveway,None Indicated,None apparent,Daylight,Dry,Clear,None apparent,"Non-intersection:  Driveway access (related, not in)",Paved,,Property Damage Only,0,0,0,0,0,0,1700,2,2,Southbound (SB),POINT (-95.143055321449 43.145807910553)
20251467093,25-1155,02/03/2025,02-February,2-Monday,08:06,0800 Hours,District 3 (Northwest),SPENCER,CLAY,77,WEST 1ST ST AND 2ND AVE WEST,Collision with:  Vehicle in traffic,On Roadway,Broadside (front to side),FTYROW:  From yield sign,None Indicated,None apparent,Daylight,Dry,Clear,None apparent,Intersection:  Four-way intersection,Paved,,Minor Injury,0,2,0,1,1,0,33000,2,2,Northbound (NB),POINT (-95.147103219951 43.138492413396)
20251466892,25-2127,02/03/2025,02-February,2-Monday,19:43,1900 Hours,District 6 (East Central),,JACKSON,77,130TH ST,Non-collision events:  Overturn/rollover,Shoulder,Non-collision (single vehicle),Ran off road - left,None Indicated,Weather conditions,Dark - roadway not lighted,Gravel,Cloudy,"Slippery, loose, or worn surface",Non-intersection:  Non-junction/no special feature,Unpaved,,Minor Injury,0,1,0,1,0,0,101500,1,1,Southbound (SB),POINT (-90.462714931036 42.148370583237)
20251467556,25-000876,02/03/2025,02-February,2-Monday,01:04,0100 Hours,District 6 (East Central),,BENTON,US 30,US 30 W AT 27 AV,Miscellaneous events:  Fire/explosion,Roadside,Non-collision (single vehicle),Ran off road - straight,Alcohol (Statutory),None apparent,Dark - roadway lighted,Dry,Cloudy,None apparent,Intersection:  Four-way intersection,Paved,,Property Damage Only,0,0,0,0,0,0,6000,1,1,Westbound (WB),POINT (-91.96995666206 41.963475368281)
20251466989,202501541,02/03/2025,02-February,2-Monday,15:52,1500 Hours,District 6 (East Central),CEDAR RAPIDS,LINN,77,3200BLK CENTER POINT RD NE,Collision with:  Vehicle in traffic,On Roadway,Broadside (front to side),FTYROW:  Other (explain in narrative),None Indicated,None apparent,Daylight,Dry,Clear,None apparent,"Non-intersection:  Driveway access (related, not in)",Paved,,Possible/Unknown,0,1,0,0,1,0,12000,2,2,Northbound (NB),POINT (-91.663833270216 42.011666017013)
20251466917,2025-7796,02/03/2025,02-February,2-Monday,12:07,1200 Hours,District 6 (East Central),DAVENPORT,SCOTT,77,GAINES ST,Collision with:  Vehicle in traffic,On Roadway,Head-on (front to front),FTYROW:  From stop sign,None Indicated,None apparent,Daylight,Dry,Clear,None apparent,Intersection:  Other intersection (explain in narrative),Paved,,Property Damage Only,0,0,0,0,0,0,4000,2,2,Northbound (NB),POINT (-90.582862376058 41.532964057)
20251466975,20250002870,02/03/2025,02-February,2-Monday,10:50,1000 Hours,District 1 (Central),DES MOINES,POLK,77,UNIVERSITY AVE MEASURING 60 FEET EAST OF 29TH STREET,Collision with:  Vehicle in traffic,On Roadway,Rear-end (front to rear),Followed too close,None Indicated,None apparent,Daylight,Dry,Cloudy,None apparent,Non-intersection:  Non-junction/no special feature,Paved,,Possible/Unknown,0,1,0,0,1,0,3000,2,2,Southbound (SB),POINT (-93.65646685414 41.600375476642)
20251466906,25SC03050,02/03/2025,02-February,2-Monday,13:05,1300 Hours,District 3 (Northwest),SIOUX CITY,WOODBURY,77,YORK ST AND SINGING HILLS BLVD,Collision with:  Vehicle in traffic,On Roadway,"Sideswipe, same direction",Improper or erratic lane changing,None Indicated,None apparent,Daylight,Dry,Cloudy,None apparent,Intersection:  Four-way intersection,Paved,,Property Damage Only,0,0,0,0,0,0,3500,2,3,Northbound (NB),POINT (-96.372403533742 42.434941637625)