Iowa DOT Case Number,Law Enforcement Case Number,Date of Crash,Month of Crash,Day of Week,Time of Crash,Hour,DOT District,City Name,County Name,Route with System,Location Description,First Harmful Event,Location of First Harmful Event,Manner of Crash/Collision,Major Cause,Drug or Alcohol ,Environmental Conditions,Light Conditions,Surface Conditions,Weather Conditions,Roadway Contribution,Roadway Type,Roadway Surface,Work Zone,Crash Severity,Number of Fatalities,Number of Injuries,Number of Major Injuries,Number of Minor Injuries,Number of Possible Injuries,Number of Unknown Injuries,Amount of Property Damage,Number of Vehicles Involved,Total Number of Occupants,Travel Direction,Location
20251466965,25-004271,02/04/2025,02-February,3-Tuesday,10:45,1000 Hours,District 5 (Southeast),MUSCATINE,MUSCATINE,77,3000 BLK HWY 61,Collision with:  Vehicle in traffic,On Roadway,Broadside (front to side),FTYROW:  From stop sign,None Indicated,None apparent,Daylight,Dry,Clear,None apparent,Non-intersection:  Crossover-related,Paved,,Possible/Unknown,0,2,0,0,2,0,10500,3,3,Southbound (SB),POINT (-91.046936854228 41.422598850692)
20251467381,2025-2627,02/04/2025,02-February,3-Tuesday,11:55,1100 Hours,District 6 (East Central),BETTENDORF,SCOTT,77,SAINT JOHNS COURT AND 18TH ST,Collision with:  Vehicle in traffic,On Roadway,Rear-end (front to rear),Followed too close,None Indicated,None apparent,Daylight,Dry,Clear,None apparent,Intersection:  T-intersection,Paved,,Property Damage Only,0,0,0,0,0,0,22000,3,3,Southbound (SB),POINT (-90.498138048514 41.564519439341)
20251467382,2025-2644,02/04/2025,02-February,3-Tuesday,14:20,1400 Hours,District 6 (East Central),BETTENDORF,SCOTT,I-9974,I 74 E,Collision with:  Vehicle in traffic,On Roadway,"Sideswipe, same direction",Other (explain in narrative):  No improper action,None Indicated,None apparent,Daylight,Dry,Clear,None apparent,"Interchange-related:  Off-ramp, diverge area",Unpaved,,Property Damage Only,0,0,0,0,0,0,1500,2,2,Southbound (SB),POINT (-90.51258873445 41.522305161473)
20251467151,25-3545,02/04/2025,02-February,3-Tuesday,16:40,1600 Hours,District 1 (Central),NEWTON,JASPER,77,SOUTH 13TH AVE EAST,Collision with:  Parked motor vehicle,On Roadway,Rear-end (front to rear),Lost Control,None Indicated,None apparent,Daylight,Dry,Clear,None apparent,Non-intersection:  Non-junction/no special feature,Paved,,Minor Injury,0,1,0,1,0,0,10000,2,4,Southbound (SB),POINT (-93.042789966893 41.688386847884)
20251468873,2025-8137,02/04/2025,02-February,3-Tuesday,15:35,1500 Hours,District 6 (East Central),DAVENPORT,SCOTT,77,JEBENS AVE,Collision with:  Vehicle in traffic,On Roadway,Broadside (front to side),FTYROW:  From yield sign,None Indicated,None apparent,Daylight,Dry,Cloudy,None apparent,Intersection:  Four-way intersection,Paved,,Property Damage Only,0,0,0,0,0,0,5500,2,2,Northbound (NB),POINT (-90.614620050971 41.588521624285)
20251467168,25-0131,02/05/2025,02-February,4-Wednesday,12:19,1200 Hours,District 1 (Central),,POLK,77,1300 NE 70TH ST,Collision with:  Vehicle in traffic,On Roadway,Rear-end (front to rear),Driving too fast for conditions,None Indicated,None apparent,Daylight,Wet,Freezing rain/drizzle,Work Zone (roadway-related),Non-intersection:  Non-junction/no special feature,Paved,Yes,Property Damage Only,0,0,0,0,0,0,2500,2,2,Northbound (NB),POINT (-93.469479051271 41.602876409046)
20251467258,OP2025000351,02/05/2025,02-February,4-Wednesday,20:39,2000 Hours,District 5 (Southeast),OTTUMWA,WAPELLO,77,NORTH GREEN ST,Collision with:  Parked motor vehicle,On Roadway,Rear-end (front to rear),Driving too fast for conditions,None Indicated,Weather conditions,Dark - roadway lighted,Ice/frost,Freezing rain/drizzle,"Surface condition (e.g., wet, icy)",Non-intersection:  Non-junction/no special feature,Paved,,Property Damage Only,0,0,0,0,0,0,9500,4,3,Northbound (NB),POINT (-92.405081117399 41.02077747527)
20251467215,25-00553,02/05/2025,02-February,4-Wednesday,14:08,1400 Hours,District 1 (Central),WEST DES MOINES,POLK,77,1300-BLK 17TH ST,Collision with:  Parked motor vehicle,On Roadway,"Sideswipe, same direction",Other (explain in narrative):  Vision obstructed,None Indicated,Visual obstruction,Daylight,Wet,Cloudy,None apparent,Non-intersection:  Non-junction/no special feature,Paved,,Property Damage Only,0,0,0,0,0,0,9000,3,1,Northbound (NB),POINT (-93.727297138611 41.59247321476)
20251467272,W25-010199,02/05/2025,02-February,4-Wednesday,21:23,2100 Hours,District 2 (Northeast),WATERLOO,BLACK HAWK,77,HAWKEYE RD,Collision with:  Vehicle in traffic,On Roadway,"Sideswipe, opposite direction",Driving too fast for conditions,None Indicated,Other (explain in narrative),Dark - roadway lighted,Other (explain in narrative),Freezing rain/drizzle,"Surface condition (e.g., wet, icy)",Non-intersection:  Non-junction/no special feature,Paved,,Property Damage Only,0,0,0,0,0,0,12500,2,2,Northbound (NB),POINT (-92.346754616319 42.456431425132)
20251467406,2507600,02/05/2025,02-February,4-Wednesday,23:30,2300 Hours,District 6 (East Central),,CLINTON,US 67,292ND ST AND US 67 N MEASURING 1925 FEET NORTH FROM 292ND ST AND US 67 N,Collision with fixed object:  Ditch,On Roadway,Non-collision (single vehicle),Ran off road - right,None Indicated,Unknown,Unknown,Unknown,Unknown,Unknown,Intersection:  T-intersection,Paved,,Property Damage Only,0,0,0,0,0,0,1500,1,1,Northbound (NB),POINT (-90.34999180941 41.752145155715)
20251467209,20250003108,02/05/2025,02-February,4-Wednesday,18:26,1800 Hours,District 1 (Central),DES MOINES,POLK,77,30TH ST MEASURING 72 FEET NORTH FROM SENECA AVE,Collision with:  Vehicle in traffic,On Roadway,Head-on (front to front),Driving too fast for conditions,None Indicated,Weather conditions,Dark - roadway not lighted,Ice/frost,Freezing rain/drizzle,None apparent,Non-intersection:  Non-junction/no special feature,Paved,,Property Damage Only,0,0,0,0,0,0,3000,2,2,Northbound (NB),POINT (-93.658790142705 41.631761287537)
20251467100,25SC03210,02/05/2025,02-February,4-Wednesday,08:01,0800 Hours,District 3 (Northwest),SIOUX CITY,WOODBURY,IA-376,IA 376 N,Collision with:  Vehicle in traffic,On Roadway,Rear-end (front to rear),Followed too close,None Indicated,None apparent,Daylight,Dry,Clear,None apparent,Non-intersection:  Non-junction/no special feature,Paved,,Possible/Unknown,0,1,0,0,1,0,27000,3,35,Northbound (NB),POINT (-96.371333469558 42.513483641743)
20251467427,2507442,02/05/2025,02-February,4-Wednesday,19:18,1900 Hours,District 6 (East Central),DE WITT,CLINTON,77,6TH AVE,Collision with:  Vehicle in traffic,On Roadway,Rear-end (front to rear),Driving too fast for conditions,None Indicated,Weather conditions,Dark - roadway lighted,Ice/frost,Freezing rain/drizzle,"Surface condition (e.g., wet, icy)",Non-intersection:  Non-junction/no special feature,Paved,,Property Damage Only,0,0,0,0,0,0,4000,2,3,Northbound (NB),POINT (-90.538964571054 41.82331997486)
20251467191,25-879,02/05/2025,02-February,4-Wednesday,14:42,1400 Hours,District 1 (Central),,POLK,77,11000 BLK NE 38TH ST,Collision with:  Vehicle in traffic,On Roadway,Broadside (front to side),Operator inexperience,None Indicated,Weather conditions,Daylight,Ice/frost,Freezing rain/drizzle,"Surface condition (e.g., wet, icy)",Intersection:  T-intersection,Paved,,Property Damage Only,0,0,0,0,0,0,18000,2,2,Northbound (NB),POINT (-93.541375675509 41.760860484728)
20251467351,25007538,02/05/2025,02-February,4-Wednesday,15:00,1500 Hours,District 1 (Central),MARSHALLTOWN,MARSHALL,77,SOUTH 2ND ST,Collision with:  Vehicle in traffic,On Roadway,Broadside (front to side),Ran Stop Sign,None Indicated,Weather conditions,Daylight,Ice/frost,Freezing rain/drizzle,"Surface condition (e.g., wet, icy)",Non-intersection:  Non-junction/no special feature,Paved,,Property Damage Only,0,0,0,0,0,0,3000,2,2,Northbound (NB),POINT (-92.915806524916 42.015602651984)
20251468142,W25-00345,02/05/2025,02-February,4-Wednesday,16:43,1600 Hours,District 5 (Southeast),WEST BURLINGTON,DES MOINES,77,3000 W MT PLEASANT,Collision with fixed object:  Utility pole/light support,On Roadway,Non-collision (single vehicle),Driving too fast for conditions,None Indicated,Weather conditions,Daylight,Ice/frost,Freezing rain/drizzle,"Surface condition (e.g., wet, icy)",Non-intersection:  Non-junction/no special feature,Paved,,Property Damage Only,0,0,0,0,0,0,12500,1,1,Northbound (NB),POINT (-91.207142698442 40.826663484773)
20251467196,25004442,02/05/2025,02-February,4-Wednesday,15:54,1500 Hours,District 5 (Southeast),WEST LIBERTY,MUSCATINE,77,8TH ST,Collision with fixed object:  Wall,On Roadway,Non-collision (single vehicle),Ran off road - right,None Indicated,None apparent,Daylight,Dry,Cloudy,None apparent,Non-intersection:  Non-junction/no special feature,Paved,,Property Damage Only,0,0,0,0,0,0,9700,1,2,Southbound (SB),POINT (-91.257135152237 41.575040992657)
20251467227,25-000513,02/05/2025,02-February,4-Wednesday,17:20,1700 Hours,District 1 (Central),ANKENY,POLK,IA-415,2700 BLK SW STATE ST,Collision with:  Vehicle in traffic,On Roadway,"Sideswipe, same direction",Swerving/Evasive Action,None Indicated,Weather conditions,Dusk,Ice/frost,Freezing rain/drizzle,"Surface condition (e.g., wet, icy)",Intersection:  Four-way intersection,Paved,,Property Damage Only,0,0,0,0,0,0,4000,2,2,Northbound (NB),POINT (-93.621472263595 41.702512934119)
20251467218,25-00561,02/05/2025,02-February,4-Wednesday,17:40,1700 Hours,District 4 (Southwest),WEST DES MOINES,DALLAS,77,SOUTH 95TH ST,Collision with:  Vehicle in traffic,On Roadway,"Sideswipe, opposite direction",Driving too fast for conditions,None Indicated,Weather conditions,Dusk,Ice/frost,Freezing rain/drizzle,"Surface condition (e.g., wet, icy)",Intersection:  T-intersection,Paved,,Property Damage Only,0,0,0,0,0,0,4000,2,2,Northbound (NB),POINT (-93.839479929881 41.544168634984)
20251467950,C25000489,02/05/2025,02-February,4-Wednesday,15:56,1500 Hours,District 6 (East Central),CORALVILLE,JOHNSON,I-80,RAMP I 80 E TO I 380 N,Collision with:  Vehicle in traffic,On Roadway,"Sideswipe, same direction",Unknown,None Indicated,None apparent,Daylight,Wet,Freezing rain/drizzle,None apparent,Non-intersection:  Non-junction/no special feature,Paved,,Property Damage Only,0,0,0,0,0,0,4300,2,2,Southbound (SB),POINT (-91.639422391397 41.698147232911)
20251467279,2025-00151,02/05/2025,02-February,4-Wednesday,17:29,1700 Hours,District 4 (Southwest),WAUKEE,DALLAS,77,700 BLOCK ALICE'S RD,Collision with:  Vehicle in traffic,On Roadway,"Angle, oncoming left turn",Other (explain in narrative):  Other,None Indicated,Weather conditions,Dusk,Ice/frost,"Sleet, hail","Surface condition (e.g., wet, icy)",Non-intersection:  Driveway access (within),Paved,,Property Damage Only,0,0,0,0,0,0,5500,2,6,Northbound (NB),POINT (-93.852872054561 41.622567854701)
20251467471,W25-010195,02/05/2025,02-February,4-Wednesday,21:03,2100 Hours,District 2 (Northeast),WATERLOO,BLACK HAWK,77,87 SYCAMORE ST,Collision with:  Parked motor vehicle,On Roadway,Rear-end (front to rear),Unknown,None Indicated,None apparent,Dark - roadway lighted,Ice/frost,Freezing rain/drizzle,None apparent,Non-intersection:  Non-junction/no special feature,Paved,,Possible/Unknown,0,1,0,0,0,1,10000,2,1,Northbound (NB),POINT (-92.34175215542 42.502071517302)
20251467225,25-00000216,02/05/2025,02-February,4-Wednesday,17:48,1700 Hours,District 1 (Central),JOHNSTON,POLK,77,8700-B CRESCENT CHASE,Collision with fixed object:  Tree,On Roadway,Non-collision (single vehicle),Driving too fast for conditions,None Indicated,Weather conditions,Dark - roadway lighted,Ice/frost,Freezing rain/drizzle,"Surface condition (e.g., wet, icy)",Non-intersection:  Non-junction/no special feature,Paved,,Property Damage Only,0,0,0,0,0,0,2000,1,1,Northbound (NB),POINT (-93.738516835998 41.67146651928)
20251467170,MC2500396,02/05/2025,02-February,4-Wednesday,08:35,0800 Hours,District 2 (Northeast),MASON CITY,CERRO GORDO,77,SOUTH PENNSYLVANIA AVE,Collision with:  Vehicle in traffic,On Roadway,"Sideswipe, same direction",Other (explain in narrative):  No improper action,None Indicated,None apparent,Daylight,Dry,Cloudy,None apparent,Intersection:  Four-way intersection,Paved,,Property Damage Only,0,0,0,0,0,0,8000,2,4,Northbound (NB),POINT (-93.198404907067 43.147205228097)
20251468031,2025003074,02/05/2025,02-February,4-Wednesday,08:45,0800 Hours,District 1 (Central),,POLK,I-80,"INTERSTATE 80 WEST, 135.2 MILE MARKER, WEST BOUND",Collision with:  Vehicle in traffic,On Roadway,Rear-end (front to rear),Lost Control,None Indicated,None apparent,Daylight,Dry,Cloudy,None apparent,Interchange-related:  On-ramp merge area,Paved,,Property Damage Only,0,0,0,0,0,0,19000,3,3,Westbound (WB),POINT (-93.627159825544 41.649574248041)
20251467192,25-880,02/05/2025,02-February,4-Wednesday,14:49,1400 Hours,District 1 (Central),,POLK,77,6000 BLK NE 80TH ST,Collision with:  Vehicle in traffic,On Roadway,Head-on (front to front),Traveling wrong way or on wrong side of road,None Indicated,Weather conditions,Daylight,Ice/frost,Cloudy,"Surface condition (e.g., wet, icy)",Non-intersection:  Non-junction/no special feature,Paved,,Property Damage Only,0,0,0,0,0,0,10000,2,2,Northbound (NB),POINT (-93.445000612854 41.669537028704)
20251467412,RP2500004,02/05/2025,02-February,4-Wednesday,16:59,1600 Hours,District 2 (Northeast),ROCKWELL,CERRO GORDO,77,SOUTH 1ST ST,Collision with:  Vehicle in traffic,On Roadway,Broadside (front to side),Ran Stop Sign,None Indicated,None apparent,Daylight,Ice/frost,Freezing rain/drizzle,None apparent,Intersection:  Four-way intersection,Paved,,Property Damage Only,0,0,0,0,0,0,3000,2,4,Northbound (NB),POINT (-93.19208972367 42.979984396689)
20251467232,2500844,02/05/2025,02-February,4-Wednesday,17:39,1700 Hours,District 2 (Northeast),ALGONA,KOSSUTH,77,EAST COMMERCIAL ST,Collision with:  Vehicle in traffic,On Roadway,Head-on (front to front),Driving too fast for conditions,None Indicated,Weather conditions,Dark - roadway lighted,Ice/frost,Freezing rain/drizzle,None apparent,Non-intersection:  Non-junction/no special feature,Paved,,Minor Injury,0,3,0,2,1,0,18000,2,3,Southbound (SB),POINT (-94.21983323727 43.075679912575)
20251468339,25010129,02/05/2025,02-February,4-Wednesday,12:50,1200 Hours,District 2 (Northeast),CEDAR FALLS,BLACK HAWK,77,BERGSTROM BLVD,Collision with:  Vehicle in traffic,On Roadway,"Sideswipe, same direction",Lost Control,None Indicated,None apparent,Daylight,Dry,Clear,None apparent,Non-intersection:  Non-junction/no special feature,Paved,,Property Damage Only,0,0,0,0,0,0,3000,2,1,Southbound (SB),POINT (-92.440552078251 42.50237125696)
20251468876,2025-8435,02/05/2025,02-February,4-Wednesday,20:16,2000 Hours,District 6 (East Central),DAVENPORT,SCOTT,77,EAST 6TH ST,Collision with:  Parked motor vehicle,Shoulder,Rear-end (front to rear),Driving too fast for conditions,None Indicated,Weather conditions,Dark - roadway not lighted,Ice/frost,Freezing rain/drizzle,"Surface condition (e.g., wet, icy)",Non-intersection:  Non-junction/no special feature,Paved,,Property Damage Only,0,0,0,0,0,0,2000,2,4,Southbound (SB),POINT (-90.569985766672 41.525694544689)
20251467205,20250003087,02/05/2025,02-February,4-Wednesday,15:59,1500 Hours,District 1 (Central),DES MOINES,POLK,77,28TH ST,Collision with fixed object:  Other traffic barrier (explain in narrative),On Roadway,Non-collision (single vehicle),Lost Control,None Indicated,Weather conditions,Daylight,Ice/frost,Freezing rain/drizzle,"Surface condition (e.g., wet, icy)",Non-intersection:  Non-junction/no special feature,Paved,,Possible/Unknown,0,1,0,0,0,1,4000,1,3,Northbound (NB),POINT (-93.655874443058 41.605864255528)
20251467233,2025-000820,02/05/2025,02-February,4-Wednesday,09:53,0900 Hours,District 6 (East Central),DUBUQUE,DUBUQUE,77,LOCUST ST SOUTH MEASURING 98 FEET NORTH FROM WEST 8TH ST,Collision with:  Vehicle in traffic,On Roadway,Rear-end (front to rear),Driver Distraction:  Inattentive/lost in thought,None Indicated,None apparent,Daylight,Dry,Clear,None apparent,Non-intersection:  Non-junction/no special feature,Paved,,Property Damage Only,0,0,0,0,0,0,10200,2,2,Northbound (NB),POINT (-90.668459592072 42.500772094369)
20251469017,25010020,02/05/2025,02-February,4-Wednesday,09:04,0900 Hours,District 2 (Northeast),CEDAR FALLS,BLACK HAWK,77,BOULDER DR/UNIVERSITY DR,Collision with:  Vehicle in traffic,On Roadway,"Sideswipe, same direction",Other (explain in narrative):  No improper action,None Indicated,None apparent,Daylight,Dry,Clear,None apparent,Intersection:  Roundabout,Paved,,Property Damage Only,0,0,0,0,0,0,3000,2,2,Eastbound (EB),POINT (-92.438423069231 42.513149827622)
20251469858,25-1447,02/05/2025,02-February,4-Wednesday,13:35,1300 Hours,District 3 (Northwest),CARROLL,CARROLL,77,WEST ST,Collision with:  Vehicle in traffic,On Roadway,Broadside (front to side),Passing:  Through/around barrier,None Indicated,None apparent,Daylight,Dry,Cloudy,None apparent,Intersection:  Four-way intersection,Paved,,Possible/Unknown,0,1,0,0,1,0,6000,2,2,Northbound (NB),POINT (-94.870479844471 42.069036119276)
20251467247,25-001241,02/05/2025,02-February,4-Wednesday,19:40,1900 Hours,District 4 (Southwest),COUNCIL BLUFFS,POTTAWATTAMIE,77,AVE D,Collision with:  Vehicle in traffic,On Roadway,Broadside (front to side),Driving too fast for conditions,None Indicated,Weather conditions,Dark - roadway lighted,Ice/frost,Freezing rain/drizzle,"Surface condition (e.g., wet, icy)",Intersection:  Four-way intersection,Paved,,Property Damage Only,0,0,0,0,0,0,3300,2,3,Southbound (SB),POINT (-95.873518876578 41.265305339552)
20251468224,2025003188,02/05/2025,02-February,4-Wednesday,19:35,1900 Hours,District 6 (East Central),LE CLAIRE,SCOTT,I-80,I 80 WB 304MM,Collision with fixed object:  Cable barrier,Median,Non-collision (single vehicle),Ran off road - left,None Indicated,Weather conditions,Dark - roadway not lighted,Ice/frost,Freezing rain/drizzle,"Surface condition (e.g., wet, icy)",Non-intersection:  Non-junction/no special feature,Paved,,Property Damage Only,0,0,0,0,0,0,11400,1,2,Westbound (WB),POINT (-90.395481379691 41.596299996454)
20251468853,2025-8418,02/05/2025,02-February,4-Wednesday,19:11,1900 Hours,District 6 (East Central),DAVENPORT,SCOTT,77,CAREY AVE AND EAST 53RD ST,Collision with:  Vehicle in traffic,On Roadway,Other (explain in narrative),Other (explain in narrative):  No improper action,None Indicated,Weather conditions,Dark - roadway lighted,Ice/frost,Freezing rain/drizzle,"Surface condition (e.g., wet, icy)",Non-intersection:  Non-junction/no special feature,Paved,,Property Damage Only,0,0,0,0,0,0,9000,6,6,Southbound (SB),POINT (-90.559059129375 41.574655856602)
20251467535,25-001164,02/05/2025,02-February,4-Wednesday,12:58,1200 Hours,District 4 (Southwest),,HARRISON,77,EASTON TRAIL MEASURING 742 FEET EAST FROM 175TH ST,Non-collision events:  Overturn/rollover,On Roadway,Non-collision (single vehicle),Lost Control,None Indicated,Weather conditions,Daylight,Dry,Freezing rain/drizzle,"Surface condition (e.g., wet, icy)",Non-intersection:  Non-junction/no special feature,Paved,,Possible/Unknown,0,1,0,0,1,0,7500,1,1,Southbound (SB),POINT (-95.75700776691 41.754641965518)
20251467449,C25000493,02/05/2025,02-February,4-Wednesday,18:02,1800 Hours,District 6 (East Central),CORALVILLE,JOHNSON,77,EAST 9TH ST AND EAST 2ND AVE,Collision with:  Other non-fixed object (explain in narrative),On Roadway,Broadside (front to side),Ran off road - straight,None Indicated,Weather conditions,Dark - roadway lighted,Ice/frost,Freezing rain/drizzle,"Slippery, loose, or worn surface",Intersection:  Roundabout,Paved,,Property Damage Only,0,0,0,0,0,0,10000,2,2,Southbound (SB),POINT (-91.563091720645 41.681699277111)
20251467402,25001699,02/05/2025,02-February,4-Wednesday,23:02,2300 Hours,District 3 (Northwest),LE MARS,PLYMOUTH,77,14TH AVE SE MEASURING 61 FEET NORTH FROM 12TH ST SE,Collision with fixed object:  Curb/island/raised median,On Roadway,Non-collision (single vehicle),Driving too fast for conditions,None Indicated,Weather conditions,Dark - roadway lighted,Ice/frost,"Fog, smoke, smog","Surface condition (e.g., wet, icy)",Intersection:  Four-way intersection,Paved,,Property Damage Only,0,0,0,0,0,0,6000,1,1,Northbound (NB),POINT (-96.145565341974 42.779005574981)
20251467572,2025001032,02/05/2025,02-February,4-Wednesday,18:25,1800 Hours,District 6 (East Central),IOWA CITY,JOHNSON,77,DIANA ST,Collision with:  Vehicle in traffic,On Roadway,"Sideswipe, opposite direction",Lost Control,None Indicated,Weather conditions,Dark - roadway lighted,Ice/frost,Freezing rain/drizzle,"Surface condition (e.g., wet, icy)",Non-intersection:  Non-junction/no special feature,Paved,,Property Damage Only,0,0,0,0,0,0,2000,2,5,Northbound (NB),POINT (-91.526607725155 41.64832625111)
20251467275,25-000738,02/05/2025,02-February,4-Wednesday,17:15,1700 Hours,District 1 (Central),,GREENE,77,U AVE,Collision with fixed object:  Ditch,Outside trafficway,Non-collision (single vehicle),Ran off road - straight,None Indicated,Weather conditions,Dusk,Ice/frost,Freezing rain/drizzle,"Surface condition (e.g., wet, icy)",Intersection:  T-intersection,Paved,,Property Damage Only,0,0,0,0,0,0,4000,1,1,Northbound (NB),POINT (-94.241981902184 41.935295152125)
20251467479,MC2500394,02/05/2025,02-February,4-Wednesday,05:01,0500 Hours,District 2 (Northeast),MASON CITY,CERRO GORDO,IA-122,US 65 N AND IA 122 W,Collision with:  Vehicle in traffic,On Roadway,Other (explain in narrative),Ran Traffic Signal,None Indicated,None apparent,Dark - roadway lighted,Dry,Clear,None apparent,Intersection:  Four-way intersection,Paved,,Property Damage Only,0,0,0,0,0,0,24000,2,3,Westbound (WB),POINT (-93.20103653337 43.147155610328)
20251467289,2501678,02/05/2025,02-February,4-Wednesday,22:35,2200 Hours,District 5 (Southeast),WASHINGTON,WASHINGTON,77,EAST 2ND ST,Collision with:  Parked motor vehicle,On Roadway,Broadside (front to side),Driving too fast for conditions,None Indicated,None apparent,Dark - roadway lighted,Ice/frost,Freezing rain/drizzle,"Slippery, loose, or worn surface",Intersection:  T-intersection,Paved,,Property Damage Only,0,0,0,0,0,0,12000,2,1,Southbound (SB),POINT (-91.682626326896 41.300318040958)
20251467355,20250003041,02/05/2025,02-February,4-Wednesday,07:05,0700 Hours,District 1 (Central),DES MOINES,POLK,77,LOCUST ST AND 8TH ST,Collision with:  Vehicle in traffic,On Roadway,Broadside (front to side),Unknown,None Indicated,None apparent,Dark - roadway lighted,Dry,Clear,None apparent,Intersection:  Four-way intersection,Paved,,Property Damage Only,0,0,0,0,0,0,5000,2,2,Northbound (NB),POINT (-93.62744712923 41.586324092624)
20251467353,W25-010123,02/05/2025,02-February,4-Wednesday,15:37,1500 Hours,District 2 (Northeast),WATERLOO,BLACK HAWK,77,JEFFERSON ST AND US 63 S,Collision with:  Vehicle in traffic,On Roadway,Other (explain in narrative),Made improper turn,None Indicated,Weather conditions,Daylight,Wet,Freezing rain/drizzle,"Surface condition (e.g., wet, icy)",Intersection:  Four-way intersection,Paved,,Property Damage Only,0,0,0,0,0,0,10000,3,4,Northbound (NB),POINT (-92.345970696096 42.497853924865)
20251467407,CL2500105,02/05/2025,02-February,4-Wednesday,17:29,1700 Hours,District 2 (Northeast),VENTURA,CERRO GORDO,77,BALSAM AVE/ HWY 18,Non-collision events:  Overturn/rollover,Shoulder,Non-collision (single vehicle),Driving too fast for conditions,None Indicated,Weather conditions,Daylight,Ice/frost,Freezing rain/drizzle,"Surface condition (e.g., wet, icy)",Non-intersection:  Non-junction/no special feature,Paved,,Property Damage Only,0,0,0,0,0,0,8000,1,1,Northbound (NB),POINT (-93.477726054499 43.130792546404)
20251467452,MC2500407,02/05/2025,02-February,4-Wednesday,17:55,1700 Hours,District 2 (Northeast),MASON CITY,CERRO GORDO,77,12TH ST NW,Collision with:  Vehicle in traffic,On Roadway,Rear-end (front to rear),Unknown,None Indicated,None apparent,Dark - roadway lighted,Ice/frost,Freezing rain/drizzle,"Surface condition (e.g., wet, icy)",Non-intersection:  Non-junction/no special feature,Paved,,Property Damage Only,0,0,0,0,0,0,2000,2,2,Southbound (SB),POINT (-93.211346888653 43.162760431189)
20251468091,25-004959,02/05/2025,02-February,4-Wednesday,23:36,2300 Hours,District 3 (Northwest),,BUENA VISTA,IA-7,600 MILE OF IA 7 E,Non-collision events:  Overturn/rollover,On Roadway,Non-collision (single vehicle),Driving too fast for conditions,None Indicated,Weather conditions,Dark - roadway not lighted,Ice/frost,Freezing rain/drizzle,"Surface condition (e.g., wet, icy)",Non-intersection:  Non-junction/no special feature,Paved,,Property Damage Only,0,0,0,0,0,0,15200,1,1,Southbound (SB),POINT (-95.280505598943 42.668331445558)
20251467450,CL2500104,02/05/2025,02-February,4-Wednesday,17:19,1700 Hours,District 2 (Northeast),VENTURA,CERRO GORDO,US 18,US 18 E/MAIN STREET,Non-collision events:  Overturn/rollover,Shoulder,Non-collision (single vehicle),Lost Control,None Indicated,Weather conditions,Dusk,Ice/frost,Freezing rain/drizzle,"Surface condition (e.g., wet, icy)",Non-intersection:  Non-junction/no special feature,Paved,,Property Damage Only,0,0,0,0,0,0,1500,1,1,Southbound (SB),POINT (-93.479953067022 43.129432497153)
20251467228,25-001227,02/05/2025,02-February,4-Wednesday,15:50,1500 Hours,District 4 (Southwest),COUNCIL BLUFFS,POTTAWATTAMIE,77,NORTH 31ST ST AND AVE H (801 N 31ST ST),Collision with:  Parked motor vehicle,On Roadway,Head-on (front to front),Lost Control,None Indicated,Weather conditions,Daylight,Ice/frost,Freezing rain/drizzle,"Surface condition (e.g., wet, icy)",Non-intersection:  Non-junction/no special feature,Paved,,Property Damage Only,0,0,0,0,0,0,12000,2,1,Northbound (NB),POINT (-95.894132945899 41.269084580432)
20251468225,2025003196,02/05/2025,02-February,4-Wednesday,22:45,2200 Hours,District 3 (Northwest),,LYON,77,260TH ST  .2 EAST OF GARFIELD,Non-collision events:  Overturn/rollover,Roadside,Non-collision (single vehicle),Ran off road - left,None Indicated,Weather conditions,Dark - roadway not lighted,Ice/frost,Snow,"Surface condition (e.g., wet, icy)",Non-intersection:  Non-junction/no special feature,Paved,,Property Damage Only,0,0,0,0,0,0,2000,1,1,Southbound (SB),POINT (-96.230033741291 43.272000683944)
20251467265,2025003180,02/05/2025,02-February,4-Wednesday,17:30,1700 Hours,District 1 (Central),,WEBSTER,77,XAVIER AVE AND 140TH ST,Non-collision events:  Overturn/rollover,On Roadway,Non-collision (single vehicle),Driving too fast for conditions,None Indicated,Weather conditions,Dusk,Ice/frost,Freezing rain/drizzle,"Slippery, loose, or worn surface",Intersection:  Four-way intersection,Unpaved,,Minor Injury,0,1,0,1,0,0,5000,1,1,Northbound (NB),POINT (-94.000788120137 42.587118409651)
20251467613,2025001047,02/05/2025,02-February,4-Wednesday,19:30,1900 Hours,District 6 (East Central),IOWA CITY,JOHNSON,77,DANIELLE ST,Collision with:  Parked motor vehicle,Shoulder,Head-on (front to front),Lost Control,None Indicated,Weather conditions,Dark - roadway not lighted,Ice/frost,Freezing rain/drizzle,"Surface condition (e.g., wet, icy)",Non-intersection:  Non-junction/no special feature,Paved,,Property Damage Only,0,0,0,0,0,0,3000,2,1,Northbound (NB),POINT (-91.474748418588 41.663393611689)
20251467710,ACSO 25-845,02/05/2025,02-February,4-Wednesday,06:26,0600 Hours,District 2 (Northeast),,ALLAMAKEE,IA-76,IA 76 N,Collision with:  Animal,Unknown,Non-collision (single vehicle),Animal,None Indicated,Animal in roadway,,,,,,Paved,,Property Damage Only,0,0,0,0,0,0,5000,1,1,Northbound (NB),POINT (-91.469180706271 43.240373409238)