Iowa DOT Case Number,Law Enforcement Case Number,Date of Crash,Month of Crash,Day of Week,Time of Crash,Hour,DOT District,City Name,County Name,Route with System,Location Description,First Harmful Event,Location of First Harmful Event,Manner of Crash/Collision,Major Cause,Drug or Alcohol ,Environmental Conditions,Light Conditions,Surface Conditions,Weather Conditions,Roadway Contribution,Roadway Type,Roadway Surface,Work Zone,Crash Severity,Number of Fatalities,Number of Injuries,Number of Major Injuries,Number of Minor Injuries,Number of Possible Injuries,Number of Unknown Injuries,Amount of Property Damage,Number of Vehicles Involved,Total Number of Occupants,Travel Direction,Location
20251467138,20250003052,02/05/2025,02-February,4-Wednesday,10:36,1000 Hours,District 1 (Central),DES MOINES,POLK,77,EAST 5TH ST AND EAST GRAND AVE MEASURING 108 FEET NORTH FROM EAST 5TH ST AND EAST GRAND AVE,Collision with:  Vehicle in traffic,On Roadway,Rear-end (front to rear),Followed too close,None Indicated,None apparent,Daylight,Dry,Clear,None apparent,Intersection:  Four-way intersection,Paved,,Property Damage Only,0,0,0,0,0,0,1800,2,2,Southbound (SB),POINT (-93.611567282067 41.590616045776)
20251467195,25-890,02/05/2025,02-February,4-Wednesday,17:58,1700 Hours,District 1 (Central),,POLK,77,SE 82ND ST,Collision with:  Vehicle in traffic,On Roadway,Rear-end (front to rear),Driving too fast for conditions,None Indicated,None apparent,Dark - roadway not lighted,Ice/frost,Freezing rain/drizzle,"Surface condition (e.g., wet, icy)",Non-intersection:  Non-junction/no special feature,Paved,,Property Damage Only,0,0,0,0,0,0,14000,2,2,Northbound (NB),POINT (-93.440067341096 41.560640459219)
20251467290,B25-00838,02/05/2025,02-February,4-Wednesday,11:59,1100 Hours,District 1 (Central),BOONE,BOONE,77,BENTON ST AND MAMIE EISENHOWER AVE AND SOUTH BENTON ST,Collision with:  Struck/struck by object/cargo/person from other vehicle,On Roadway,Head-on (front to front),FTYROW:  Making left turn,None Indicated,None apparent,Daylight,Dry,Cloudy,None apparent,Intersection:  Four-way intersection,Paved,,Minor Injury,0,1,0,1,0,0,6000,2,2,Northbound (NB),POINT (-93.874963365638 42.059618931581)
20251467583,25-000509,02/05/2025,02-February,4-Wednesday,14:00,1400 Hours,District 1 (Central),ANKENY,POLK,77,NE DELAWARE AVE - NE 24TH COURT,Collision with fixed object:  Curb/island/raised median,On Roadway,Non-collision (single vehicle),Driving too fast for conditions,None Indicated,Weather conditions,Daylight,Ice/frost,Cloudy,"Surface condition (e.g., wet, icy)",Non-intersection:  Non-junction/no special feature,Paved,,Property Damage Only,0,0,0,0,0,0,15000,1,1,Southbound (SB),POINT (-93.581170131704 41.751541993145)
20251467149,25-0558,02/05/2025,02-February,4-Wednesday,07:52,0700 Hours,District 5 (Southeast),,DECATUR,77,PLEASANTON RD,Collision with:  Vehicle in traffic,On Roadway,"Sideswipe, opposite direction",Lost Control,None Indicated,Weather conditions,Dawn,Ice/frost,Cloudy,"Surface condition (e.g., wet, icy)",Non-intersection:  Non-junction/no special feature,Paved,,Property Damage Only,0,0,0,0,0,0,4500,2,2,Northbound (NB),POINT (-93.741031166579 40.711575227297)
20251467504,2025003185,02/05/2025,02-February,4-Wednesday,19:20,1900 Hours,District 2 (Northeast),,CERRO GORDO,77,OFF ROADWAY/ROADWAY NOT FOUND MEASURING 104 FEET SOUTH FROM RAMP I 35 N TO US 18 E,Collision with fixed object:  Other post/pole/support (explain in narrative),On Roadway,Non-collision (single vehicle),Ran off road - right,None Indicated,Weather conditions,Dark - roadway lighted,Ice/frost,Freezing rain/drizzle,"Surface condition (e.g., wet, icy)","Interchange-related:  Off-ramp, diverge area",Unpaved,,Property Damage Only,0,0,0,0,0,0,2100,1,3,Northbound (NB),POINT (-93.340134981356 43.099668080382)
20251467485,2025-000382,02/05/2025,02-February,4-Wednesday,20:07,2000 Hours,District 6 (East Central),,DUBUQUE,US 20,US 20 W,Non-collision events:  Overturn/rollover,On Roadway,Non-collision (single vehicle),Ran off road - right,None Indicated,Weather conditions,Dark - roadway not lighted,Ice/frost,Freezing rain/drizzle,"Surface condition (e.g., wet, icy)",Non-intersection:  Non-junction/no special feature,Paved,,Property Damage Only,0,0,0,0,0,0,10000,1,1,Westbound (WB),POINT (-90.956211470667 42.440338858635)
20251467372,25-003009,02/05/2025,02-February,4-Wednesday,22:07,2200 Hours,District 5 (Southeast),,MARION,77,CRONINGEN COURT,Collision with:  Parked motor vehicle,Other (explain in narrative),Rear to side,Downhill runaway,None Indicated,Weather conditions,Dark - roadway not lighted,Ice/frost,Freezing rain/drizzle,"Surface condition (e.g., wet, icy)",Non-intersection:  Driveway access (within),Unpaved,,Property Damage Only,0,0,0,0,0,0,2100,2,2,Northbound (NB),POINT (-93.020556063536 41.411488231787)
20251467242,2025-5179,02/05/2025,02-February,4-Wednesday,11:54,1100 Hours,District 6 (East Central),,SCOTT,US 61,"RAMP 210 ST, E TO E TO STATE OF IOWA, US 61 N",Collision with:  Vehicle in traffic,On Roadway,"Sideswipe, same direction","Operating vehicle in an reckless, erratic, careless, negligent manner",None Indicated,None apparent,Daylight,Dry,Cloudy,None apparent,Interchange-related:  On-ramp merge area,Paved,,Possible/Unknown,0,1,0,0,1,0,8500,2,2,Northbound (NB),POINT (-90.560347553343 41.611140824116)
20251467177,202500001419,02/05/2025,02-February,4-Wednesday,12:41,1200 Hours,District 6 (East Central),MARION,LINN,77,10TH ST/13TH AVE,Collision with:  Vehicle in traffic,On Roadway,Broadside (front to side),FTYROW:  From stop sign,None Indicated,None apparent,Daylight,Dry,Cloudy,None apparent,Intersection:  Four-way intersection,Paved,,Property Damage Only,0,0,0,0,0,0,13000,2,3,Northbound (NB),POINT (-91.599300221701 42.038437967533)
20251467193,25-881,02/05/2025,02-February,4-Wednesday,14:32,1400 Hours,District 1 (Central),,POLK,77,"NE 38TH ST AND NE 94TH AVE, ANKENY, IA 50021",Collision with:  Vehicle in traffic,On Roadway,Rear-end (front to rear),Driving too fast for conditions,None Indicated,Weather conditions,Daylight,Ice/frost,Cloudy,None apparent,Intersection:  Four-way intersection,Paved,,Property Damage Only,0,0,0,0,0,0,3500,2,2,Northbound (NB),POINT (-93.541553754836 41.731956116935)
20251467147,25-00550,02/05/2025,02-February,4-Wednesday,11:49,1100 Hours,District 1 (Central),WEST DES MOINES,POLK,77,UNIVERSITY AVE,Collision with:  Vehicle in traffic,On Roadway,Broadside (front to side),FTYROW:  Making left turn,None Indicated,None apparent,Daylight,Wet,Freezing rain/drizzle,None apparent,"Non-intersection:  Driveway access (related, not in)",Paved,,Property Damage Only,0,0,0,0,0,0,6000,2,2,Southbound (SB),POINT (-93.782861227666 41.600394906804)
20251467491,2025-2740,02/05/2025,02-February,4-Wednesday,23:03,2300 Hours,District 6 (East Central),BETTENDORF,SCOTT,77,KATIE LANE,Collision with:  Parked motor vehicle,In parking lane/zone,Rear to side,Lost Control,None Indicated,Weather conditions,Dark - roadway lighted,Ice/frost,Freezing rain/drizzle,"Surface condition (e.g., wet, icy)",Non-intersection:  Non-junction/no special feature,Paved,,Property Damage Only,0,0,0,0,0,0,3500,2,1,Northbound (NB),POINT (-90.476703681693 41.552937000163)
20251467587,25-000514,02/05/2025,02-February,4-Wednesday,18:53,1800 Hours,District 1 (Central),,POLK,I-35,94.2 MILE MARKER - I35,Collision with:  Vehicle in traffic,On Roadway,"Sideswipe, same direction",Driving too fast for conditions,None Indicated,Weather conditions,Dark - roadway lighted,Ice/frost,Freezing rain/drizzle,"Surface condition (e.g., wet, icy)",Non-intersection:  Non-junction/no special feature,Paved,,Property Damage Only,0,0,0,0,0,0,20000,2,2,Northbound (NB),POINT (-93.569534785632 41.759220180815)
20251467206,20250003094,02/05/2025,02-February,4-Wednesday,17:25,1700 Hours,District 1 (Central),DES MOINES,POLK,77,SW 11TH ST AND AMOS AVE,Collision with fixed object:  Curb/island/raised median,On Roadway,Non-collision (single vehicle),Lost Control,None Indicated,Weather conditions,Dusk,Ice/frost,Freezing rain/drizzle,"Surface condition (e.g., wet, icy)",Intersection:  Four-way intersection,Paved,,Possible/Unknown,0,1,0,0,1,0,2450,1,1,Northbound (NB),POINT (-93.628333065729 41.519268874715)
20251467448,2502020097,02/05/2025,02-February,4-Wednesday,21:22,2100 Hours,District 2 (Northeast),CEDAR FALLS,BLACK HAWK,77,"OFF ROADWAY/ROADWAY NOT FOUND MEASURING 69 FEET NORTH FROM JENNINGS DR, N",Collision with:  Parked motor vehicle,In parking lane/zone,Rear-end (front to rear),Lost Control,None Indicated,Weather conditions,Dark - roadway lighted,Ice/frost,Freezing rain/drizzle,"Surface condition (e.g., wet, icy)",Non-intersection:  Non-junction/no special feature,Paved,,Property Damage Only,0,0,0,0,0,0,3650,2,1,Northbound (NB),POINT (-92.450950433398 42.507428789493)
20251467570,CFS2501215,02/05/2025,02-February,4-Wednesday,22:50,2200 Hours,District 2 (Northeast),,WINNESHIEK,77,LOCUST RD,Collision with fixed object:  Ditch,Shoulder,Non-collision (single vehicle),Driving too fast for conditions,None Indicated,None apparent,Dark - roadway not lighted,Ice/frost,Freezing rain/drizzle,"Surface condition (e.g., wet, icy)",Non-intersection:  Non-junction/no special feature,Paved,,Property Damage Only,0,0,0,0,0,0,2000,1,1,Northbound (NB),POINT (-91.722530970443 43.418160706648)
20251467661,25009990,02/05/2025,02-February,4-Wednesday,06:56,0600 Hours,District 2 (Northeast),CEDAR FALLS,BLACK HAWK,77,PRODUCTION DR,Collision with:  Vehicle in traffic,On Roadway,Rear-end (front to rear),Ran Stop Sign,None Indicated,None apparent,Daylight,Dry,Cloudy,None apparent,Intersection:  Four-way intersection,Paved,,Property Damage Only,0,0,0,0,0,0,8000,2,2,Northbound (NB),POINT (-92.477246072006 42.476211361903)
20251467410,OCFS2503218,02/05/2025,02-February,4-Wednesday,13:39,1300 Hours,District 5 (Southeast),OTTUMWA,WAPELLO,77,WEST FINLEY AVE,Collision with fixed object:  Tree,On Roadway,Non-collision (single vehicle),Driving too fast for conditions,None Indicated,Weather conditions,Daylight,Ice/frost,Freezing rain/drizzle,None apparent,Non-intersection:  Non-junction/no special feature,Paved,,Property Damage Only,0,0,0,0,0,0,3000,1,1,Southbound (SB),POINT (-92.447311666304 41.002899325682)
20251467489,25002349,02/05/2025,02-February,4-Wednesday,19:53,1900 Hours,District 5 (Southeast),OSKALOOSA,MAHASKA,77,HIGHWAY 432/D AVE WEST,Collision with fixed object:  Utility pole/light support,On Roadway,Non-collision (single vehicle),Lost Control,None Indicated,Weather conditions,Dark - roadway lighted,Ice/frost,Freezing rain/drizzle,"Surface condition (e.g., wet, icy)",Intersection:  T-intersection,Paved,,Property Damage Only,0,0,0,0,0,0,5000,1,4,Southbound (SB),POINT (-92.665752507406 41.29976896117)
20251467563,2025003175,02/05/2025,02-February,4-Wednesday,16:45,1600 Hours,District 5 (Southeast),,HENRY,US 218,US 218 S MEASURING 982 FEET NORTH FROM 140TH ST,Collision with:  Vehicle in traffic,On Roadway,Rear-end (front to rear),Driving too fast for conditions,None Indicated,Weather conditions,Daylight,Ice/frost,Cloudy,"Surface condition (e.g., wet, icy)",Non-intersection:  Non-junction/no special feature,Paved,,Property Damage Only,0,0,0,0,0,0,6000,2,3,Eastbound (EB),POINT (-91.541166029262 41.107733398201)
20251467513,SA2501659,02/05/2025,02-February,4-Wednesday,14:40,1400 Hours,District 5 (Southeast),,WASHINGTON,77,WAYLAND RD,Non-collision events:  Overturn/rollover,Roadside,Non-collision (single vehicle),Ran off road - left,None Indicated,Weather conditions,Daylight,Ice/frost,Freezing rain/drizzle,"Surface condition (e.g., wet, icy)",Non-intersection:  Non-junction/no special feature,Paved,,Possible/Unknown,0,1,0,0,1,0,20000,1,1,Northbound (NB),POINT (-91.658780379694 41.188520423822)
20251467217,25-00559,02/05/2025,02-February,4-Wednesday,16:58,1600 Hours,District 4 (Southwest),WEST DES MOINES,DALLAS,77,UNIVERSITY AVE,Collision with fixed object:  Utility pole/light support,On Roadway,Non-collision (single vehicle),Driving too fast for conditions,None Indicated,Weather conditions,Daylight,Ice/frost,Freezing rain/drizzle,"Surface condition (e.g., wet, icy)",Intersection:  T-intersection,Paved,,Property Damage Only,0,0,0,0,0,0,4000,1,1,Southbound (SB),POINT (-93.831723813734 41.600349019181)
20251467454,MC2500411,02/05/2025,02-February,4-Wednesday,20:20,2000 Hours,District 2 (Northeast),MASON CITY,CERRO GORDO,77,15TH ST SW,Collision with:  Vehicle in traffic,On Roadway,Broadside (front to side),Other (explain in narrative):  Other,None Indicated,Weather conditions,Dark - roadway not lighted,Ice/frost,Freezing rain/drizzle,"Slippery, loose, or worn surface","Non-intersection:  Driveway access (related, not in)",Paved,,Property Damage Only,0,0,0,0,0,0,5000,2,3,Southbound (SB),POINT (-93.226851293027 43.137481145281)
20251467210,20250003109,02/05/2025,02-February,4-Wednesday,19:52,1900 Hours,District 1 (Central),DES MOINES,POLK,77,SW 1ST ST MEASURING 239 FEET SOUTH FROM INDIANOLA RD,Collision with fixed object:  Utility pole/light support,On Roadway,Non-collision (single vehicle),Lost Control,None Indicated,Weather conditions,Dark - roadway lighted,Ice/frost,Freezing rain/drizzle,"Slippery, loose, or worn surface",Non-intersection:  Non-junction/no special feature,Paved,,Property Damage Only,0,0,0,0,0,0,1510,1,3,Northbound (NB),POINT (-93.617553815919 41.571677799501)
20251467241,2025-5140,02/05/2025,02-February,4-Wednesday,08:15,0800 Hours,District 6 (East Central),,SCOTT,77,TERRITORIAL RD,Collision with fixed object:  Other fixed object (explain in narrative),On Roadway,Non-collision (single vehicle),Unknown,None Indicated,None apparent,Daylight,Dry,Clear,None apparent,Non-intersection:  Non-junction/no special feature,Paved,,Property Damage Only,0,0,0,0,0,0,3002,3,3,Southbound (SB),POINT (-90.3906760972 41.614311376941)
20251469689,202501626,02/05/2025,02-February,4-Wednesday,14:58,1400 Hours,District 6 (East Central),CEDAR RAPIDS,LINN,77,EDGEWOOD RD AND GLASS RD NE,Collision with:  Vehicle in traffic,On Roadway,Rear-end (front to rear),Followed too close,None Indicated,None apparent,Daylight,Dry,Cloudy,None apparent,Intersection:  T-intersection,Paved,,Property Damage Only,0,0,0,0,0,0,4000,2,2,Northbound (NB),POINT (-91.702343609865 42.017106449007)
20251467328,25001847,02/05/2025,02-February,4-Wednesday,14:05,1400 Hours,District 2 (Northeast),,BREMER,77,268TH ST AND JOPLIN AVE,Collision with:  Animal,Unknown,Non-collision (single vehicle),Animal,None Indicated,Animal in roadway,,,,,,Paved,,Property Damage Only,0,0,0,0,0,0,5000,1,1,Northbound (NB),POINT (-92.376676260554 42.660497033204)
20251467486,2025-000383,02/05/2025,02-February,4-Wednesday,21:13,2100 Hours,District 6 (East Central),ASBURY,DUBUQUE,77,HEACOCK RD,Collision with fixed object:  Utility pole/light support,Roadside,Non-collision (single vehicle),Ran off road - straight,Alcohol (< Statutory),Weather conditions,Dark - roadway lighted,Ice/frost,Freezing rain/drizzle,"Surface condition (e.g., wet, icy)",Intersection:  T-intersection,Paved,,Property Damage Only,0,0,0,0,0,0,10550,1,1,Northbound (NB),POINT (-90.759876265177 42.50970148751)
20251467176,2512081,02/05/2025,02-February,4-Wednesday,12:47,1200 Hours,District 3 (Northwest),,OSCEOLA,77,WHITE AVE 1/4 MILE NORTH OF HWY 9,Non-collision events:  Overturn/rollover,On Roadway,Non-collision (single vehicle),Ran off road - right,None Indicated,None apparent,Daylight,Gravel,Cloudy,None apparent,Non-intersection:  Non-junction/no special feature,Unpaved,,Minor Injury,0,1,0,1,0,0,7500,1,1,Northbound (NB),POINT (-95.447319735153 43.432065698556)
20251467921,SO-2500521,02/05/2025,02-February,4-Wednesday,17:00,1700 Hours,District 5 (Southeast),,JEFFERSON,US 34,US 34 E,Non-collision events:  Overturn/rollover,Roadside,Non-collision (single vehicle),Driving too fast for conditions,None Indicated,Weather conditions,Daylight,Ice/frost,Freezing rain/drizzle,"Surface condition (e.g., wet, icy)","Interchange-related:  Mainline, between ramps",Paved,,Property Damage Only,0,0,0,0,0,0,10000,1,1,Southbound (SB),POINT (-92.021193675088 41.005365249594)
20251467518,2025-8316,02/05/2025,02-February,4-Wednesday,10:44,1000 Hours,District 6 (East Central),DAVENPORT,SCOTT,77,IOWA ST AND EAST 6TH ST,Collision with:  Vehicle in traffic,On Roadway,Broadside (front to side),Ran Stop Sign,None Indicated,None apparent,Daylight,Dry,Cloudy,None apparent,Intersection:  Four-way intersection,Paved,,Property Damage Only,0,0,0,0,0,0,5000,2,2,Northbound (NB),POINT (-90.569722983401 41.525670975688)
20251467065,2025-000817,02/05/2025,02-February,4-Wednesday,07:34,0700 Hours,District 6 (East Central),DUBUQUE,DUBUQUE,77,PLAZA DR AND NW ARTERIAL,Collision with:  Vehicle in traffic,On Roadway,Rear-end (front to rear),Lost Control,None Indicated,None apparent,Daylight,Dry,Cloudy,None apparent,Intersection:  Four-way intersection,Paved,,Property Damage Only,0,0,0,0,0,0,4500,2,3,Eastbound (EB),POINT (-90.738454801756 42.520825272688)
20251467274,25-000128,02/05/2025,02-February,4-Wednesday,15:00,1500 Hours,District 1 (Central),,STORY,I-35,I 35 S,Collision with fixed object:  Cable barrier,On Roadway,Non-collision (single vehicle),Driving too fast for conditions,None Indicated,Weather conditions,Daylight,Ice/frost,Freezing rain/drizzle,"Surface condition (e.g., wet, icy)",Non-intersection:  Non-junction/no special feature,Paved,,Property Damage Only,0,0,0,0,0,0,5000,1,1,Eastbound (EB),POINT (-93.568203507533 42.068284562137)
20251467994,2025003149,02/05/2025,02-February,4-Wednesday,12:30,1200 Hours,District 5 (Southeast),PELLA,MARION,77,WASHINGTON ST &  W 16TH ST,Collision with:  Vehicle in traffic,On Roadway,Rear-end (front to rear),Followed too close,None Indicated,None apparent,Daylight,Wet,Cloudy,None apparent,Non-intersection:  Non-junction/no special feature,Paved,,Property Damage Only,0,0,0,0,0,0,3002,2,3,Southbound (SB),POINT (-92.951661846132 41.410272896733)
20251467399,25-003485,02/05/2025,02-February,4-Wednesday,14:46,1400 Hours,District 5 (Southeast),,LEE,77,340TH ST,Collision with fixed object:  Ditch,On Roadway,Non-collision (single vehicle),Lost Control,None Indicated,Weather conditions,Daylight,Ice/frost,Freezing rain/drizzle,None apparent,Non-intersection:  Non-junction/no special feature,Unpaved,,Property Damage Only,0,0,0,0,0,0,5200,1,1,Southbound (SB),POINT (-91.523105060014 40.472124233987)
20251467171,202500001421,02/05/2025,02-February,4-Wednesday,13:26,1300 Hours,District 6 (East Central),MARION,LINN,77,2200-BLK EDWIN DR,Collision with:  Parked motor vehicle,Shoulder,Rear-end (front to rear),Driver Distraction:  Other interior distraction,None Indicated,None apparent,Daylight,Dry,Cloudy,None apparent,Non-intersection:  Non-junction/no special feature,Paved,,Property Damage Only,0,0,0,0,0,0,8000,2,1,Northbound (NB),POINT (-91.587529309073 42.019497471934)
20251467296,25-003499,02/05/2025,02-February,4-Wednesday,18:30,1800 Hours,District 5 (Southeast),,LEE,US 61,MM 18  US 61 S,Collision with fixed object:  Ditch,On Roadway,Non-collision (single vehicle),Ran off road - right,None Indicated,Weather conditions,Dark - roadway not lighted,Ice/frost,Freezing rain/drizzle,"Surface condition (e.g., wet, icy)",Non-intersection:  Non-junction/no special feature,Paved,,Property Damage Only,0,0,0,0,0,0,1500,1,1,Eastbound (EB),POINT (-91.379970296403 40.636771110018)
20251467430,20250003080,02/05/2025,02-February,4-Wednesday,15:25,1500 Hours,District 1 (Central),DES MOINES,POLK,77,SW 22ND ST/ ECHO VALLEY DR,Collision with:  Vehicle in traffic,On Roadway,Head-on (front to front),Other (explain in narrative):  Other,None Indicated,Weather conditions,Daylight,Ice/frost,Freezing rain/drizzle,"Surface condition (e.g., wet, icy)",Non-intersection:  Non-junction/no special feature,Unpaved,,Property Damage Only,0,0,0,0,0,0,3000,2,2,Northbound (NB),POINT (-93.647053583449 41.512067270771)
20251467320,2501677,02/05/2025,02-February,4-Wednesday,22:40,2200 Hours,District 5 (Southeast),WASHINGTON,WASHINGTON,77,919 S. IOWA AVE,Collision with fixed object:  Traffic sign support,On Roadway,Non-collision (single vehicle),Driving too fast for conditions,None Indicated,Weather conditions,Dark - roadway lighted,Ice/frost,Freezing rain/drizzle,None apparent,Intersection:  L-intersection,Paved,,Property Damage Only,0,0,0,0,0,0,2515,1,1,Southbound (SB),POINT (-91.691986494577 41.289768960436)
20251467187,25-00066,02/05/2025,02-February,4-Wednesday,07:18,0700 Hours,District 1 (Central),NORWALK,POLK,IA-28,IA 28 N,Collision with:  Vehicle in traffic,On Roadway,Rear-end (front to rear),Followed too close,None Indicated,None apparent,Dawn,Dry,Clear,None apparent,Intersection:  Intersection with ramp,Paved,,Property Damage Only,0,0,0,0,0,0,13000,2,2,Northbound (NB),POINT (-93.679424851718 41.512430035168)
20251467869,20250093,02/05/2025,02-February,4-Wednesday,14:30,1400 Hours,District 1 (Central),GRINNELL,POWESHIEK,77,SUNSET ST,Collision with fixed object:  Building,In parking lane/zone,Non-collision (single vehicle),Driving too fast for conditions,None Indicated,Weather conditions,Daylight,Ice/frost,Freezing rain/drizzle,"Surface condition (e.g., wet, icy)",Non-intersection:  Driveway access (within),Paved,,Property Damage Only,0,0,0,0,0,0,25000,1,1,Northbound (NB),POINT (-92.737658453463 41.753973296914)
20251467359,2025001026,02/05/2025,02-February,4-Wednesday,18:15,1800 Hours,District 6 (East Central),IOWA CITY,JOHNSON,77,DIANA ST,Collision with:  Vehicle in traffic,On Roadway,"Sideswipe, opposite direction",Lost Control,None Indicated,Weather conditions,Dark - roadway lighted,Ice/frost,Freezing rain/drizzle,"Surface condition (e.g., wet, icy)",Non-intersection:  Non-junction/no special feature,Paved,,Property Damage Only,0,0,0,0,0,0,2800,2,4,Northbound (NB),POINT (-91.526639943233 41.647966389404)
20251467204,20250003083,02/05/2025,02-February,4-Wednesday,16:03,1600 Hours,District 1 (Central),DES MOINES,POLK,77,EAST 40TH ST MEASURING 331 FEET NORTH FROM DUBUQUE AVE,Collision with:  Vehicle in traffic,On Roadway,Rear-end (front to rear),Lost Control,None Indicated,Weather conditions,Daylight,Ice/frost,Freezing rain/drizzle,"Surface condition (e.g., wet, icy)",Non-intersection:  Non-junction/no special feature,Paved,,Property Damage Only,0,0,0,0,0,0,2200,2,2,Northbound (NB),POINT (-93.538175780348 41.605133408808)
20251467185,S25-000244,02/05/2025,02-February,4-Wednesday,09:06,0900 Hours,District 4 (Southwest),,POTTAWATTAMIE,77,440TH ST AND IA 92 E,Collision with fixed object:  Ditch,On Roadway,Non-collision (single vehicle),Driving too fast for conditions,None Indicated,None apparent,Daylight,Ice/frost,Clear,"Surface condition (e.g., wet, icy)",Non-intersection:  Non-junction/no special feature,Unpaved,,Property Damage Only,0,0,0,0,0,0,5000,1,1,Northbound (NB),POINT (-95.346981270429 41.232433339567)
20251467294,25-001560,02/05/2025,02-February,4-Wednesday,12:27,1200 Hours,District 4 (Southwest),GLENWOOD,MILLS,77,NORTH LOCUST ST,Collision with:  Other non-fixed object (explain in narrative),On Roadway,Non-collision (single vehicle),Ran off road - right,None Indicated,Weather conditions,Daylight,Ice/frost,Cloudy,"Surface condition (e.g., wet, icy)",Non-intersection:  Non-junction/no special feature,Paved,,Property Damage Only,0,0,0,0,0,0,5000,1,1,Northbound (NB),POINT (-95.745310863783 41.054169590235)
20251467230,25-00556,02/05/2025,02-February,4-Wednesday,15:46,1500 Hours,District 4 (Southwest),WEST DES MOINES,DALLAS,77,UNIVERSITY AVE AND 92ND ST,Collision with:  Vehicle in traffic,On Roadway,Rear-end (front to rear),Driving too fast for conditions,None Indicated,Weather conditions,Daylight,Ice/frost,Freezing rain/drizzle,"Surface condition (e.g., wet, icy)",Intersection:  Four-way intersection,Paved,,Property Damage Only,0,0,0,0,0,0,7500,4,5,Northbound (NB),POINT (-93.833571955498 41.600362654929)
20251467582,25-000507,02/05/2025,02-February,4-Wednesday,13:54,1300 Hours,District 1 (Central),ANKENY,POLK,77,2200 BLK NW STATE ST,Collision with:  Vehicle in traffic,On Roadway,"Angle, oncoming left turn",FTYROW:  Making left turn,None Indicated,None apparent,Daylight,Wet,Freezing rain/drizzle,None apparent,Non-intersection:  Non-junction/no special feature,Paved,,Property Damage Only,0,0,0,0,0,0,41500,3,4,Eastbound (EB),POINT (-93.619716101232 41.749908441939)
20251467711,2024-5239,02/05/2025,02-February,4-Wednesday,20:46,2000 Hours,District 6 (East Central),DAVENPORT,SCOTT,77,WEST KIMBERLY RD,Collision with:  Vehicle in traffic,On Roadway,"Sideswipe, opposite direction",Other (explain in narrative):  Other,None Indicated,Weather conditions,Dark - roadway not lighted,Ice/frost,Freezing rain/drizzle,"Surface condition (e.g., wet, icy)",Intersection:  Four-way intersection,Paved,,Property Damage Only,0,0,0,0,0,0,17000,2,2,Southbound (SB),POINT (-90.685642713252 41.596152412972)
20251467367,25-001930,02/05/2025,02-February,4-Wednesday,15:26,1500 Hours,District 1 (Central),TAMA,TAMA,77,US 30 SIGNED ROUTE,Non-collision events:  Other non-collision (explain in narrative),On Roadway,Non-collision (single vehicle),Ran off road - left,None Indicated,Weather conditions,Daylight,Ice/frost,Freezing rain/drizzle,"Surface condition (e.g., wet, icy)",Non-intersection:  Non-junction/no special feature,Paved,,Property Damage Only,0,0,0,0,0,0,5000,1,2,Southbound (SB),POINT (-92.570223387356 41.975073621584)
20251467515,2025003212,02/05/2025,02-February,4-Wednesday,20:47,2000 Hours,District 6 (East Central),,SCOTT,77,WALCOTT TA MEASURING 2101 FEET FROM 60TH AVE,Collision with:  Parked motor vehicle,In parking lane/zone,"Sideswipe, same direction",Lost Control,None Indicated,Weather conditions,Dark - roadway lighted,Ice/frost,Freezing rain/drizzle,"Surface condition (e.g., wet, icy)",Non-intersection:  Non-junction/no special feature,Paved,,Property Damage Only,0,0,0,0,0,0,12000,2,1,Northbound (NB),POINT (-90.783076353334 41.618644246566)
20251467585,25-000511,02/05/2025,02-February,4-Wednesday,16:32,1600 Hours,District 1 (Central),ANKENY,POLK,IA-160,SE ORALABOR RD/ SE DELAWARE AVE,Collision with:  Vehicle in traffic,On Roadway,Rear-end (front to rear),Operator inexperience,None Indicated,Weather conditions,Daylight,Ice/frost,Freezing rain/drizzle,"Surface condition (e.g., wet, icy)",Intersection:  Four-way intersection,Paved,,Property Damage Only,0,0,0,0,0,0,9000,3,6,Southbound (SB),POINT (-93.582005506528 41.702854696455)
20251467278,P25-02089,02/05/2025,02-February,4-Wednesday,19:31,1900 Hours,District 5 (Southeast),BURLINGTON,DES MOINES,77,1000-BLK LOCUST ST,Collision with:  Parked motor vehicle,On Roadway,Rear-end (front to rear),Driving too fast for conditions,None Indicated,None apparent,Dark - roadway not lighted,Ice/frost,Cloudy,"Slippery, loose, or worn surface",Non-intersection:  Non-junction/no special feature,Paved,,Property Damage Only,0,0,0,0,0,0,3000,2,1,Southbound (SB),POINT (-91.110626858103 40.798243457168)
20251467360,2025001060,02/05/2025,02-February,4-Wednesday,22:30,2200 Hours,District 6 (East Central),IOWA CITY,JOHNSON,77,ASTER AVE,Collision with:  Parked motor vehicle,On Roadway,Unknown,Unknown,None Indicated,None apparent,Dark - roadway not lighted,Unknown,Unknown,None apparent,Non-intersection:  Non-junction/no special feature,Paved,,Property Damage Only,0,0,0,0,0,0,4000,2,1,Northbound (NB),POINT (-91.501109936046 41.631405869375)