Iowa DOT Case Number,Law Enforcement Case Number,Date of Crash,Month of Crash,Day of Week,Time of Crash,Hour,DOT District,City Name,County Name,Route with System,Location Description,First Harmful Event,Location of First Harmful Event,Manner of Crash/Collision,Major Cause,Drug or Alcohol ,Environmental Conditions,Light Conditions,Surface Conditions,Weather Conditions,Roadway Contribution,Roadway Type,Roadway Surface,Work Zone,Crash Severity,Number of Fatalities,Number of Injuries,Number of Major Injuries,Number of Minor Injuries,Number of Possible Injuries,Number of Unknown Injuries,Amount of Property Damage,Number of Vehicles Involved,Total Number of Occupants,Travel Direction,Location
20251468035,25-01383,02/05/2025,02-February,4-Wednesday,22:30,2200 Hours,District 6 (East Central),MONTICELLO,JONES,77,EAST 7TH ST,Collision with fixed object:  Other fixed object (explain in narrative),On Roadway,Non-collision (single vehicle),Driving too fast for conditions,None Indicated,Weather conditions,Dark - unknown roadway lighting,Ice/frost,Freezing rain/drizzle,"Surface condition (e.g., wet, icy)",Intersection:  T-intersection,Paved,,Property Damage Only,0,0,0,0,0,0,3000,1,2,Southbound (SB),POINT (-91.190907502906 42.245456759928)
20251467733,25-00170,02/05/2025,02-February,4-Wednesday,16:45,1600 Hours,District 4 (Southwest),CLIVE,DALLAS,77,15400 BLOCK OF BOSTON PARKWAY,Collision with:  Vehicle in traffic,On Roadway,Rear-end (front to rear),Lost Control,None Indicated,Weather conditions,Dusk,Ice/frost,Freezing rain/drizzle,"Surface condition (e.g., wet, icy)",Non-intersection:  Non-junction/no special feature,Paved,,Property Damage Only,0,0,0,0,0,0,7650,2,2,Southbound (SB),POINT (-93.829875073693 41.619952969148)
20251467234,2025-000828,02/05/2025,02-February,4-Wednesday,14:26,1400 Hours,District 6 (East Central),DUBUQUE,DUBUQUE,US 20,IA 946 S AND US 20 E,Collision with:  Vehicle in traffic,On Roadway,Broadside (front to side),Ran Traffic Signal,None Indicated,None apparent,Daylight,Dry,Cloudy,None apparent,Intersection:  Four-way intersection,Paved,,Minor Injury,0,1,0,1,0,0,9500,3,3,Southbound (SB),POINT (-90.665198146144 42.491943582249)
20251467222,25-882,02/05/2025,02-February,4-Wednesday,14:20,1400 Hours,District 1 (Central),ALTOONA,POLK,US 6,"HUBBELL AVE/HWY 65 NB ON RAMP, ALTOONA",Collision with:  Vehicle in traffic,On Roadway,Rear-end (front to rear),Lost Control,None Indicated,Weather conditions,Daylight,Ice/frost,Freezing rain/drizzle,"Slippery, loose, or worn surface",Intersection:  Intersection with ramp,Paved,,Property Damage Only,0,0,0,0,0,0,13000,2,2,Westbound (WB),POINT (-93.511727748839 41.647849283481)
20251467460,W25-010165,02/05/2025,02-February,4-Wednesday,18:33,1800 Hours,District 2 (Northeast),WATERLOO,BLACK HAWK,77,EAST SHAULIS RD,Collision with:  Vehicle in traffic,On Roadway,Rear-end (front to rear),Other (explain in narrative):  Other,None Indicated,Weather conditions,Dark - roadway not lighted,Ice/frost,Freezing rain/drizzle,"Surface condition (e.g., wet, icy)",Non-intersection:  Non-junction/no special feature,Paved,,Property Damage Only,0,0,0,0,0,0,4000,2,3,Southbound (SB),POINT (-92.34229712737 42.443077194462)
20251467260,20250003095,02/05/2025,02-February,4-Wednesday,17:16,1700 Hours,District 1 (Central),DES MOINES,POLK,77,7125 LAKE RIDGE AVE,Collision with:  Parked motor vehicle,On Roadway,Rear-end (front to rear),Unknown,None Indicated,Weather conditions,Daylight,Ice/frost,Freezing rain/drizzle,"Surface condition (e.g., wet, icy)",Non-intersection:  Non-junction/no special feature,Unpaved,,Possible/Unknown,0,1,0,0,0,1,2000,2,1,,POINT (-93.558046345549 41.519793546227)
20251467841,25003637,02/05/2025,02-February,4-Wednesday,18:19,1800 Hours,District 1 (Central),,JASPER,77,HIGHWAY F-48 WEST,Collision with fixed object:  Bridge/bridge rail parapet,Shoulder,Non-collision (single vehicle),Lost Control,None Indicated,Weather conditions,Dark - roadway lighted,Ice/frost,Freezing rain/drizzle,"Surface condition (e.g., wet, icy)",Non-intersection:  Non-junction/no special feature,Paved,,Property Damage Only,0,0,0,0,0,0,15000,1,1,Southbound (SB),POINT (-93.169905048889 41.695583028665)
20251467350,25007533,02/05/2025,02-February,4-Wednesday,14:31,1400 Hours,District 1 (Central),MARSHALLTOWN,MARSHALL,77,EAST MAIN ST,Collision with fixed object:  Tree,On Roadway,Non-collision (single vehicle),Driving too fast for conditions,None Indicated,Weather conditions,Daylight,Ice/frost,Freezing rain/drizzle,"Surface condition (e.g., wet, icy)",Non-intersection:  Non-junction/no special feature,Paved,,Minor Injury,0,1,0,1,0,0,20500,1,1,Southbound (SB),POINT (-92.895473050662 42.04921663818)
20251467283,2025003056,02/05/2025,02-February,4-Wednesday,07:34,0700 Hours,District 6 (East Central),DUBUQUE,DUBUQUE,US 61,US 61 N MEASURING 1022 FEET NORTH FROM US 52 S,Collision with:  Vehicle in traffic,On Roadway,Rear-end (front to rear),Lost Control,None Indicated,None apparent,Dawn,Dry,Clear,None apparent,Non-intersection:  Non-junction/no special feature,Paved,,Property Damage Only,0,0,0,0,0,0,12000,2,2,Northbound (NB),POINT (-90.684231328787 42.433165282164)
20251467271,25SC3206,02/05/2025,02-February,4-Wednesday,07:02,0700 Hours,District 3 (Northwest),SIOUX CITY,WOODBURY,77,18TH ST AND GRANDVIEW BLVD,Collision with:  Vehicle in traffic,On Roadway,Broadside (front to side),FTYROW:  From stop sign,None Indicated,None apparent,Dark - roadway lighted,Dry,Clear,None apparent,Intersection:  Four-way intersection,Paved,,Minor Injury,0,1,0,1,0,0,13000,2,4,Northbound (NB),POINT (-96.408039113564 42.509182137652)
20251468878,2025-8471,02/05/2025,02-February,4-Wednesday,20:27,2000 Hours,District 6 (East Central),DAVENPORT,SCOTT,77,EAST 14TH ST AND CAREY AVE,Collision with:  Parked motor vehicle,On Roadway,"Sideswipe, same direction",Lost Control,None Indicated,Weather conditions,Dark - roadway not lighted,Ice/frost,Freezing rain/drizzle,"Slippery, loose, or worn surface",Non-intersection:  Non-junction/no special feature,Paved,,Property Damage Only,0,0,0,0,0,0,4000,5,1,Southbound (SB),POINT (-90.560144040015 41.534042132313)
20251468485,2025003189,02/05/2025,02-February,4-Wednesday,19:36,1900 Hours,District 6 (East Central),DAVENPORT,SCOTT,I-280,I 280 E ON RAMP FROM I 80 E,Collision with fixed object:  Tree,On Roadway,Non-collision (single vehicle),Ran off road - right,None Indicated,Weather conditions,Dark - roadway lighted,Ice/frost,Freezing rain/drizzle,"Surface condition (e.g., wet, icy)",Interchange-related:  On-ramp,Paved,,Property Damage Only,0,0,0,0,0,0,10000,1,1,Southbound (SB),POINT (-90.676981937021 41.598778645681)
20251467178,25007544,02/05/2025,02-February,4-Wednesday,15:31,1500 Hours,District 1 (Central),MARSHALLTOWN,MARSHALL,77,SOUTH 3RD AVE,Collision with:  Parked motor vehicle,On Roadway,Rear-end (front to rear),Other (explain in narrative):  Other,None Indicated,Weather conditions,Daylight,Ice/frost,Cloudy,"Surface condition (e.g., wet, icy)",Intersection:  T-intersection,Paved,,Property Damage Only,0,0,0,0,0,0,3500,2,1,Northbound (NB),POINT (-92.907036184762 42.025232982997)
20251467220,25-00566,02/05/2025,02-February,4-Wednesday,19:00,1900 Hours,District 1 (Central),WEST DES MOINES,POLK,77,WATERFORD DR,Collision with:  Parked motor vehicle,On Roadway,"Sideswipe, same direction",Driving too fast for conditions,None Indicated,Weather conditions,Dark - roadway lighted,Ice/frost,Freezing rain/drizzle,"Surface condition (e.g., wet, icy)",Non-intersection:  Non-junction/no special feature,Paved,,Property Damage Only,0,0,0,0,0,0,7000,2,1,Southbound (SB),POINT (-93.769352106403 41.562214394029)
20251468011,25-000508,02/05/2025,02-February,4-Wednesday,16:01,1600 Hours,District 1 (Central),ANKENY,POLK,77,SE ORALABOR RD AND SE HULSIZER RD,Collision with:  Vehicle in traffic,On Roadway,"Sideswipe, same direction",Other (explain in narrative):  No improper action,None Indicated,Weather conditions,Daylight,Ice/frost,Cloudy,"Surface condition (e.g., wet, icy)",Intersection:  Four-way intersection,Paved,,Property Damage Only,0,0,0,0,0,0,3500,2,3,Northbound (NB),POINT (-93.587762702284 41.702870430428)
20251469270,2025003193,02/05/2025,02-February,4-Wednesday,20:30,2000 Hours,District 6 (East Central),,CEDAR,I-80,I 80 W 276.5MM,Collision with fixed object:  Cable barrier,On Roadway,Head-on (front to front),Ran off road - right,None Indicated,Weather conditions,Dark - roadway not lighted,Ice/frost,Freezing rain/drizzle,"Surface condition (e.g., wet, icy)",Non-intersection:  Non-junction/no special feature,Paved,,Minor Injury,0,1,0,1,0,0,160000,2,3,Westbound (WB),POINT (-90.932447583668 41.634344407752)
20251467202,20250003079,02/05/2025,02-February,4-Wednesday,15:38,1500 Hours,District 1 (Central),DES MOINES,POLK,77,LOCUST ST MEASURING 48 FEET WEST FROM 6TH AVE,Collision with:  Vehicle in traffic,On Roadway,Rear-end (front to rear),Lost Control,None Indicated,Weather conditions,Daylight,Ice/frost,Freezing rain/drizzle,"Surface condition (e.g., wet, icy)",Intersection:  Four-way intersection,Paved,,Property Damage Only,0,0,0,0,0,0,3000,2,2,Northbound (NB),POINT (-93.625100135921 41.586787239772)
20251467167,25-0129,02/05/2025,02-February,4-Wednesday,09:25,0900 Hours,District 1 (Central),,POLK,77,1200 NE 70TH ST,Collision with:  Vehicle in traffic,On Roadway,Rear-end (front to rear),Followed too close,None Indicated,None apparent,Daylight,Dry,Cloudy,None apparent,Intersection:  Four-way intersection,Paved,,Property Damage Only,0,0,0,0,0,0,3000,3,6,Northbound (NB),POINT (-93.469482433428 41.601687437283)
20251468874,2025-8426,02/05/2025,02-February,4-Wednesday,19:30,1900 Hours,District 6 (East Central),DAVENPORT,SCOTT,77,EAST 53RD ST,Collision with:  Vehicle in traffic,On Roadway,Head-on (front to front),Lost Control,None Indicated,Weather conditions,Dark - roadway lighted,Ice/frost,Freezing rain/drizzle,"Surface condition (e.g., wet, icy)",Non-intersection:  Non-junction/no special feature,Paved,,Property Damage Only,0,0,0,0,0,0,1500,2,3,Southbound (SB),POINT (-90.55751112463 41.574677001912)
20251467325,2025003187,02/05/2025,02-February,4-Wednesday,18:20,1800 Hours,District 6 (East Central),IOWA CITY,JOHNSON,I-80,WB INTERSTATE 80 @ 247MM,Collision with:  Vehicle in traffic,On Roadway,"Sideswipe, same direction",Driving too fast for conditions,None Indicated,Weather conditions,Dark - roadway not lighted,Ice/frost,Freezing rain/drizzle,"Surface condition (e.g., wet, icy)",Non-intersection:  Non-junction/no special feature,Paved,,Property Damage Only,0,0,0,0,0,0,12500,2,3,Westbound (WB),POINT (-91.487624878854 41.686459109869)
20251467345,WPD-P250043,02/05/2025,02-February,4-Wednesday,18:20,1800 Hours,District 6 (East Central),WILLIAMSBURG,IOWA,77,SOUTH WALNUT ST,Collision with:  Parked motor vehicle,On Roadway,"Sideswipe, opposite direction",Lost Control,None Indicated,Weather conditions,Dark - roadway not lighted,Ice/frost,Freezing rain/drizzle,"Surface condition (e.g., wet, icy)",Non-intersection:  Non-junction/no special feature,Paved,,Property Damage Only,0,0,0,0,0,0,11000,2,1,Northbound (NB),POINT (-92.019171315855 41.66106130016)
20251468995,25SO-0196,02/05/2025,02-February,4-Wednesday,17:33,1700 Hours,District 3 (Northwest),,HUMBOLDT,IA-3,IA 3 E,Non-collision events:  Overturn/rollover,On Roadway,Non-collision (single vehicle),Driving too fast for conditions,None Indicated,Weather conditions,Dark - roadway not lighted,Ice/frost,Clear,"Surface condition (e.g., wet, icy)",Non-intersection:  Non-junction/no special feature,Paved,,Minor Injury,0,1,0,1,0,0,10000,1,2,Southbound (SB),POINT (-94.393284703517 42.732309028612)
20251467262,20250003120,02/05/2025,02-February,4-Wednesday,21:53,2100 Hours,District 1 (Central),DES MOINES,POLK,77,MLK JR PARKWAY AND BOSTON AVE,Collision with fixed object:  Utility pole/light support,On Roadway,Non-collision (single vehicle),Lost Control,None Indicated,Weather conditions,Dark - roadway lighted,Ice/frost,Freezing rain/drizzle,"Slippery, loose, or worn surface",Non-intersection:  Non-junction/no special feature,Paved,,Property Damage Only,0,0,0,0,0,0,1800,1,1,Northbound (NB),POINT (-93.648987241235 41.62275582258)
20251467394,2025001035,02/05/2025,02-February,4-Wednesday,18:40,1800 Hours,District 6 (East Central),IOWA CITY,JOHNSON,77,EASTBROOK ST,Collision with:  Vehicle in traffic,On Roadway,Other (explain in narrative),Ran off road - straight,None Indicated,Weather conditions,Dark - roadway lighted,Ice/frost,Freezing rain/drizzle,"Slippery, loose, or worn surface",Non-intersection:  Non-junction/no special feature,Paved,,Property Damage Only,0,0,0,0,0,0,100000,6,8,Southbound (SB),POINT (-91.480007979118 41.650682606657)
20251467578,25-1446,02/05/2025,02-February,4-Wednesday,13:38,1300 Hours,District 3 (Northwest),CARROLL,CARROLL,77,CARROLL ST,Collision with:  Vehicle in traffic,On Roadway,Head-on (front to front),Lost Control,None Indicated,None apparent,Daylight,Wet,Freezing rain/drizzle,None apparent,Intersection:  Four-way intersection,Paved,,Property Damage Only,0,0,0,0,0,0,6000,2,2,Northbound (NB),POINT (-94.869156038559 42.068409258248)
20251468877,2025-8468,02/05/2025,02-February,4-Wednesday,21:56,2100 Hours,District 6 (East Central),DAVENPORT,SCOTT,77,NORTH PINE ST AND WEST 57TH ST,Collision with:  Parked motor vehicle,Other (explain in narrative),Other (explain in narrative),Lost Control,None Indicated,Weather conditions,Dark - roadway lighted,Ice/frost,Freezing rain/drizzle,"Surface condition (e.g., wet, icy)",Non-intersection:  Non-junction/no special feature,Paved,,Property Damage Only,0,0,0,0,0,0,6300,4,1,Northbound (NB),POINT (-90.610102635409 41.579925739403)
20251467190,25-001454,02/05/2025,02-February,4-Wednesday,16:56,1600 Hours,District 3 (Northwest),TEMPLETON,CARROLL,77,300TH ST AND IVY AVE,Non-collision events:  Overturn/rollover,On Roadway,Non-collision (single vehicle),Driving too fast for conditions,None Indicated,Weather conditions,Dusk,Ice/frost,Freezing rain/drizzle,"Surface condition (e.g., wet, icy)",Intersection:  T-intersection,Paved,,Property Damage Only,0,0,0,0,0,0,5000,1,2,Northbound (NB),POINT (-94.937471431899 41.920773204109)
20251467731,25-00168,02/05/2025,02-February,4-Wednesday,16:55,1600 Hours,District 4 (Southwest),CLIVE,POLK,77,CEDARWOOD / WOODLANDS,Collision with fixed object:  Fire hydrant,On Roadway,Non-collision (single vehicle),Lost Control,None Indicated,Weather conditions,Daylight,Ice/frost,Freezing rain/drizzle,"Surface condition (e.g., wet, icy)",Non-intersection:  Non-junction/no special feature,Paved,,Property Damage Only,0,0,0,0,0,0,2000,1,1,Southbound (SB),POINT (-93.798837597009 41.609526373143)
20251467237,202500001435,02/05/2025,02-February,4-Wednesday,22:31,2200 Hours,District 6 (East Central),MARION,LINN,77,2505 WINCHESTER DR,Collision with fixed object:  Mailbox,Outside trafficway,Non-collision (single vehicle),Ran off road - left,None Indicated,Weather conditions,Dark - roadway not lighted,Ice/frost,Freezing rain/drizzle,"Surface condition (e.g., wet, icy)",Non-intersection:  Non-junction/no special feature,Paved,,Property Damage Only,0,0,0,0,0,0,3080,1,1,Northbound (NB),POINT (-91.568490754504 42.047109113457)
20251467559,25-000950,02/05/2025,02-February,4-Wednesday,16:45,1600 Hours,District 6 (East Central),,BENTON,US 30,US 30 E MEASURING 894 FEET WEST FROM 13 AVE,Collision with fixed object:  Ditch,On Roadway,Non-collision (single vehicle),Driving too fast for conditions,None Indicated,Weather conditions,Dusk,Ice/frost,Cloudy,"Surface condition (e.g., wet, icy)",Non-intersection:  Non-junction/no special feature,Paved,,Property Damage Only,0,0,0,0,0,0,8000,1,3,Southbound (SB),POINT (-92.243981082965 41.964165937834)
20251467400,25-0737,02/05/2025,02-February,4-Wednesday,19:06,1900 Hours,District 3 (Northwest),,IDA,77,JASPER AVE,Non-collision events:  Overturn/rollover,On Roadway,Non-collision (single vehicle),Driving too fast for conditions,None Indicated,None apparent,Dark - roadway not lighted,Ice/frost,Clear,"Surface condition (e.g., wet, icy)",Non-intersection:  Non-junction/no special feature,Paved,,Possible/Unknown,0,1,0,0,1,0,20000,1,1,Northbound (NB),POINT (-95.478372464332 42.248692762664)
20251469896,2025-8434,02/05/2025,02-February,4-Wednesday,20:12,2000 Hours,District 6 (East Central),DAVENPORT,SCOTT,77,EAST 53RD ST AND CORPORATE PARK DR,Collision with:  Vehicle in traffic,On Roadway,Broadside (front to side),Lost Control,None Indicated,None apparent,Dark - roadway not lighted,Ice/frost,Freezing rain/drizzle,None apparent,Non-intersection:  Non-junction/no special feature,Paved,,Property Damage Only,0,0,0,0,0,0,3000,2,4,Northbound (NB),POINT (-90.517165145071 41.57495614896)
20251467207,20250003101,02/05/2025,02-February,4-Wednesday,17:57,1700 Hours,District 1 (Central),DES MOINES,POLK,77,6000 BLOCK OF CRESTON AVE,Collision with fixed object:  Other post/pole/support (explain in narrative),On Roadway,Non-collision (single vehicle),Lost Control,None Indicated,Weather conditions,Dark - roadway lighted,Ice/frost,Freezing rain/drizzle,"Surface condition (e.g., wet, icy)",Intersection:  Roundabout,Paved,,Property Damage Only,0,0,0,0,0,0,2000,1,1,Southbound (SB),POINT (-93.699745399215 41.559920858899)
20251467212,20250003112,02/05/2025,02-February,4-Wednesday,20:21,2000 Hours,District 1 (Central),DES MOINES,POLK,77,KING AVE AND WHISPERING RIDGE DR,Collision with:  Vehicle in traffic,On Roadway,"Sideswipe, same direction",Lost Control,None Indicated,Weather conditions,Dark - roadway lighted,Ice/frost,Freezing rain/drizzle,"Surface condition (e.g., wet, icy)",Intersection:  T-intersection,Paved,,Possible/Unknown,0,1,0,0,1,0,1000,2,5,Southbound (SB),POINT (-93.57684112879 41.560531061297)
20251467244,25-004924,02/05/2025,02-February,4-Wednesday,18:36,1800 Hours,District 3 (Northwest),STORM LAKE,BUENA VISTA,IA-7,IA 7 E,Collision with:  Vehicle in traffic,On Roadway,Rear-end (front to rear),Driving too fast for conditions,None Indicated,Weather conditions,Dark - roadway lighted,Wet,Clear,"Surface condition (e.g., wet, icy)",Non-intersection:  Non-junction/no special feature,Paved,,Property Damage Only,0,0,0,0,0,0,2000,2,4,Southbound (SB),POINT (-95.188445769825 42.645256016842)
20251467575,2025001114,02/05/2025,02-February,4-Wednesday,19:30,1900 Hours,District 6 (East Central),IOWA CITY,JOHNSON,77,JOHNSON ST,Collision with:  Vehicle in traffic,On Roadway,Head-on (front to front),Lost Control,None Indicated,Weather conditions,Dark - unknown roadway lighting,Ice/frost,Freezing rain/drizzle,"Surface condition (e.g., wet, icy)",Non-intersection:  Non-junction/no special feature,Paved,,Property Damage Only,0,0,0,0,0,0,3000,2,2,Northbound (NB),POINT (-91.527273307611 41.657062431276)
20251469166,CFS2507418,02/05/2025,02-February,4-Wednesday,15:30,1500 Hours,District 6 (East Central),DE WITT,CLINTON,US 30,US 30 E,Collision with:  Vehicle in traffic,On Roadway,"Sideswipe, same direction",Unknown,None Indicated,None apparent,Daylight,Unknown,Unknown,None apparent,Non-intersection:  Non-junction/no special feature,Paved,,Property Damage Only,0,0,0,0,0,0,1500,2,2,Southbound (SB),POINT (-90.568817834632 41.819993420515)
20251467164,20250003061,02/05/2025,02-February,4-Wednesday,12:08,1200 Hours,District 1 (Central),DES MOINES,POLK,US 6,US 6 E MEASURING 53 FEET WEST FROM EAST 46TH ST,Collision with:  Vehicle in traffic,On Roadway,Rear-end (front to rear),Followed too close,None Indicated,None apparent,Daylight,Wet,Cloudy,None apparent,Intersection:  Four-way intersection,Paved,,Property Damage Only,0,0,0,0,0,0,3000,2,2,Southbound (SB),POINT (-93.52245032304 41.641757227839)
20251468875,2025-8430,02/05/2025,02-February,4-Wednesday,20:00,2000 Hours,District 6 (East Central),DAVENPORT,SCOTT,77,EAST ST AND RIDGEWOOD AVE,Collision with:  Vehicle in traffic,On Roadway,Other (explain in narrative),Driving too fast for conditions,None Indicated,Weather conditions,Dark - roadway not lighted,Ice/frost,Rain,"Surface condition (e.g., wet, icy)",Intersection:  T-intersection,Paved,,Property Damage Only,0,0,0,0,0,0,3000,2,2,Southbound (SB),POINT (-90.539592754848 41.536432018372)
20251467752,2025-8457,02/05/2025,02-February,4-Wednesday,20:02,2000 Hours,District 6 (East Central),DAVENPORT,SCOTT,77,WEST 16TH ST,Collision with:  Parked motor vehicle,Shoulder,Head-on (front to front),Unknown,None Indicated,Weather conditions,Dark - roadway not lighted,Ice/frost,"Fog, smoke, smog","Surface condition (e.g., wet, icy)",Intersection:  Four-way intersection,Paved,,Property Damage Only,0,0,0,0,0,0,1500,2,1,Southbound (SB),POINT (-90.600999385001 41.53582983605)
20251467532,20250088,02/05/2025,02-February,4-Wednesday,12:41,1200 Hours,District 1 (Central),GRINNELL,POWESHIEK,IA-146,IA 146 N,Collision with:  Vehicle in traffic,On Roadway,Rear-end (front to rear),Driving too fast for conditions,None Indicated,Weather conditions,Daylight,Ice/frost,Freezing rain/drizzle,"Surface condition (e.g., wet, icy)",Intersection:  Four-way intersection,Unpaved,,Property Damage Only,0,0,0,0,0,0,20000,2,3,Eastbound (EB),POINT (-92.727388817015 41.753336911064)
20251467173,20250003070,02/05/2025,02-February,4-Wednesday,13:53,1300 Hours,District 1 (Central),DES MOINES,POLK,77,EAST GRAND AVE MEASURING 193 FEET WEST FROM EAST 16TH ST,Collision with:  Vehicle in traffic,In parking lane/zone,Rear to side,FTYROW:  From parked position,None Indicated,None apparent,Daylight,Wet,Cloudy,None apparent,Non-intersection:  Non-junction/no special feature,Paved,,Property Damage Only,0,0,0,0,0,0,3000,2,2,Southbound (SB),POINT (-93.593268541339 41.594359863537)
20251467261,20250003119,02/05/2025,02-February,4-Wednesday,21:30,2100 Hours,District 1 (Central),DES MOINES,POLK,77,OAK PARK AVE,Collision with:  Parked motor vehicle,On Roadway,Rear-end (front to rear),Unknown,None Indicated,Weather conditions,Dark - roadway lighted,Ice/frost,Freezing rain/drizzle,None apparent,Non-intersection:  Non-junction/no special feature,Paved,,Possible/Unknown,0,1,0,0,0,1,6500,2,1,Southbound (SB),POINT (-93.63741824922 41.626702653764)
20251467160,25-000830,02/05/2025,02-February,4-Wednesday,07:42,0700 Hours,District 2 (Northeast),ALGONA,KOSSUTH,77,EAST OAK ST AND US 169 N,Collision with:  Vehicle in traffic,On Roadway,"Angle, oncoming left turn",FTYROW:  Making left turn,None Indicated,None apparent,Daylight,Dry,Cloudy,None apparent,Intersection:  Four-way intersection,Paved,,Property Damage Only,0,0,0,0,0,0,8800,2,2,Southbound (SB),POINT (-94.233074260827 43.07442138683)
20251467282,2025001043,02/05/2025,02-February,4-Wednesday,20:28,2000 Hours,District 6 (East Central),IOWA CITY,JOHNSON,77,1000 CAMBRIA COURT,Collision with:  Parked motor vehicle,On Roadway,Other (explain in narrative),Lost Control,None Indicated,None apparent,Dark - roadway not lighted,Ice/frost,Freezing rain/drizzle,"Slippery, loose, or worn surface",Non-intersection:  Non-junction/no special feature,Paved,,Property Damage Only,0,0,0,0,0,0,5500,3,3,Northbound (NB),POINT (-91.572423185356 41.646535692605)
20251467908,25001556,02/05/2025,02-February,4-Wednesday,10:49,1000 Hours,District 4 (Southwest),,MILLS,77,LEVI RD,Non-collision events:  Overturn/rollover,On Roadway,Non-collision (single vehicle),Ran off road - left,None Indicated,Weather conditions,Daylight,Ice/frost,Freezing rain/drizzle,"Surface condition (e.g., wet, icy)",Non-intersection:  Non-junction/no special feature,Paved,,Minor Injury,0,1,0,1,0,0,10000,1,1,Northbound (NB),POINT (-95.746883284738 41.026481424767)
20251467301,2501667,02/05/2025,02-February,4-Wednesday,18:54,1800 Hours,District 5 (Southeast),,WASHINGTON,US 218,US 218 N,Non-collision events:  Jackknife,On Roadway,Non-collision (single vehicle),Ran off road - left,None Indicated,Weather conditions,Dark - roadway lighted,Ice/frost,Freezing rain/drizzle,"Surface condition (e.g., wet, icy)",Non-intersection:  Non-junction/no special feature,Paved,,Property Damage Only,0,0,0,0,0,0,10000,1,1,Northbound (NB),POINT (-91.52886797714 41.222639793816)
20251467236,2025-000839,02/05/2025,02-February,4-Wednesday,20:28,2000 Hours,District 6 (East Central),DUBUQUE,DUBUQUE,77,WEST ST,Collision with:  Vehicle in traffic,On Roadway,Head-on (front to front),Lost Control,None Indicated,None apparent,Dark - roadway lighted,Wet,Freezing rain/drizzle,None apparent,Intersection:  T-intersection,Paved,,Property Damage Only,0,0,0,0,0,0,3000,2,3,Northbound (NB),POINT (-90.695427722977 42.496797216203)
20251467154,25000872,02/05/2025,02-February,4-Wednesday,00:23,0000 Hours,District 5 (Southeast),,LOUISA,77,30TH ST AND US 61 N,Collision with:  Animal,Unknown,Non-collision (single vehicle),Animal,None Indicated,Animal in roadway,,,,,,Unpaved,,Property Damage Only,0,0,0,0,0,0,2500,1,1,Southbound (SB),POINT (-91.180692726573 41.102405780806)
20251467226,25-00000217,02/05/2025,02-February,4-Wednesday,18:30,1800 Hours,District 1 (Central),JOHNSTON,POLK,77,BROOK RIDGE DR AND SCENIC RIDGE COURT,Collision with fixed object:  Mailbox,On Roadway,Non-collision (single vehicle),Driving too fast for conditions,None Indicated,Weather conditions,Dark - roadway lighted,Ice/frost,Freezing rain/drizzle,"Surface condition (e.g., wet, icy)",Intersection:  L-intersection,Paved,,Property Damage Only,0,0,0,0,0,0,1825,1,1,Northbound (NB),POINT (-93.734052983384 41.681420929134)
20251467211,20250003111,02/05/2025,02-February,4-Wednesday,19:48,1900 Hours,District 1 (Central),DES MOINES,POLK,77,STREET IN FRONT OF 2040 E. WALNUT ST.,Collision with:  Parked motor vehicle,On Roadway,"Sideswipe, opposite direction",Unknown,None Indicated,Unknown,Dark - roadway lighted,Ice/frost,Cloudy,Unknown,Non-intersection:  Non-junction/no special feature,Paved,,Possible/Unknown,0,1,0,0,0,1,7500,2,1,Northbound (NB),POINT (-93.581488609625 41.593339177493)
20251467214,25-001225,02/05/2025,02-February,4-Wednesday,14:21,1400 Hours,District 4 (Southwest),COUNCIL BLUFFS,POTTAWATTAMIE,77,EAST MANAWA DR/ WALLACE AVE,Collision with:  Struck/struck by object/cargo/person from other vehicle,On Roadway,Non-collision (single vehicle),Other (explain in narrative):  Other,None Indicated,Weather conditions,Daylight,Ice/frost,Freezing rain/drizzle,"Surface condition (e.g., wet, icy)",Non-intersection:  Non-junction/no special feature,Paved,,Property Damage Only,0,0,0,0,0,0,1700,1,3,Northbound (NB),POINT (-95.838555833069 41.206857194999)
20251467919,PDI20250092,02/05/2025,02-February,4-Wednesday,20:45,2000 Hours,District 1 (Central),GRINNELL,POWESHIEK,77,16TH AVE,Collision with:  Vehicle in traffic,On Roadway,Head-on (front to front),Swerving/Evasive Action,None Indicated,Weather conditions,Dark - roadway lighted,Ice/frost,Freezing rain/drizzle,"Surface condition (e.g., wet, icy)",Non-intersection:  Non-junction/no special feature,Paved,,Property Damage Only,0,0,0,0,0,0,3000,2,2,Southbound (SB),POINT (-92.73351688044 41.760701030833)
20251467374,25000506,02/05/2025,02-February,4-Wednesday,12:50,1200 Hours,District 5 (Southeast),,VAN BUREN,77,ROUTE J40,Non-collision events:  Overturn/rollover,On Roadway,Non-collision (single vehicle),Ran off road - right,None Indicated,Weather conditions,Daylight,Ice/frost,Freezing rain/drizzle,"Surface condition (e.g., wet, icy)",Non-intersection:  Non-junction/no special feature,Paved,,Minor Injury,0,1,0,1,0,0,10000,1,1,Southbound (SB),POINT (-91.767121792451 40.725584720865)