Iowa DOT Case Number,Law Enforcement Case Number,Date of Crash,Month of Crash,Day of Week,Time of Crash,Hour,DOT District,City Name,County Name,Route with System,Location Description,First Harmful Event,Location of First Harmful Event,Manner of Crash/Collision,Major Cause,Drug or Alcohol ,Environmental Conditions,Light Conditions,Surface Conditions,Weather Conditions,Roadway Contribution,Roadway Type,Roadway Surface,Work Zone,Crash Severity,Number of Fatalities,Number of Injuries,Number of Major Injuries,Number of Minor Injuries,Number of Possible Injuries,Number of Unknown Injuries,Amount of Property Damage,Number of Vehicles Involved,Total Number of Occupants,Travel Direction,Location
20251467259,20240003105,02/05/2025,02-February,4-Wednesday,18:49,1800 Hours,District 1 (Central),DES MOINES,POLK,77,SE 17TH ST AND EAST GLENWOOD DR,Collision with fixed object:  Guardrail - face,On Roadway,Non-collision (single vehicle),Driving too fast for conditions,None Indicated,Weather conditions,Dark - roadway lighted,Ice/frost,Freezing rain/drizzle,"Surface condition (e.g., wet, icy)",Intersection:  L-intersection,Paved,,Property Damage Only,0,0,0,0,0,0,4150,1,1,Northbound (NB),POINT (-93.589466468612 41.558908767564)
20251467326,2025003191,02/05/2025,02-February,4-Wednesday,17:48,1700 Hours,District 6 (East Central),IOWA CITY,JOHNSON,I-80,WB INTERSTATE 80 @ 247MM,Collision with:  Vehicle in traffic,On Roadway,"Sideswipe, same direction",Other (explain in narrative):  No improper action,None Indicated,Weather conditions,Dark - roadway not lighted,Ice/frost,Freezing rain/drizzle,"Surface condition (e.g., wet, icy)",Non-intersection:  Non-junction/no special feature,Paved,,Property Damage Only,0,0,0,0,0,0,8000,2,2,Westbound (WB),POINT (-91.488104504655 41.686501448959)
20251467266,2025003194,02/05/2025,02-February,4-Wednesday,21:09,2100 Hours,District 1 (Central),,WEBSTER,77,2403 RIVERSIDE TRAIL,Collision with fixed object:  Ground,On Roadway,Non-collision (single vehicle),Driving too fast for conditions,None Indicated,None apparent,Dark - roadway not lighted,Ice/frost,Clear,"Surface condition (e.g., wet, icy)",Non-intersection:  Non-junction/no special feature,Paved,,Minor Injury,0,1,0,1,0,0,4000,1,1,Northbound (NB),POINT (-94.139436082771 42.440723518049)
20251467514,2025003192,02/05/2025,02-February,4-Wednesday,20:01,2000 Hours,District 6 (East Central),,JONES,77,E-34 SOUTH OF PARK ROAD,Collision with:  Vehicle in traffic,On Roadway,Other (explain in narrative),Lost Control,None Indicated,Weather conditions,Dark - roadway not lighted,Ice/frost,Freezing rain/drizzle,"Surface condition (e.g., wet, icy)",Non-intersection:  Non-junction/no special feature,Paved,,Property Damage Only,0,0,0,0,0,0,15000,3,4,Northbound (NB),POINT (-91.295291533206 42.098096987625)
20251467263,20250003126,02/05/2025,02-February,4-Wednesday,22:13,2200 Hours,District 1 (Central),DES MOINES,POLK,77,HULL AVE AND 1ST ST,Collision with:  Parked motor vehicle,On Roadway,Rear to side,Lost Control,None Indicated,Weather conditions,Dark - roadway lighted,Ice/frost,Freezing rain/drizzle,"Surface condition (e.g., wet, icy)",Non-intersection:  Non-junction/no special feature,Paved,,Property Damage Only,0,0,0,0,0,0,4500,2,2,Southbound (SB),POINT (-93.618708468164 41.622265250869)
20251467248,CLP25000287,02/05/2025,02-February,4-Wednesday,20:16,2000 Hours,District 6 (East Central),CLINTON,CLINTON,US 30,LIBERTY AVE AND S 5TH ST,Collision with fixed object:  Utility pole/light support,On Roadway,Non-collision (single vehicle),Driving too fast for conditions,None Indicated,Weather conditions,Dark - roadway lighted,Ice/frost,Freezing rain/drizzle,"Surface condition (e.g., wet, icy)",Intersection:  T-intersection,Paved,,Minor Injury,0,1,0,1,0,0,7000,1,2,Southbound (SB),POINT (-90.193178624445 41.834243713312)
20251467453,MC2500408,02/05/2025,02-February,4-Wednesday,18:02,1800 Hours,District 2 (Northeast),MASON CITY,CERRO GORDO,77,NORTH MADISON AVE AND 12TH ST NW,Collision with fixed object:  Utility pole/light support,On Roadway,Non-collision (single vehicle),Swerving/Evasive Action,None Indicated,Weather conditions,Dark - roadway lighted,Ice/frost,Freezing rain/drizzle,"Surface condition (e.g., wet, icy)",Intersection:  T-intersection,Paved,,Property Damage Only,0,0,0,0,0,0,5500,1,1,Northbound (NB),POINT (-93.207767263044 43.162766987356)
20251467319,2501378,02/05/2025,02-February,4-Wednesday,13:50,1300 Hours,District 3 (Northwest),,CRAWFORD,IA-141,IA 141 E,Collision with:  Vehicle in traffic,On Roadway,"Sideswipe, same direction",Passing:  Other passing (explain in narrative),None Indicated,None apparent,Daylight,Dry,Clear,None apparent,Non-intersection:  Non-junction/no special feature,Paved,,Property Damage Only,0,0,0,0,0,0,5000,2,2,Southbound (SB),POINT (-95.528332181722 42.048038696353)
20251467440,20250003237,02/05/2025,02-February,4-Wednesday,22:00,2200 Hours,District 1 (Central),DES MOINES,POLK,77,EAST PHILIP ST MEASURING 178 FEET WEST FROM SE 5TH ST,Collision with:  Parked motor vehicle,On Roadway,Unknown,Lost Control,None Indicated,None apparent,Dark - roadway lighted,Ice/frost,Unknown,None apparent,Non-intersection:  Non-junction/no special feature,Paved,,Possible/Unknown,0,1,0,0,0,1,1500,2,1,Northbound (NB),POINT (-93.607132839397 41.542450556972)
20251467253,25-001247,02/05/2025,02-February,4-Wednesday,22:46,2200 Hours,District 4 (Southwest),COUNCIL BLUFFS,POTTAWATTAMIE,77,2100 SOUTH 11TH ST,Collision with:  Parked motor vehicle,On Roadway,Head-on (front to front),Lost Control,None Indicated,None apparent,Dark - unknown roadway lighting,Ice/frost,Clear,"Surface condition (e.g., wet, icy)",Intersection:  Four-way intersection,Paved,,Property Damage Only,0,0,0,0,0,0,3500,2,1,Northbound (NB),POINT (-95.860476979875 41.240808844416)
20251467201,20250003074,02/05/2025,02-February,4-Wednesday,15:05,1500 Hours,District 1 (Central),DES MOINES,POLK,77,HICKMAN RD MEASURING 433 FEET WEST FROM 18TH ST,Collision with:  Vehicle in traffic,On Roadway,Rear-end (front to rear),"Operating vehicle in an reckless, erratic, careless, negligent manner",None Indicated,None apparent,Daylight,Wet,Freezing rain/drizzle,"Surface condition (e.g., wet, icy)",Non-intersection:  Non-junction/no special feature,Paved,,Property Damage Only,0,0,0,0,0,0,2000,2,2,Southbound (SB),POINT (-93.642740795127 41.615062740686)
20251467268,25-00568,02/05/2025,02-February,4-Wednesday,21:35,2100 Hours,District 1 (Central),WEST DES MOINES,POLK,77,SE WALNUT WOODS COURT,Collision with fixed object:  Mailbox,Roadside,Non-collision (single vehicle),Ran off road - right,None Indicated,Weather conditions,Dark - roadway lighted,Ice/frost,Freezing rain/drizzle,"Slippery, loose, or worn surface",Non-intersection:  Non-junction/no special feature,Paved,,Property Damage Only,0,0,0,0,0,0,1500,1,1,Northbound (NB),POINT (-93.721882924121 41.537256772914)
20251469163,P25-02084,02/05/2025,02-February,4-Wednesday,16:47,1600 Hours,District 5 (Southeast),BURLINGTON,DES MOINES,US 34,"RAMP US 34 W TO MAIN ST SOUTH, N MEASURING 81 FEET EAST FROM RAMP BLUFF RD, N TO N TO STATE OF IOWA, US 34 W",Collision with fixed object:  Concrete traffic barrier (median or right side),On Roadway,Non-collision (single vehicle),Lost Control,None Indicated,Weather conditions,Daylight,Ice/frost,Freezing rain/drizzle,"Surface condition (e.g., wet, icy)",Non-intersection:  Non-junction/no special feature,Paved,,Property Damage Only,0,0,0,0,0,0,7000,1,1,Westbound (WB),POINT (-91.099644109338 40.814259081648)
20251467395,2025001040,02/05/2025,02-February,4-Wednesday,19:30,1900 Hours,District 6 (East Central),IOWA CITY,JOHNSON,77,CALVIN AVE,Collision with:  Parked motor vehicle,On Roadway,"Sideswipe, same direction",Lost Control,None Indicated,Weather conditions,Dark - roadway lighted,Ice/frost,Freezing rain/drizzle,"Surface condition (e.g., wet, icy)",Intersection:  Roundabout,Paved,,Property Damage Only,0,0,0,0,0,0,3000,2,1,Southbound (SB),POINT (-91.566290497404 41.653962083739)
20251467573,2025001042,02/05/2025,02-February,4-Wednesday,21:05,2100 Hours,District 6 (East Central),IOWA CITY,JOHNSON,77,BANCROFT DR,Collision with:  Parked motor vehicle,On Roadway,Broadside (front to side),Lost Control,None Indicated,Weather conditions,Dark - roadway lighted,Ice/frost,Freezing rain/drizzle,"Surface condition (e.g., wet, icy)",Intersection:  T-intersection,Paved,,Property Damage Only,0,0,0,0,0,0,8000,3,1,Northbound (NB),POINT (-91.516016251986 41.638912896373)
20251467674,2025001019,02/05/2025,02-February,4-Wednesday,17:27,1700 Hours,District 6 (East Central),IOWA CITY,JOHNSON,77,KESWICK DR AND WESTGATE ST,Collision with:  Parked motor vehicle,On Roadway,Other (explain in narrative),Lost Control,None Indicated,Weather conditions,Dusk,Ice/frost,Freezing rain/drizzle,"Surface condition (e.g., wet, icy)",Non-intersection:  Non-junction/no special feature,Paved,,Property Damage Only,0,0,0,0,0,0,5000,2,1,Northbound (NB),POINT (-91.566697653417 41.652931371401)
20251467198,2507449,02/05/2025,02-February,4-Wednesday,19:30,1900 Hours,District 6 (East Central),,CLINTON,77,245TH ST MEASURING 1031 FEET WEST FROM 300TH AVE,Collision with fixed object:  Ditch,Roadside,Non-collision (single vehicle),Ran off road - left,None Indicated,Weather conditions,Dark - roadway not lighted,Ice/frost,Freezing rain/drizzle,"Surface condition (e.g., wet, icy)",Non-intersection:  Non-junction/no special feature,Paved,,Property Damage Only,0,0,0,0,0,0,2000,1,1,Southbound (SB),POINT (-90.515658982055 41.825699904799)
20251467393,2025001028,02/05/2025,02-February,4-Wednesday,18:21,1800 Hours,District 6 (East Central),IOWA CITY,JOHNSON,77,1000 CHURCH ST,Collision with:  Parked motor vehicle,In parking lane/zone,Rear-end (front to rear),Lost Control,None Indicated,Weather conditions,Dark - roadway lighted,Ice/frost,Freezing rain/drizzle,"Surface condition (e.g., wet, icy)",Non-intersection:  Non-junction/no special feature,Paved,,Property Damage Only,0,0,0,0,0,0,5500,2,2,Southbound (SB),POINT (-91.520407692303 41.667899542165)
20251467039,20250003036,02/05/2025,02-February,4-Wednesday,03:36,0300 Hours,District 1 (Central),DES MOINES,POLK,77,EAST 24TH ST AND GUTHRIE AVE,Collision with:  Vehicle in traffic,On Roadway,Broadside (front to side),Ran Stop Sign,None Indicated,None apparent,Dark - roadway lighted,Dry,Clear,None apparent,Intersection:  Four-way intersection,Paved,,Minor Injury,0,2,0,1,0,1,16000,2,2,Southbound (SB),POINT (-93.57365320368 41.614977892628)
20251467175,25000639,02/05/2025,02-February,4-Wednesday,13:53,1300 Hours,District 4 (Southwest),,ADAIR,77,1200 BLOCK OF STUART RD,Collision with fixed object:  Ditch,On Roadway,Non-collision (single vehicle),Ran off road - right,None Indicated,Weather conditions,Daylight,Ice/frost,Freezing rain/drizzle,"Surface condition (e.g., wet, icy)",Non-intersection:  Non-junction/no special feature,Paved,,Property Damage Only,0,0,0,0,0,0,2001,1,1,Northbound (NB),POINT (-94.318311283853 41.466978978149)
20251467586,25-000512,02/05/2025,02-February,4-Wednesday,17:04,1700 Hours,District 1 (Central),ANKENY,POLK,77,3100 BLOCK SE 20TH ST,Collision with:  Vehicle in traffic,On Roadway,"Sideswipe, opposite direction",Other (explain in narrative):  Other,None Indicated,Weather conditions,Daylight,Ice/frost,Freezing rain/drizzle,"Surface condition (e.g., wet, icy)",Non-intersection:  Non-junction/no special feature,Paved,,Property Damage Only,0,0,0,0,0,0,5000,2,3,Southbound (SB),POINT (-93.558844402559 41.709715964232)
20251467235,2025-000829,02/05/2025,02-February,4-Wednesday,14:48,1400 Hours,District 6 (East Central),DUBUQUE,DUBUQUE,US 20,US 20 E,Collision with:  Vehicle in traffic,On Roadway,Rear-end (front to rear),Lost Control,None Indicated,None apparent,Daylight,Dry,Cloudy,None apparent,Non-intersection:  Non-junction/no special feature,Paved,,Property Damage Only,0,0,0,0,0,0,3000,2,2,Southbound (SB),POINT (-90.670992691155 42.490890863664)
20251468146,2025-2719,02/05/2025,02-February,4-Wednesday,16:44,1600 Hours,District 6 (East Central),BETTENDORF,SCOTT,77,DEVILS GLEN RD,Collision with:  Vehicle in traffic,On Roadway,"Angle, oncoming left turn",FTYROW:  From stop sign,None Indicated,None apparent,Daylight,Wet,Rain,None apparent,Intersection:  Other intersection (explain in narrative),Paved,,Minor Injury,0,1,0,1,0,0,65000,2,3,Northbound (NB),POINT (-90.483683571688 41.553198124135)
20251469269,2025003190,02/05/2025,02-February,4-Wednesday,19:45,1900 Hours,District 6 (East Central),,CEDAR,I-80,RAMP I 80 E TO YANKEE AVE EXIT 277,Collision with fixed object:  Other post/pole/support (explain in narrative),Shoulder,Non-collision (single vehicle),Ran off road - right,None Indicated,Weather conditions,Dark - roadway not lighted,Ice/frost,Freezing rain/drizzle,"Surface condition (e.g., wet, icy)",Non-intersection:  Non-junction/no special feature,Paved,,Property Damage Only,0,0,0,0,0,0,10500,1,1,Southbound (SB),POINT (-90.923730847784 41.633998093037)
20251467224,20250003115,02/05/2025,02-February,4-Wednesday,21:01,2100 Hours,District 1 (Central),DES MOINES,POLK,US 6,4600 BLOCK OF HUBBELL AVE.,Collision with:  Vehicle in traffic,On Roadway,Rear-end (front to rear),Driving too fast for conditions,None Indicated,None apparent,Dark - roadway lighted,Ice/frost,Freezing rain/drizzle,"Surface condition (e.g., wet, icy)",Non-intersection:  Non-junction/no special feature,Paved,,Possible/Unknown,0,3,0,0,3,0,7000,2,3,Southbound (SB),POINT (-93.521780685589 41.642102542619)
20251467390,20250001046,02/05/2025,02-February,4-Wednesday,21:28,2100 Hours,District 6 (East Central),IOWA CITY,JOHNSON,77,10 ASHWOOD DRIVE,Collision with:  Parked motor vehicle,On Roadway,Broadside (front to side),Driving too fast for conditions,None Indicated,Weather conditions,Dark - roadway lighted,Ice/frost,Freezing rain/drizzle,"Surface condition (e.g., wet, icy)",Non-intersection:  Non-junction/no special feature,Paved,,Property Damage Only,0,0,0,0,0,0,1500,2,2,Northbound (NB),POINT (-91.507377625514 41.663092512128)
20251467401,25001149,02/05/2025,02-February,4-Wednesday,11:58,1100 Hours,District 5 (Southeast),CENTERVILLE,APPANOOSE,77,EAST OAK ST,Collision with:  Vehicle in traffic,On Roadway,Broadside (front to side),Lost Control,None Indicated,Weather conditions,Daylight,Ice/frost,Freezing rain/drizzle,"Surface condition (e.g., wet, icy)",Intersection:  T-intersection,Paved,,Property Damage Only,0,0,0,0,0,0,2500,2,2,Southbound (SB),POINT (-92.871830588042 40.736863662183)
20251467180,25-000208,02/05/2025,02-February,4-Wednesday,14:10,1400 Hours,District 1 (Central),ALTOONA,POLK,77,3RD ST SW / 7TH AVE SW,Collision with fixed object:  Utility pole/light support,On Roadway,Non-collision (single vehicle),Lost Control,None Indicated,Weather conditions,Daylight,Ice/frost,Freezing rain/drizzle,"Surface condition (e.g., wet, icy)",Intersection:  T-intersection,Paved,,Property Damage Only,0,0,0,0,0,0,7600,1,1,Southbound (SB),POINT (-93.472302705042 41.64942316065)
20251467049,25-02052A,02/05/2025,02-February,4-Wednesday,05:13,0500 Hours,District 4 (Southwest),,PAGE,77,REDWOOD AVE,Collision with fixed object:  Ditch,On Roadway,Non-collision (single vehicle),Driving too fast for conditions,None Indicated,Weather conditions,Dark - roadway not lighted,Ice/frost,Clear,"Surface condition (e.g., wet, icy)",Non-intersection:  Non-junction/no special feature,Paved,,Possible/Unknown,0,1,0,0,1,0,2000,1,1,Northbound (NB),POINT (-95.033470104943 40.847028817173)
20251467157,FD25-0318,02/05/2025,02-February,4-Wednesday,07:51,0700 Hours,District 1 (Central),FORT DODGE,WEBSTER,77,KENYON RD,Collision with:  Vehicle in traffic,On Roadway,Rear-end (front to rear),Other (explain in narrative):  No improper action,None Indicated,None apparent,Dawn,Dry,Cloudy,None apparent,Non-intersection:  Non-junction/no special feature,Paved,,Property Damage Only,0,0,0,0,0,0,2900,2,2,Northbound (NB),POINT (-94.188125707215 42.495704582347)
20251467239,2025-000837,02/05/2025,02-February,4-Wednesday,19:00,1900 Hours,District 6 (East Central),DUBUQUE,DUBUQUE,US 20,DODGE ST AND UNIVERSITY AVE,Collision with:  Vehicle in traffic,On Roadway,Rear-end (front to rear),Lost Control,None Indicated,None apparent,Dark - roadway lighted,Wet,Freezing rain/drizzle,None apparent,Intersection:  Four-way intersection,Paved,,Possible/Unknown,0,1,0,0,1,0,4000,2,2,Westbound (WB),POINT (-90.706724581156 42.492026025196)
20251467612,2025001039,02/05/2025,02-February,4-Wednesday,18:57,1800 Hours,District 6 (East Central),IOWA CITY,JOHNSON,77,DANIELLE ST,Collision with:  Parked motor vehicle,Shoulder,Rear-end (front to rear),Lost Control,None Indicated,Weather conditions,Dark - roadway lighted,Ice/frost,Freezing rain/drizzle,"Surface condition (e.g., wet, icy)",Non-intersection:  Non-junction/no special feature,Paved,,Property Damage Only,0,0,0,0,0,0,4500,3,1,Northbound (NB),POINT (-91.474748418588 41.663393611689)
20251467929,,02/05/2025,02-February,4-Wednesday,20:46,2000 Hours,District 6 (East Central),DAVENPORT,SCOTT,77,BUFFALO AVE and WEST KIMBERLY RD,Collision with:  Vehicle in traffic,On Roadway,"Angle, oncoming left turn",Other (explain in narrative):  Other,None Indicated,Weather conditions,Dark - roadway not lighted,Ice/frost,Freezing rain/drizzle,"Surface condition (e.g., wet, icy)",Intersection:  Four-way intersection,Paved,,Property Damage Only,0,0,0,0,0,0,12500,3,3,Northbound (NB),POINT (-90.685821910982 41.59617403487)
20251467602,2025001029,02/05/2025,02-February,4-Wednesday,18:33,1800 Hours,District 6 (East Central),IOWA CITY,JOHNSON,77,MANITOU TRAIL,Collision with:  Parked motor vehicle,Shoulder,Broadside (front to side),Lost Control,None Indicated,Weather conditions,Dark - roadway lighted,Ice/frost,Freezing rain/drizzle,"Surface condition (e.g., wet, icy)",Non-intersection:  Non-junction/no special feature,Paved,,Property Damage Only,0,0,0,0,0,0,3000,2,1,Northbound (NB),POINT (-91.551726680336 41.68380830435)
20251467647,25001831,02/05/2025,02-February,4-Wednesday,10:10,1000 Hours,District 2 (Northeast),DENVER,BREMER,US 63,US 63 N,Non-collision events:  Other non-collision (explain in narrative),On Roadway,Non-collision (single vehicle),Ran off road - right,None Indicated,None apparent,Daylight,Dry,Cloudy,None apparent,Non-intersection:  Non-junction/no special feature,Paved,,Property Damage Only,0,0,0,0,0,0,8000,1,1,Northbound (NB),POINT (-92.344279295977 42.671095834155)
20251467223,20250003078,02/05/2025,02-February,4-Wednesday,15:20,1500 Hours,District 1 (Central),DES MOINES,POLK,77,WILLIAMS ST AND MAPLE ST,Collision with:  Vehicle in traffic,On Roadway,Broadside (front to side),Other (explain in narrative):  Other,None Indicated,Weather conditions,Daylight,Ice/frost,Freezing rain/drizzle,Other (explain in narrative),Intersection:  T-intersection,Paved,,Property Damage Only,0,0,0,0,0,0,2000,2,2,Southbound (SB),POINT (-93.533510853332 41.599714775055)
20251468721,2025003181,02/05/2025,02-February,4-Wednesday,17:51,1700 Hours,District 1 (Central),,WEBSTER,77,NELSON AVE,Collision with fixed object:  Utility pole/light support,Roadside,Non-collision (single vehicle),Driving too fast for conditions,None Indicated,Weather conditions,Dark - roadway not lighted,Ice/frost,Freezing rain/drizzle,"Surface condition (e.g., wet, icy)",Non-intersection:  Non-junction/no special feature,Paved,,Property Damage Only,0,0,0,0,0,0,11000,1,1,Northbound (NB),POINT (-94.145704220498 42.383653986125)
20251467730,25-00166,02/05/2025,02-February,4-Wednesday,16:35,1600 Hours,District 4 (Southwest),CLIVE,POLK,77,LAKESHORE DR/ CEDAR CREST,Collision with fixed object:  Curb/island/raised median,On Roadway,Non-collision (single vehicle),Lost Control,None Indicated,Weather conditions,Daylight,Ice/frost,Freezing rain/drizzle,"Surface condition (e.g., wet, icy)",Non-intersection:  Non-junction/no special feature,Paved,,Property Damage Only,0,0,0,0,0,0,2000,1,1,Southbound (SB),POINT (-93.800527177141 41.612225779458)
20251467229,25-001240,02/05/2025,02-February,4-Wednesday,19:30,1900 Hours,District 4 (Southwest),COUNCIL BLUFFS,POTTAWATTAMIE,77,SOUTH 30TH ST AND 4TH AVE,Collision with:  Parked motor vehicle,On Roadway,Unknown,Unknown,None Indicated,Weather conditions,Dark - roadway not lighted,Ice/frost,Clear,"Surface condition (e.g., wet, icy)",Non-intersection:  Non-junction/no special feature,Paved,,Property Damage Only,0,0,0,0,0,0,1500,2,1,Southbound (SB),POINT (-95.892427594944 41.258040698951)
20251467768,2025001051,02/05/2025,02-February,4-Wednesday,22:20,2200 Hours,District 6 (East Central),IOWA CITY,JOHNSON,77,CAMP CARDINAL RD,Collision with:  Parked motor vehicle,On Roadway,Head-on (front to front),Other (explain in narrative):  Other,None Indicated,Weather conditions,Dark - roadway not lighted,Ice/frost,Freezing rain/drizzle,"Surface condition (e.g., wet, icy)",Non-intersection:  Non-junction/no special feature,Paved,,Property Damage Only,0,0,0,0,0,0,7000,2,2,Northbound (NB),POINT (-91.598544373832 41.666861496255)
20251467444,25-001456,02/05/2025,02-February,4-Wednesday,17:32,1700 Hours,District 3 (Northwest),TEMPLETON,CARROLL,77,2ND ST,Collision with fixed object:  Traffic sign support,On Roadway,Non-collision (single vehicle),Driving too fast for conditions,None Indicated,Weather conditions,Dusk,Ice/frost,Freezing rain/drizzle,"Surface condition (e.g., wet, icy)",Intersection:  Other intersection (explain in narrative),Paved,,Property Damage Only,0,0,0,0,0,0,1850,1,1,Southbound (SB),POINT (-94.937572408826 41.918132673501)
20251469632,C25000496,02/05/2025,02-February,4-Wednesday,20:25,2000 Hours,District 6 (East Central),CORALVILLE,JOHNSON,77,2892 CORAL COURT,Collision with:  Parked motor vehicle,On Roadway,Broadside (front to side),Lost Control,None Indicated,Weather conditions,Dark - roadway lighted,Ice/frost,Snow,"Surface condition (e.g., wet, icy)",Non-intersection:  Non-junction/no special feature,Paved,,Property Damage Only,0,0,0,0,0,0,1500,3,2,Northbound (NB),POINT (-91.612132891792 41.705287515654)
20251467417,,02/05/2025,02-February,4-Wednesday,13:32,1300 Hours,District 6 (East Central),DAVENPORT,SCOTT,IA-461,IA 461 N and EAST 53RD ST,Collision with:  Vehicle in traffic,On Roadway,"Sideswipe, same direction",Unknown,None Indicated,,Daylight,Dry,Cloudy,,Intersection:  Other intersection (explain in narrative),Paved,,Minor Injury,0,1,0,1,0,0,0,2,3,Northbound (NB),POINT (-90.569631170189 41.574510678205)
20251467257,OCFS2503256,02/05/2025,02-February,4-Wednesday,22:38,2200 Hours,District 5 (Southeast),OTTUMWA,WAPELLO,77,400 BLOCK MINNEOPA,Collision with fixed object:  Building,On Roadway,Non-collision (single vehicle),Ran off road - left,None Indicated,Weather conditions,Dark - roadway lighted,Ice/frost,Freezing rain/drizzle,"Surface condition (e.g., wet, icy)",Non-intersection:  Non-junction/no special feature,Paved,,Property Damage Only,0,0,0,0,0,0,13000,1,1,Northbound (NB),POINT (-92.445639207162 41.00808000106)
20251467276,25WC00798,02/05/2025,02-February,4-Wednesday,16:04,1600 Hours,District 3 (Northwest),,WOODBURY,77,255TH ST,Collision with:  Vehicle in traffic,On Roadway,"Sideswipe, same direction",Failed to keep in proper lane,None Indicated,None apparent,Daylight,Dry,Clear,None apparent,Non-intersection:  Non-junction/no special feature,Paved,,Property Damage Only,0,0,0,0,0,0,1500,2,2,Southbound (SB),POINT (-96.349747515626 42.337546179593)
20251467339,25-000506,02/05/2025,02-February,4-Wednesday,13:09,1300 Hours,District 1 (Central),ANKENY,POLK,77,N ANKENY BLVD- 36TH ST,Collision with:  Vehicle in traffic,On Roadway,Broadside (front to side),Ran Traffic Signal,None Indicated,None apparent,Daylight,Wet,Freezing rain/drizzle,None apparent,Intersection:  Four-way intersection,Paved,,Property Damage Only,0,0,0,0,0,0,3000,2,3,Southbound (SB),POINT (-93.600056454171 41.760839206023)
20251467388,2025-000015,02/05/2025,02-February,4-Wednesday,20:40,2000 Hours,District 6 (East Central),DUBUQUE,DUBUQUE,77,HEACOCK RD,Collision with fixed object:  Curb/island/raised median,Roadside,Non-collision (single vehicle),Lost Control,None Indicated,Weather conditions,Dark - roadway lighted,Ice/frost,Freezing rain/drizzle,"Surface condition (e.g., wet, icy)",Intersection:  T-intersection,Unpaved,,Property Damage Only,0,0,0,0,0,0,10500,1,1,Northbound (NB),POINT (-90.759919264835 42.500661045615)
20251467208,20250003104,02/05/2025,02-February,4-Wednesday,17:37,1700 Hours,District 1 (Central),DES MOINES,POLK,77,EAST 33RD ST MEASURING 380 FEET SOUTH FROM EASTON BLVD,Collision with:  Parked motor vehicle,On Roadway,Rear-end (front to rear),"Operating vehicle in an reckless, erratic, careless, negligent manner",None Indicated,None apparent,Unknown,Ice/frost,Freezing rain/drizzle,None apparent,Non-intersection:  Non-junction/no special feature,Paved,,Possible/Unknown,0,1,0,0,0,1,8000,2,2,Northbound (NB),POINT (-93.551490076788 41.611411403047)
20251467341,25-001159,02/05/2025,02-February,4-Wednesday,11:48,1100 Hours,District 4 (Southwest),,HARRISON,77,OVERTON AVE,Non-collision events:  Overturn/rollover,On Roadway,Non-collision (single vehicle),Ran off road - straight,None Indicated,Weather conditions,Daylight,Ice/frost,Freezing rain/drizzle,"Surface condition (e.g., wet, icy)",Non-intersection:  Non-junction/no special feature,Paved,,Property Damage Only,0,0,0,0,0,0,8200,1,1,Northbound (NB),POINT (-95.77421156641 41.565471671736)
20251467188,25-000838,02/05/2025,02-February,4-Wednesday,18:51,1800 Hours,District 5 (Southeast),CHARITON,LUCAS,77,300-BLK SOUTH MAIN ST,Collision with:  Parked motor vehicle,On Roadway,Head-on (front to front),Driving too fast for conditions,None Indicated,Weather conditions,Dark - roadway lighted,Ice/frost,Freezing rain/drizzle,"Surface condition (e.g., wet, icy)",Non-intersection:  Non-junction/no special feature,Paved,,Property Damage Only,0,0,0,0,0,0,1501,2,3,Northbound (NB),POINT (-93.307774769552 41.011110077827)
20251467137,2025-000816,02/05/2025,02-February,4-Wednesday,06:16,0600 Hours,District 6 (East Central),DUBUQUE,DUBUQUE,77,STATE ST MEASURING 196 FEET SOUTH FROM YORK ST,Collision with:  Parked motor vehicle,On Roadway,Rear-end (front to rear),"Operating vehicle in an reckless, erratic, careless, negligent manner",Alcohol (Statutory),None apparent,Dark - roadway lighted,Dry,Cloudy,None apparent,Non-intersection:  Non-junction/no special feature,Paved,,Property Damage Only,0,0,0,0,0,0,19500,3,4,Northbound (NB),POINT (-90.678829298148 42.487916105971)
20251467614,2025001143,02/05/2025,02-February,4-Wednesday,18:45,1800 Hours,District 6 (East Central),IOWA CITY,JOHNSON,77,1700 WINSTON DR,Collision with fixed object:  Mailbox,Roadside,Rear-end (front to rear),Ran off road - left,None Indicated,Weather conditions,Dark - roadway lighted,Ice/frost,Cloudy,"Surface condition (e.g., wet, icy)",Non-intersection:  Non-junction/no special feature,Paved,,Property Damage Only,0,0,0,0,0,0,4500,2,1,Southbound (SB),POINT (-91.509867322494 41.666070058976)
20251469876,S25-010207,02/05/2025,02-February,4-Wednesday,22:29,2200 Hours,District 2 (Northeast),GILBERTVILLE,BLACK HAWK,77,5TH ST,Collision with fixed object:  Utility pole/light support,Shoulder,Non-collision (single vehicle),Driving too fast for conditions,None Indicated,Weather conditions,Dark - roadway lighted,Ice/frost,Freezing rain/drizzle,"Surface condition (e.g., wet, icy)",Intersection:  Four-way intersection,Paved,,Property Damage Only,0,0,0,0,0,0,3000,1,1,Northbound (NB),POINT (-92.21464471629 42.416093454502)