Iowa DOT Case Number,Law Enforcement Case Number,Date of Crash,Month of Crash,Day of Week,Time of Crash,Hour,DOT District,City Name,County Name,Route with System,Location Description,First Harmful Event,Location of First Harmful Event,Manner of Crash/Collision,Major Cause,Drug or Alcohol ,Environmental Conditions,Light Conditions,Surface Conditions,Weather Conditions,Roadway Contribution,Roadway Type,Roadway Surface,Work Zone,Crash Severity,Number of Fatalities,Number of Injuries,Number of Major Injuries,Number of Minor Injuries,Number of Possible Injuries,Number of Unknown Injuries,Amount of Property Damage,Number of Vehicles Involved,Total Number of Occupants,Travel Direction,Location
20251467734,25-00172,02/06/2025,02-February,5-Thursday,06:29,0600 Hours,District 1 (Central),CLIVE,POLK,77,MADDOX PARKWAY/ SWANSON BLVD,Collision with:  Vehicle in traffic,On Roadway,"Sideswipe, opposite direction",Lost Control,None Indicated,Weather conditions,Dark - roadway lighted,Ice/frost,Clear,"Surface condition (e.g., wet, icy)",Intersection:  T-intersection,Paved,,Property Damage Only,0,0,0,0,0,0,3000,2,2,Southbound (SB),POINT (-93.756544697837 41.611613920756)
20251467336,2025003200,02/06/2025,02-February,5-Thursday,06:52,0600 Hours,District 3 (Northwest),,PLYMOUTH,77,C38,Non-collision events:  Overturn/rollover,On Roadway,Non-collision (single vehicle),Ran off road - right,None Indicated,None apparent,Dawn,Ice/frost,Clear,"Surface condition (e.g., wet, icy)",Non-intersection:  Non-junction/no special feature,Paved,,Minor Injury,0,1,0,1,0,0,1500,1,1,Southbound (SB),POINT (-95.967996312875 42.749910835861)
20251467507,25-00574,02/06/2025,02-February,5-Thursday,08:00,0800 Hours,District 1 (Central),WEST DES MOINES,POLK,77,1300 VALLEY WEST DR,Collision with:  Vehicle in traffic,On Roadway,Rear-end (front to rear),Driving too fast for conditions,None Indicated,Weather conditions,Daylight,Ice/frost,Clear,None apparent,Intersection:  Four-way intersection,Paved,,Property Damage Only,0,0,0,0,0,0,3000,2,2,Southbound (SB),POINT (-93.753653404518 41.589024833357)
20251468032,2025003242,02/06/2025,02-February,5-Thursday,13:00,1300 Hours,District 1 (Central),,POLK,IA-163,"IOWA 163 EAST, 13.5 MILE MARKER, EAST BOUND",Collision with:  Vehicle in traffic,On Roadway,"Sideswipe, same direction",Improper or erratic lane changing,None Indicated,None apparent,Daylight,Dry,Clear,None apparent,Non-intersection:  Non-junction/no special feature,Paved,,Property Damage Only,0,0,0,0,0,0,5000,2,2,Southbound (SB),POINT (-93.339971894911 41.600738227377)
20251467431,20250003202,02/06/2025,02-February,5-Thursday,14:40,1400 Hours,District 1 (Central),DES MOINES,POLK,77,9TH ST AND HIGH ST,Collision with:  Vehicle in traffic,On Roadway,Broadside (front to side),Ran Traffic Signal,None Indicated,None apparent,Daylight,Dry,Clear,None apparent,Intersection:  Four-way intersection,Paved,,Possible/Unknown,0,1,0,0,1,0,8500,3,4,Southbound (SB),POINT (-93.629235745927 41.587665405264)
20251469315,25SB00117,02/06/2025,02-February,5-Thursday,15:45,1500 Hours,District 3 (Northwest),SERGEANT BLUFF,WOODBURY,77,WINDSOR WAY,Collision with:  Vehicle in traffic,On Roadway,Rear-end (front to rear),Followed too close,None Indicated,None apparent,Daylight,Dry,Clear,None apparent,Non-intersection:  Non-junction/no special feature,Paved,,Property Damage Only,0,0,0,0,0,0,3500,2,2,Northbound (NB),POINT (-96.343392668915 42.400539373623)
20251467438,20250003232,02/06/2025,02-February,5-Thursday,18:19,1800 Hours,District 1 (Central),DES MOINES,POLK,77,BEAVER AVE AND MADISON AVE,Collision with:  Vehicle in traffic,On Roadway,Rear-end (front to rear),Followed too close,None Indicated,None apparent,Dark - roadway lighted,Dry,Clear,None apparent,Intersection:  Four-way intersection,Paved,,Property Damage Only,0,0,0,0,0,0,1500,2,3,Southbound (SB),POINT (-93.6780976367 41.633135196199)
20251467843,25003685,02/06/2025,02-February,5-Thursday,09:56,0900 Hours,District 1 (Central),,JASPER,77,HIGHWAY F-48 WEST,Collision with:  Vehicle in traffic,On Roadway,Head-on (front to front),Lost Control,None Indicated,Weather conditions,Daylight,Ice/frost,Other (explain in narrative),"Surface condition (e.g., wet, icy)",Non-intersection:  Non-junction/no special feature,Paved,,Minor Injury,0,1,0,1,0,0,40000,3,4,Southbound (SB),POINT (-93.290550218969 41.660952004217)
20251467348,25-900,02/06/2025,02-February,5-Thursday,09:52,0900 Hours,District 1 (Central),GRIMES,POLK,77,"1000 BLK SE 37TH ST,GRIM",Collision with:  Vehicle in traffic,On Roadway,Rear-end (front to rear),Followed too close,None Indicated,None apparent,Daylight,Wet,Cloudy,None apparent,Intersection:  Other intersection (explain in narrative),Paved,,Possible/Unknown,0,1,0,0,1,0,6500,2,2,Southbound (SB),POINT (-93.775541202267 41.658477602556)
20251467592,25-000544,02/06/2025,02-February,5-Thursday,21:35,2100 Hours,District 1 (Central),ANKENY,POLK,77,1900 BLOCK NE DELAWARE AVE,Collision with:  Vehicle in traffic,On Roadway,Rear-end (front to rear),Driver Distraction:  Other interior distraction,None Indicated,None apparent,Dark - roadway not lighted,Dry,Clear,None apparent,Non-intersection:  Non-junction/no special feature,Paved,,Property Damage Only,0,0,0,0,0,0,10000,2,2,Northbound (NB),POINT (-93.581046791219 41.747201238709)
20251467495,25SC03332,02/06/2025,02-February,5-Thursday,14:18,1400 Hours,District 3 (Northwest),SIOUX CITY,WOODBURY,77,COURT ST,Collision with:  Vehicle in traffic,On Roadway,Rear to side,FTYROW:  From driveway,None Indicated,Visual obstruction,Daylight,Dry,Clear,None apparent,"Non-intersection:  Driveway access (related, not in)",Paved,,Property Damage Only,0,0,0,0,0,0,5000,2,3,Northbound (NB),POINT (-96.396036276591 42.507332758561)
20251467478,25-004608,02/06/2025,02-February,5-Thursday,21:33,2100 Hours,District 5 (Southeast),MUSCATINE,MUSCATINE,77,RAILRD AVE,Collision with fixed object:  Building,Shoulder,Non-collision (single vehicle),"Operating vehicle in an reckless, erratic, careless, negligent manner",None Indicated,None apparent,Dark - roadway lighted,Dry,Clear,None apparent,Non-intersection:  Non-junction/no special feature,Paved,,Property Damage Only,0,0,0,0,0,0,22000,1,1,Northbound (NB),POINT (-91.070491933229 41.401397788061)
20251467472,S25-000254,02/06/2025,02-February,5-Thursday,17:23,1700 Hours,District 4 (Southwest),,POTTAWATTAMIE,I-880,I 880 W,Collision with fixed object:  Ditch,Gore,Non-collision (single vehicle),Ran off road - right,None Indicated,None apparent,Dusk,Dry,Clear,None apparent,Interchange-related:  On-ramp merge area,Paved,,Property Damage Only,0,0,0,0,0,0,60000,1,1,Westbound (WB),POINT (-95.901164190782 41.494097690793)
20251467458,2025-8502,02/06/2025,02-February,5-Thursday,00:28,0000 Hours,District 6 (East Central),DAVENPORT,SCOTT,77,WEST 43RD ST,Collision with:  Parked motor vehicle,On Roadway,Rear-end (front to rear),Lost Control,None Indicated,Weather conditions,Dark - roadway lighted,Ice/frost,Freezing rain/drizzle,"Surface condition (e.g., wet, icy)",Non-intersection:  Non-junction/no special feature,Paved,,Property Damage Only,0,0,0,0,0,0,3500,2,1,Southbound (SB),POINT (-90.600259733756 41.564247640897)
20251467493,25SC03318,02/06/2025,02-February,5-Thursday,12:19,1200 Hours,District 3 (Northwest),SIOUX CITY,WOODBURY,77,HAMILTON BLVD,Collision with:  Vehicle in traffic,On Roadway,"Sideswipe, same direction",Improper or erratic lane changing,None Indicated,None apparent,Daylight,Dry,Clear,None apparent,Intersection:  Four-way intersection,Paved,,Property Damage Only,0,0,0,0,0,0,2500,2,3,Northbound (NB),POINT (-96.420437962052 42.500213069583)
20251468538,25001196,02/06/2025,02-February,5-Thursday,09:11,0900 Hours,District 6 (East Central),,BUCHANAN,77,BAXTER AVE MEASURING 1004 FEET SOUTH FROM BUCK CREEK BLVD,Collision with fixed object:  Mailbox,Shoulder,Non-collision (single vehicle),Ran off road - left,None Indicated,Weather conditions,Daylight,Ice/frost,Other (explain in narrative),"Slippery, loose, or worn surface",Non-intersection:  Non-junction/no special feature,Paved,,Property Damage Only,0,0,0,0,0,0,5600,1,1,Northbound (NB),POINT (-92.062314107524 42.583275501168)
20251467836,25-001998,02/06/2025,02-February,5-Thursday,20:30,2000 Hours,District 2 (Northeast),,FAYETTE,77,QUARTZ RD,Non-collision events:  Overturn/rollover,Roadside,Non-collision (single vehicle),Ran off road - right,None Indicated,None apparent,Dark - roadway not lighted,Dry,Clear,None apparent,Non-intersection:  Non-junction/no special feature,Unpaved,,Possible/Unknown,0,1,0,0,1,0,10000,1,1,Northbound (NB),POINT (-91.938308889735 42.968674907116)
20251467492,25-00000226,02/06/2025,02-February,5-Thursday,09:33,0900 Hours,District 1 (Central),JOHNSTON,POLK,77,9800 BLK VALLEY PARKWAY,Collision with:  Parked motor vehicle,On Roadway,Head-on (front to front),Driving too fast for conditions,None Indicated,Weather conditions,Daylight,Ice/frost,Cloudy,None apparent,Non-intersection:  Non-junction/no special feature,Paved,,Property Damage Only,0,0,0,0,0,0,6500,2,1,Southbound (SB),POINT (-93.752050023127 41.701948756034)
20251467434,20250003215,02/06/2025,02-February,5-Thursday,15:40,1500 Hours,District 1 (Central),DES MOINES,POLK,77,8TH ST AND GRAND AVE,Collision with:  Vehicle in traffic,On Roadway,Broadside (front to side),Ran Traffic Signal,None Indicated,None apparent,Daylight,Dry,Clear,None apparent,Intersection:  Four-way intersection,Paved,,Possible/Unknown,0,3,0,0,3,0,19000,3,6,Northbound (NB),POINT (-93.627755943973 41.587241146639)
20251467885,C25000522,02/06/2025,02-February,5-Thursday,20:17,2000 Hours,District 6 (East Central),CORALVILLE,JOHNSON,US 6,2400 BLOCK 2ND ST,Collision with:  Vehicle in traffic,On Roadway,Rear-end (front to rear),Driver Distraction:  Exterior distraction,None Indicated,None apparent,Dark - roadway lighted,Dry,Clear,None apparent,Non-intersection:  Non-junction/no special feature,Paved,,Possible/Unknown,0,1,0,0,1,0,26000,4,5,Southbound (SB),POINT (-91.598932313084 41.68331275654)
20251467530,2025003211,02/06/2025,02-February,5-Thursday,08:21,0800 Hours,District 6 (East Central),CEDAR RAPIDS,LINN,77,WEST SIDE PL SW/ 6TH ST SB,Collision with:  Vehicle in traffic,On Roadway,Rear-end (front to rear),Driving too fast for conditions,None Indicated,Weather conditions,Daylight,Ice/frost,Clear,"Surface condition (e.g., wet, icy)",Intersection:  T-intersection,Paved,,Property Damage Only,0,0,0,0,0,0,13000,2,2,Southbound (SB),POINT (-91.674810694666 41.870706488404)
20251467608,25001199,02/06/2025,02-February,5-Thursday,18:43,1800 Hours,District 5 (Southeast),,APPANOOSE,IA-2,IA 2 E,Collision with:  Animal,Unknown,Non-collision (single vehicle),Animal,None Indicated,Animal in roadway,,,,,,Paved,,Property Damage Only,0,0,0,0,0,0,2000,1,4,Southbound (SB),POINT (-92.985585997897 40.739492378863)
20251467408,CLP25000294,02/06/2025,02-February,5-Thursday,08:58,0800 Hours,District 6 (East Central),CLINTON,CLINTON,77,ARGYLE COURT,Collision with fixed object:  Utility pole/light support,On Roadway,Non-collision (single vehicle),Ran off road - left,None Indicated,Weather conditions,Daylight,Ice/frost,Clear,"Surface condition (e.g., wet, icy)",Non-intersection:  Other non-intersection (explain in narrative),Paved,,Property Damage Only,0,0,0,0,0,0,2000,1,1,Northbound (NB),POINT (-90.208410549133 41.83814545032)
20251467469,25-000519,02/06/2025,02-February,5-Thursday,04:40,0400 Hours,District 1 (Central),ANKENY,POLK,77,800-B EAST 1ST ST,Collision with fixed object:  Curb/island/raised median,On Roadway,Non-collision (single vehicle),Lost Control,None Indicated,None apparent,Dark - roadway lighted,Ice/frost,Freezing rain/drizzle,"Surface condition (e.g., wet, icy)",Intersection:  Four-way intersection,Paved,,Property Damage Only,0,0,0,0,0,0,5000,1,1,Southbound (SB),POINT (-93.588135059359 41.731853235775)
20251467658,2025001064,02/06/2025,02-February,5-Thursday,10:33,1000 Hours,District 6 (East Central),IOWA CITY,JOHNSON,77,WADE ST AND WAYNE ST,Collision with:  Vehicle in traffic,On Roadway,Broadside (front to side),FTYROW:  From stop sign,None Indicated,None apparent,Daylight,Dry,Cloudy,None apparent,Intersection:  Four-way intersection,Paved,,Property Damage Only,0,0,0,0,0,0,10000,2,3,Northbound (NB),POINT (-91.500750848884 41.64741539739)
20251467416,202501657,02/06/2025,02-February,5-Thursday,09:35,0900 Hours,District 6 (East Central),CEDAR RAPIDS,LINN,77,4500 BLOCK NORTH RIVER BLVD NE,Collision with:  Parked motor vehicle,On Roadway,"Sideswipe, same direction",Lost Control,None Indicated,None apparent,Daylight,Ice/frost,Cloudy,None apparent,Non-intersection:  Non-junction/no special feature,Paved,,Property Damage Only,0,0,0,0,0,0,9500,2,3,Southbound (SB),POINT (-91.704504445297 42.026677633866)
20251467366,25-001126,02/06/2025,02-February,5-Thursday,08:25,0800 Hours,District 4 (Southwest),,FREMONT,I-29,I 29 S,Collision with:  Vehicle in traffic,On Roadway,Rear-end (front to rear),"Operating vehicle in an reckless, erratic, careless, negligent manner",None Indicated,None apparent,Daylight,Dry,Clear,None apparent,Non-intersection:  Non-junction/no special feature,Paved,,Minor Injury,0,1,0,1,0,0,25000,2,2,Eastbound (EB),POINT (-95.65998120379 40.588073680608)
20251467436,20250003224,02/06/2025,02-February,5-Thursday,16:50,1600 Hours,District 1 (Central),DES MOINES,POLK,77,"RAMP 42ND ST, N TO N TO STATE OF IOWA, I 235 W AND CENTER ST AND 42ND ST AND RAMP I 235 W TO 42ND ST, N",Collision with:  Vehicle in traffic,On Roadway,Rear-end (front to rear),Followed too close,None Indicated,None apparent,Daylight,Dry,Clear,None apparent,Non-intersection:  Non-junction/no special feature,Paved,,Property Damage Only,0,0,0,0,0,0,5000,2,2,Northbound (NB),POINT (-93.67438938941 41.591804944711)
20251467397,25-000855,02/06/2025,02-February,5-Thursday,15:37,1500 Hours,District 5 (Southeast),CHARITON,LUCAS,77,900 BLOCK COURT AVE,Collision with:  Vehicle in traffic,On Roadway,Broadside (front to side),FTYROW:  From stop sign,None Indicated,None apparent,Daylight,Dry,Clear,None apparent,Intersection:  Four-way intersection,Paved,,Property Damage Only,0,0,0,0,0,0,3000,2,3,Southbound (SB),POINT (-93.306850790299 41.014454583813)
20251467384,20250003158,02/06/2025,02-February,5-Thursday,08:20,0800 Hours,District 1 (Central),DES MOINES,POLK,77,SW 12TH ST AND VIRGINIA AVE,Collision with fixed object:  Utility pole/light support,On Roadway,Non-collision (single vehicle),Ran off road - right,None Indicated,Weather conditions,Daylight,Ice/frost,Clear,"Surface condition (e.g., wet, icy)",Intersection:  Four-way intersection,Paved,,Property Damage Only,0,0,0,0,0,0,5000,1,1,Northbound (NB),POINT (-93.630556124766 41.558132328831)
20251467317,25001207,02/06/2025,02-February,5-Thursday,06:30,0600 Hours,District 2 (Northeast),,WRIGHT,77,265TH ST,Collision with fixed object:  Ditch,Outside trafficway,Non-collision (single vehicle),Driving too fast for conditions,None Indicated,None apparent,Dark - roadway not lighted,Ice/frost,Clear,"Surface condition (e.g., wet, icy)",Non-intersection:  Non-junction/no special feature,Paved,,Property Damage Only,0,0,0,0,0,0,10000,1,1,Southbound (SB),POINT (-93.847216735843 42.666273365854)
20251467307,20250003149,02/06/2025,02-February,5-Thursday,07:37,0700 Hours,District 1 (Central),DES MOINES,POLK,77,LYNNER DR AND OAKSHIRE RD,Collision with:  Vehicle in traffic,On Roadway,Other (explain in narrative),Lost Control,None Indicated,None apparent,Daylight,Ice/frost,Clear,"Surface condition (e.g., wet, icy)",Non-intersection:  Non-junction/no special feature,Paved,,Property Damage Only,0,0,0,0,0,0,11500,3,2,Northbound (NB),POINT (-93.653414916896 41.630900257161)
20251468560,2025001329,02/06/2025,02-February,5-Thursday,12:00,1200 Hours,District 6 (East Central),IOWA CITY,JOHNSON,77,BARTLETT RD,Collision with:  Parked motor vehicle,On Roadway,Unknown,Unknown,None Indicated,Unknown,Daylight,Unknown,Unknown,Unknown,Non-intersection:  Non-junction/no special feature,Paved,,Possible/Unknown,0,1,0,0,0,1,2000,2,0,Northbound (NB),POINT (-91.574920134435 41.654195515841)
20251467501,2025-04006,02/06/2025,02-February,5-Thursday,21:08,2100 Hours,District 5 (Southeast),,WARREN,77,POLK ST,Collision with:  Animal,On Roadway,Non-collision (single vehicle),Animal,None Indicated,None apparent,Dark - roadway not lighted,Dry,Clear,None apparent,Non-intersection:  Non-junction/no special feature,Unpaved,,Property Damage Only,0,0,0,0,0,0,2500,1,1,Southbound (SB),POINT (-93.719235530589 41.264021237265)
20251467474,25-000495,02/06/2025,02-February,5-Thursday,18:10,1800 Hours,District 3 (Northwest),,LYON,IA-9,1000-BLK IA 9,Collision with:  Vehicle in traffic,On Roadway,Head-on (front to front),FTYROW:  Making left turn,Refused,None apparent,Dusk,Dry,Clear,Ruts/holes/bumps,Non-intersection:  Driveway access (within),Paved,,Property Damage Only,0,0,0,0,0,0,18000,2,3,Southbound (SB),POINT (-96.506668066336 43.495884393521)
20251467322,25SC03298,02/06/2025,02-February,5-Thursday,07:17,0700 Hours,District 3 (Northwest),SIOUX CITY,WOODBURY,77,6TH ST,Collision with:  Vehicle in traffic,On Roadway,Broadside (front to side),Ran Traffic Signal,None Indicated,None apparent,Daylight,Wet,Cloudy,None apparent,Intersection:  Four-way intersection,Paved,,Possible/Unknown,0,2,0,0,2,0,40000,2,2,Southbound (SB),POINT (-96.389072414337 42.496481631642)
20251467349,25-903,02/06/2025,02-February,5-Thursday,10:26,1000 Hours,District 1 (Central),GRIMES,POLK,77,"3300 BLK SE KEYSTONE DR,GRIM",Collision with fixed object:  Embankment,On Roadway,Non-collision (single vehicle),Driving too fast for conditions,None Indicated,None apparent,Daylight,Ice/frost,Cloudy,"Surface condition (e.g., wet, icy)",Non-intersection:  Non-junction/no special feature,Unpaved,,Minor Injury,0,1,0,1,0,0,30000,1,1,Northbound (NB),POINT (-93.759008816187 41.662073718285)
20251467277,CLP25000290,02/06/2025,02-February,5-Thursday,01:11,0100 Hours,District 6 (East Central),CLINTON,CLINTON,77,HARRISON DR,Collision with fixed object:  Utility pole/light support,Roadside,Non-collision (single vehicle),Ran off road - right,None Indicated,Weather conditions,Dark - roadway lighted,Ice/frost,Freezing rain/drizzle,"Surface condition (e.g., wet, icy)",Non-intersection:  Non-junction/no special feature,Paved,,Property Damage Only,0,0,0,0,0,0,5000,1,2,Northbound (NB),POINT (-90.228332186253 41.823570648451)
20251467378,CLP25000291,02/06/2025,02-February,5-Thursday,07:14,0700 Hours,District 6 (East Central),CLINTON,CLINTON,77,SOUTH 16TH ST AND 27TH AVE SOUTH,Collision with:  Vehicle in traffic,On Roadway,Broadside (front to side),Other (explain in narrative):  Other,None Indicated,Weather conditions,Daylight,Ice/frost,Clear,None apparent,Intersection:  Four-way intersection,Paved,,Property Damage Only,0,0,0,0,0,0,3500,2,4,Northbound (NB),POINT (-90.223596238431 41.818656117313)
20251467899,25-1913,02/06/2025,02-February,5-Thursday,16:06,1600 Hours,District 2 (Northeast),WAVERLY,BREMER,IA-116,IA 116 S,Collision with:  Vehicle in traffic,On Roadway,Rear-end (front to rear),Followed too close,None Indicated,None apparent,Daylight,Dry,Clear,None apparent,Intersection:  Four-way intersection,Paved,,Property Damage Only,0,0,0,0,0,0,1600,2,3,Eastbound (EB),POINT (-92.475747765656 42.707669080504)
20251467291,2025001059,02/06/2025,02-February,5-Thursday,07:44,0700 Hours,District 6 (East Central),IOWA CITY,JOHNSON,77,MELROSE AVE,Collision with:  Vehicle in traffic,On Roadway,Rear-end (front to rear),Driving too fast for conditions,None Indicated,None apparent,Daylight,Ice/frost,Clear,"Surface condition (e.g., wet, icy)",Non-intersection:  Non-junction/no special feature,Paved,,Property Damage Only,0,0,0,0,0,0,10000,2,2,Westbound (WB),POINT (-91.573537454736 41.65698850794)
20251467387,MC2500146,02/06/2025,02-February,5-Thursday,09:46,0900 Hours,District 2 (Northeast),MASON CITY,CERRO GORDO,77,19TH ST SW MEASURING 1677 FEET EAST FROM SOUTH BENJAMIN AVE,Collision with:  Vehicle in traffic,On Roadway,Rear-end (front to rear),Driving too fast for conditions,None Indicated,None apparent,Daylight,Ice/frost,Clear,"Surface condition (e.g., wet, icy)",Non-intersection:  Non-junction/no special feature,Paved,,Property Damage Only,0,0,0,0,0,0,3400,3,4,Southbound (SB),POINT (-93.224514362646 43.133937835083)
20251467993,SO25-00128,02/06/2025,02-February,5-Thursday,05:00,0500 Hours,District 1 (Central),,MARSHALL,77,MARBLE RD AND IA 14 N,Collision with:  Vehicle in traffic,On Roadway,Broadside (front to side),Driving too fast for conditions,None Indicated,Weather conditions,Dark - roadway not lighted,Ice/frost,Cloudy,"Surface condition (e.g., wet, icy)",Intersection:  Four-way intersection,Unpaved,,Property Damage Only,0,0,0,0,0,0,33000,2,2,Southbound (SB),POINT (-92.904302657167 42.188446496671)
20251467383,20250003152,02/06/2025,02-February,5-Thursday,07:00,0700 Hours,District 1 (Central),DES MOINES,POLK,77,EAST CRESTON AVE MEASURING 1108 FEET EAST FROM EAST CRESTON AVE,Collision with:  Vehicle in traffic,On Roadway,Other (explain in narrative),Other (explain in narrative):  Other,None Indicated,Weather conditions,Daylight,Ice/frost,Freezing rain/drizzle,None apparent,Non-intersection:  Non-junction/no special feature,Paved,,Property Damage Only,0,0,0,0,0,0,13000,3,1,Southbound (SB),POINT (-93.607199982176 41.561158387529)
20251467303,25020370,02/06/2025,02-February,5-Thursday,08:17,0800 Hours,District 6 (East Central),TIFFIN,JOHNSON,77,JACKSON ST,Collision with:  Vehicle in traffic,On Roadway,Rear to rear,Driving too fast for conditions,None Indicated,Weather conditions,Daylight,Ice/frost,Clear,"Surface condition (e.g., wet, icy)",Intersection:  Four-way intersection,Paved,,Property Damage Only,0,0,0,0,0,0,6000,2,2,Southbound (SB),POINT (-91.675860889912 41.710993371927)
20251467308,20250003156,02/06/2025,02-February,5-Thursday,08:39,0800 Hours,District 1 (Central),DES MOINES,POLK,77,IA 163 E AND EAST 36TH ST AND IOWA STATE FAIRGROUNDS,Collision with:  Vehicle in traffic,On Roadway,Rear-end (front to rear),Lost Control,None Indicated,None apparent,Daylight,Ice/frost,Clear,"Surface condition (e.g., wet, icy)",Intersection:  Four-way intersection,Paved,,Property Damage Only,0,0,0,0,0,0,3000,3,2,Northbound (NB),POINT (-93.545626469298 41.600648710613)
20251467321,25SC03297,02/06/2025,02-February,5-Thursday,07:17,0700 Hours,District 3 (Northwest),SIOUX CITY,WOODBURY,77,OMAHA ST AND WEST 4TH ST,Collision with:  Parked motor vehicle,On Roadway,"Sideswipe, same direction",Lost Control,Refused,None apparent,Dawn,Ice/frost,Clear,None apparent,Non-intersection:  Non-junction/no special feature,Paved,,Property Damage Only,0,0,0,0,0,0,19000,4,1,Southbound (SB),POINT (-96.419616524589 42.499877432453)
20251467522,202500001666,02/06/2025,02-February,5-Thursday,07:25,0700 Hours,District 4 (Southwest),,DALLAS,77,360TH ST,Collision with fixed object:  Ditch,On Roadway,Non-collision (single vehicle),Lost Control,None Indicated,Weather conditions,Daylight,Ice/frost,Clear,"Surface condition (e.g., wet, icy)",Non-intersection:  Non-junction/no special feature,Paved,,Property Damage Only,0,0,0,0,0,0,3000,1,1,Southbound (SB),POINT (-93.982003700759 41.517639360415)
20251467425,25-001789,02/06/2025,02-February,5-Thursday,07:42,0700 Hours,District 3 (Northwest),ROCK VALLEY,SIOUX,77,14TH ST,Collision with:  Vehicle in traffic,On Roadway,Broadside (front to side),Driver Distraction:  Other interior distraction,None Indicated,None apparent,Daylight,Wet,Clear,None apparent,Intersection:  Four-way intersection,Paved,,Minor Injury,0,1,0,1,0,0,8000,2,8,Southbound (SB),POINT (-96.284717463401 43.204191972776)
20251467331,25SC03311,02/06/2025,02-February,5-Thursday,10:57,1000 Hours,District 3 (Northwest),SIOUX CITY,WOODBURY,IA-376,IA 376 N,Collision with:  Vehicle in traffic,On Roadway,Rear-end (front to rear),Other (explain in narrative):  Other,None Indicated,None apparent,Daylight,Dry,Clear,None apparent,Non-intersection:  Non-junction/no special feature,Paved,,Property Damage Only,0,0,0,0,0,0,2000,2,2,Northbound (NB),POINT (-96.372949275548 42.43469144358)
20251467441,20250003239,02/06/2025,02-February,5-Thursday,20:05,2000 Hours,District 1 (Central),DES MOINES,POLK,77,EAST ARMY POST RD,Collision with:  Vehicle in traffic,On Roadway,Rear-end (front to rear),Driver Distraction:  Inattentive/lost in thought,None Indicated,None apparent,Dark - roadway lighted,Dry,Clear,None apparent,Intersection:  Four-way intersection,Paved,,Property Damage Only,0,0,0,0,0,0,3000,2,2,Westbound (WB),POINT (-93.600426062402 41.52637164115)
20251467859,2025-03991,02/06/2025,02-February,5-Thursday,18:00,1800 Hours,District 5 (Southeast),,WARREN,US 69,16000 US 69 N,Collision with:  Vehicle in traffic,On Roadway,Broadside (front to side),Other (explain in narrative):  Other,None Indicated,None apparent,Dusk,Dry,Clear,None apparent,Intersection:  Four-way intersection,Paved,,Minor Injury,0,1,0,1,0,0,20000,2,2,Northbound (NB),POINT (-93.563410569691 41.285138675873)
20251467354,2025-000853,02/06/2025,02-February,5-Thursday,13:23,1300 Hours,District 6 (East Central),DUBUQUE,DUBUQUE,77,EAST 6TH ST AND WHITE ST,Collision with:  Vehicle in traffic,On Roadway,"Angle, oncoming left turn",Driver Distraction:  Inattentive/lost in thought,None Indicated,None apparent,Daylight,Dry,Clear,None apparent,Non-intersection:  Non-junction/no special feature,Paved,,Property Damage Only,0,0,0,0,0,0,9000,2,3,Northbound (NB),POINT (-90.663226042261 42.500134139902)
20251469691,202501672,02/06/2025,02-February,5-Thursday,14:30,1400 Hours,District 6 (East Central),CEDAR RAPIDS,LINN,77,CENTER POINT RD NE,Collision with:  Vehicle in traffic,On Roadway,"Sideswipe, same direction",Improper or erratic lane changing,None Indicated,None apparent,Daylight,Dry,Clear,None apparent,Non-intersection:  Non-junction/no special feature,Paved,,Property Damage Only,0,0,0,0,0,0,4000,2,2,Northbound (NB),POINT (-91.664992458055 42.020334641301)
20251467439,20250003235,02/06/2025,02-February,5-Thursday,04:15,0400 Hours,District 1 (Central),DES MOINES,POLK,77,SW 10TH ST MEASURING 111 FEET NORTH FROM EMMA AVE,Collision with:  Parked motor vehicle,Roadside,Broadside (front to side),"Operating vehicle in an reckless, erratic, careless, negligent manner",None Indicated,Unknown,Dark - roadway not lighted,Unknown,Clear,Unknown,Non-intersection:  Non-junction/no special feature,Paved,,Possible/Unknown,0,1,0,0,0,1,1700,2,1,Northbound (NB),POINT (-93.627643739004 41.543430320992)
20251467591,25-000530,02/06/2025,02-February,5-Thursday,12:00,1200 Hours,District 1 (Central),ANKENY,POLK,77,SW STATE ST SW VINTAGE PARKWAY,Collision with:  Vehicle in traffic,On Roadway,Head-on (front to front),Ran Traffic Signal,None Indicated,None apparent,Daylight,Dry,Clear,None apparent,Intersection:  Four-way intersection,Paved,,Property Damage Only,0,0,0,0,0,0,13000,2,2,Southbound (SB),POINT (-93.621138432568 41.71278279426)
20251467361,2025001062,02/06/2025,02-February,5-Thursday,09:14,0900 Hours,District 6 (East Central),IOWA CITY,JOHNSON,77,GOVERNOR ST AND BURLINGTON ST AND IA 1 N,Collision with:  Vehicle in traffic,On Roadway,Rear-end (front to rear),Lost Control,None Indicated,None apparent,Daylight,Ice/frost,Cloudy,"Surface condition (e.g., wet, icy)",Intersection:  Four-way intersection,Paved,,Property Damage Only,0,0,0,0,0,0,5000,2,2,Northbound (NB),POINT (-91.522885875576 41.65775368951)