Iowa DOT Case Number,Law Enforcement Case Number,Date of Crash,Month of Crash,Day of Week,Time of Crash,Hour,DOT District,City Name,County Name,Route with System,Location Description,First Harmful Event,Location of First Harmful Event,Manner of Crash/Collision,Major Cause,Drug or Alcohol ,Environmental Conditions,Light Conditions,Surface Conditions,Weather Conditions,Roadway Contribution,Roadway Type,Roadway Surface,Work Zone,Crash Severity,Number of Fatalities,Number of Injuries,Number of Major Injuries,Number of Minor Injuries,Number of Possible Injuries,Number of Unknown Injuries,Amount of Property Damage,Number of Vehicles Involved,Total Number of Occupants,Travel Direction,Location
20251467375,2501686,02/06/2025,02-February,5-Thursday,10:00,1000 Hours,District 5 (Southeast),WASHINGTON,WASHINGTON,77,SOUTH 4TH AVE,Collision with:  Vehicle in traffic,On Roadway,Rear-end (front to rear),Other (explain in narrative):  Other,None Indicated,Weather conditions,Daylight,Ice/frost,Cloudy,"Slippery, loose, or worn surface",Non-intersection:  Non-junction/no special feature,Paved,,Property Damage Only,0,0,0,0,0,0,6500,2,23,Northbound (NB),POINT (-91.688032585007 41.295776980221)
20251467254,25-001269,02/06/2025,02-February,5-Thursday,00:06,0000 Hours,District 2 (Northeast),,CLAYTON,77,BELL RD,Non-collision events:  Overturn/rollover,On Roadway,Non-collision (single vehicle),Driving too fast for conditions,None Indicated,Weather conditions,Dark - roadway not lighted,Ice/frost,Freezing rain/drizzle,"Surface condition (e.g., wet, icy)",Non-intersection:  Non-junction/no special feature,Paved,,Property Damage Only,0,0,0,0,0,0,7000,1,1,Southbound (SB),POINT (-91.582577514054 42.789664394874)
20251467357,20250003150,02/06/2025,02-February,5-Thursday,07:29,0700 Hours,District 1 (Central),DES MOINES,POLK,77,37 E GRAY ST,Collision with:  Parked motor vehicle,On Roadway,Other (explain in narrative),Other (explain in narrative):  Other,None Indicated,Weather conditions,Dawn,Ice/frost,Clear,"Surface condition (e.g., wet, icy)",Non-intersection:  Non-junction/no special feature,Paved,,Property Damage Only,0,0,0,0,0,0,3000,2,8,Southbound (SB),POINT (-93.612941046885 41.567144797353)
20251467540,25000408,02/06/2025,02-February,5-Thursday,08:47,0800 Hours,District 1 (Central),AMES,STORY,77,HIGH AVE,Collision with:  Vehicle in traffic,On Roadway,Broadside (front to side),FTYROW:  At uncontrolled intersection,None Indicated,Weather conditions,Daylight,Ice/frost,Clear,"Surface condition (e.g., wet, icy)",Intersection:  Four-way intersection,Paved,,Property Damage Only,0,0,0,0,0,0,13000,2,3,Northbound (NB),POINT (-93.60780565329 42.021715968969)
20251467487,25-000132,02/06/2025,02-February,5-Thursday,18:19,1800 Hours,District 1 (Central),,STORY,77,NORTH DAYTON AVE,Collision with:  Animal,Unknown,Non-collision (single vehicle),Animal,None Indicated,Animal in roadway,,,,,,Paved,,Property Damage Only,0,0,0,0,0,0,5000,1,1,Northbound (NB),POINT (-93.58147383144 42.072054865657)
20251467347,25-00572,02/06/2025,02-February,5-Thursday,07:54,0700 Hours,District 1 (Central),WEST DES MOINES,POLK,77,28TH ST and WOODLAND AVE,Collision with fixed object:  Utility pole/light support,On Roadway,Non-collision (single vehicle),Other (explain in narrative):  Other,None Indicated,Weather conditions,Dawn,Ice/frost,Other (explain in narrative),"Surface condition (e.g., wet, icy)",Intersection:  Four-way intersection,Paved,,Property Damage Only,0,0,0,0,0,0,2500,1,1,Northbound (NB),POINT (-93.742123192775 41.590036590244)
20251467967,2025-5246,02/06/2025,02-February,5-Thursday,00:10,0000 Hours,District 6 (East Central),DAVENPORT,SCOTT,77,210 ST,Collision with:  Parked motor vehicle,On Roadway,Other (explain in narrative),Driving too fast for conditions,None Indicated,Weather conditions,Dark - roadway not lighted,Ice/frost,Freezing rain/drizzle,"Surface condition (e.g., wet, icy)",Non-intersection:  Non-junction/no special feature,Paved,,Property Damage Only,0,0,0,0,0,0,3002,2,2,Southbound (SB),POINT (-90.577250619343 41.610976127836)
20251468100,25-00286,02/06/2025,02-February,5-Thursday,14:54,1400 Hours,District 1 (Central),URBANDALE,POLK,77,6500 BLOCK DOUGLAS AVE,Collision with:  Vehicle in traffic,On Roadway,Rear-end (front to rear),Followed too close,None Indicated,None apparent,Daylight,Dry,Clear,None apparent,Non-intersection:  Non-junction/no special feature,Paved,,Property Damage Only,0,0,0,0,0,0,1500,2,3,Southbound (SB),POINT (-93.706786821112 41.629386530395)
20251467473,20250003141,02/06/2025,02-February,5-Thursday,05:20,0500 Hours,District 1 (Central),DES MOINES,POLK,77,910 LEWIS AVE,Non-collision events:  Other non-collision (explain in narrative),On Roadway,Other (explain in narrative),Swerving/Evasive Action,None Indicated,Weather conditions,Dark - roadway lighted,Ice/frost,Freezing rain/drizzle,"Surface condition (e.g., wet, icy)",Non-intersection:  Non-junction/no special feature,Paved,,Property Damage Only,0,0,0,0,0,0,17500,3,3,Northbound (NB),POINT (-93.625744658273 41.544179270988)
20251468220,25001327,02/06/2025,02-February,5-Thursday,05:30,0500 Hours,District 1 (Central),,WRIGHT,77,320TH ST,Collision with:  Vehicle in traffic,On Roadway,Rear-end (front to rear),Passing:  Other passing (explain in narrative),None Indicated,Weather conditions,Dark - roadway not lighted,Ice/frost,Freezing rain/drizzle,"Surface condition (e.g., wet, icy)","Non-intersection:  Driveway access (related, not in)",Paved,,Property Damage Only,0,0,0,0,0,0,5000,2,3,Southbound (SB),POINT (-93.91452492551 42.586992929049)
20251467405,2507552,02/06/2025,02-February,5-Thursday,09:00,0900 Hours,District 6 (East Central),,CLINTON,77,170TH ST AND 352ND AVE MEASURING 1925 FEET NORTH FROM 170TH ST AND 352ND AVE,Collision with fixed object:  Ditch,On Roadway,Non-collision (single vehicle),Ran off road - straight,None Indicated,Weather conditions,Daylight,Ice/frost,Clear,"Surface condition (e.g., wet, icy)",Intersection:  T-intersection,Unpaved,,Property Damage Only,0,0,0,0,0,0,20250,1,1,Southbound (SB),POINT (-90.408234980968 41.931746149425)
20251467664,25-003587,02/06/2025,02-February,5-Thursday,18:50,1800 Hours,District 5 (Southeast),,LEE,77,BUSINESS US 61 SIGNED ROUTE,Collision with:  Animal,Unknown,Non-collision (single vehicle),Animal,None Indicated,Animal in roadway,,,,,,Paved,,Property Damage Only,0,0,0,0,0,0,5000,1,2,Northbound (NB),POINT (-91.271609839361 40.666890447016)
20251469877,2025003330,02/06/2025,02-February,5-Thursday,20:25,2000 Hours,District 2 (Northeast),,BLACK HAWK,77,EAST CEDAR WAPSI RD AND US 63 S AND WEST CEDAR WAPSI RD,Collision with:  Vehicle in traffic,On Roadway,Broadside (front to side),FTYROW:  Making left turn,None Indicated,None apparent,Dark - roadway not lighted,Dry,Clear,None apparent,Non-intersection:  Crossover-related,Paved,,Property Damage Only,0,0,0,0,0,0,11000,2,3,Southbound (SB),POINT (-92.337816651431 42.614233295013)
20251468375,25-000854,02/06/2025,02-February,5-Thursday,22:55,2200 Hours,District 2 (Northeast),OELWEIN,FAYETTE,77,5TH ST NW,Collision with:  Parked motor vehicle,On Roadway,Rear to side,"Operating vehicle in an reckless, erratic, careless, negligent manner",None Indicated,None apparent,Dark - roadway not lighted,Dry,Clear,None apparent,Non-intersection:  Non-junction/no special feature,Paved,,Property Damage Only,0,0,0,0,0,0,10000,2,3,Southbound (SB),POINT (-91.914576447364 42.684382029661)
20251467330,25SC03304,02/06/2025,02-February,5-Thursday,09:31,0900 Hours,District 3 (Northwest),SIOUX CITY,WOODBURY,77,PEARL ST,Collision with:  Vehicle in traffic,On Roadway,Rear-end (front to rear),"Operating vehicle in an reckless, erratic, careless, negligent manner",None Indicated,None apparent,Daylight,Dry,Clear,None apparent,Non-intersection:  Non-junction/no special feature,Paved,,Property Damage Only,0,0,0,0,0,0,3000,2,2,Northbound (NB),POINT (-96.40817412586 42.490403791684)
20251467376,250327,02/06/2025,02-February,5-Thursday,09:30,0900 Hours,District 2 (Northeast),HAMPTON,FRANKLIN,77,5TH ST NE,Collision with:  Vehicle in traffic,On Roadway,Broadside (front to side),Driving too fast for conditions,None Indicated,None apparent,Daylight,Ice/frost,Clear,"Surface condition (e.g., wet, icy)",Intersection:  T-intersection,Paved,,Property Damage Only,0,0,0,0,0,0,4000,2,2,Northbound (NB),POINT (-93.199399326815 42.751714600192)
20251467424,2025001093,02/06/2025,02-February,5-Thursday,17:48,1700 Hours,District 6 (East Central),IOWA CITY,JOHNSON,US 6,KEOKUK ST AND US 6 W,Collision with:  Vehicle in traffic,On Roadway,Broadside (front to side),Ran Traffic Signal,None Indicated,None apparent,Dawn,Dry,Clear,None apparent,Intersection:  Four-way intersection,Paved,,Property Damage Only,0,0,0,0,0,0,6000,2,3,Westbound (WB),POINT (-91.524212985491 41.643287703831)
20251467481,202500001462,02/06/2025,02-February,5-Thursday,16:06,1600 Hours,District 6 (East Central),MARION,LINN,77,2000 BLK 8TH AVE,Collision with:  Vehicle in traffic,On Roadway,Rear-end (front to rear),Followed too close,None Indicated,None apparent,Daylight,Dry,Clear,None apparent,"Non-intersection:  Driveway access (related, not in)",Paved,,Property Damage Only,0,0,0,0,0,0,1800,2,3,Southbound (SB),POINT (-91.590031272548 42.0341725429)
20251467447,2502-00473,02/06/2025,02-February,5-Thursday,16:01,1600 Hours,District 4 (Southwest),MOUNT AYR,RINGGOLD,77,MONROE ST,Collision with:  Vehicle in traffic,On Roadway,"Sideswipe, opposite direction",FTYROW:  From driveway,None Indicated,None apparent,Daylight,Dry,Clear,None apparent,"Non-intersection:  Driveway access (related, not in)",Paved,,Property Damage Only,0,0,0,0,0,0,2300,2,5,Southbound (SB),POINT (-94.240155390954 40.713831920817)
20251467735,25-00174,02/06/2025,02-February,5-Thursday,11:22,1100 Hours,District 1 (Central),WEST DES MOINES,POLK,77,10000 UNIVERSITY AVE,Collision with:  Vehicle in traffic,On Roadway,"Angle, oncoming left turn",FTYROW:  Making left turn,None Indicated,None apparent,Daylight,Dry,Clear,None apparent,Intersection:  Four-way intersection,Paved,,Possible/Unknown,0,2,0,0,2,0,3000,2,2,Southbound (SB),POINT (-93.751949807972 41.600403089577)
20251467314,20250003160,02/06/2025,02-February,5-Thursday,08:14,0800 Hours,District 1 (Central),DES MOINES,POLK,77,HOLCOMB AVE MEASURING 61 FEET EAST FROM HOLCOMB CIR,Collision with:  Parked motor vehicle,On Roadway,Rear-end (front to rear),"Operating vehicle in an reckless, erratic, careless, negligent manner",None Indicated,None apparent,Daylight,Ice/frost,Clear,None apparent,Non-intersection:  Non-junction/no special feature,Paved,,Property Damage Only,0,0,0,0,0,0,3500,2,2,Southbound (SB),POINT (-93.707917231421 41.617490099459)
20251467298,25-0056,02/06/2025,02-February,5-Thursday,08:25,0800 Hours,District 1 (Central),,WEBSTER,77,200TH ST,Collision with fixed object:  Ditch,Roadside,Non-collision (single vehicle),Ran off road - left,None Indicated,None apparent,Daylight,Ice/frost,Clear,None apparent,Non-intersection:  Non-junction/no special feature,Paved,,Property Damage Only,0,0,0,0,0,0,3000,1,1,Southbound (SB),POINT (-94.084025358593 42.501158427867)
20251467389,2025-000854,02/06/2025,02-February,5-Thursday,13:30,1300 Hours,District 6 (East Central),DUBUQUE,DUBUQUE,US 52,SEIPPEL RD AND US 52 N,Collision with fixed object:  Traffic signal support,On Roadway,Non-collision (single vehicle),Other (explain in narrative):  Other,None Indicated,None apparent,Daylight,Dry,Clear,None apparent,Intersection:  Four-way intersection,Paved,,Property Damage Only,0,0,0,0,0,0,1800,1,1,Northbound (NB),POINT (-90.763274787729 42.475836003905)
20251467541,25000409,02/06/2025,02-February,5-Thursday,08:43,0800 Hours,District 1 (Central),AMES,STORY,77,SOUTH 16TH ST,Collision with:  Vehicle in traffic,On Roadway,"Sideswipe, same direction",Driving too fast for conditions,None Indicated,None apparent,Daylight,Wet,Clear,None apparent,Non-intersection:  Non-junction/no special feature,Paved,,Property Damage Only,0,0,0,0,0,0,2200,2,3,Southbound (SB),POINT (-93.610878792572 42.008369901764)
20251467422,25-00581,02/06/2025,02-February,5-Thursday,16:07,1600 Hours,District 1 (Central),WEST DES MOINES,POLK,77,1000-BLK 50TH ST,Collision with:  Vehicle in traffic,On Roadway,Rear-end (front to rear),Driving too fast for conditions,None Indicated,None apparent,Daylight,Dry,Clear,"Traffic backup, regular congestion",Non-intersection:  Non-junction/no special feature,Paved,,Possible/Unknown,0,1,0,0,1,0,1000,2,2,Northbound (NB),POINT (-93.771086840354 41.589089374288)
20251469140,24-0741,02/06/2025,02-February,5-Thursday,01:44,0100 Hours,District 3 (Northwest),,IDA,US 20,US 20 W,Collision with fixed object:  Ditch,On Roadway,Non-collision (single vehicle),Ran Stop Sign,Under Influence of Alcohol/Drugs/Medications,None apparent,Dark - roadway lighted,Ice/frost,Clear,"Surface condition (e.g., wet, icy)",Unknown,Paved,,Possible/Unknown,0,1,0,0,1,0,15000,1,1,Westbound (WB),POINT (-95.574310196565 42.474627213962)
20251467542,25001044,02/06/2025,02-February,5-Thursday,07:25,0700 Hours,District 3 (Northwest),,MONONA,77,E16,Non-collision events:  Overturn/rollover,Roadside,Non-collision (single vehicle),Ran off road - right,None Indicated,None apparent,Daylight,Ice/frost,Clear,"Surface condition (e.g., wet, icy)",Non-intersection:  Non-junction/no special feature,Paved,,Property Damage Only,0,0,0,0,0,0,8000,1,2,Southbound (SB),POINT (-95.688312174202 42.168063935041)
20251467386,25020572,02/06/2025,02-February,5-Thursday,14:15,1400 Hours,District 6 (East Central),,JOHNSON,77,DUBUQUE ST,Collision with:  Vehicle in traffic,On Roadway,Rear-end (front to rear),Followed too close,None Indicated,None apparent,Daylight,Dry,Clear,None apparent,Non-intersection:  Non-junction/no special feature,Paved,,Property Damage Only,0,0,0,0,0,0,7500,2,4,Northbound (NB),POINT (-91.551044674881 41.713657265221)
20251467418,2025-000856,02/06/2025,02-February,5-Thursday,15:04,1500 Hours,District 6 (East Central),DUBUQUE,DUBUQUE,77,KERPER COURT MEASURING 487 FEET WEST FROM KERPER BLVD,Collision with:  Vehicle in traffic,On Roadway,"Angle, oncoming left turn",Lost Control,None Indicated,None apparent,Daylight,Dry,Clear,None apparent,Non-intersection:  Non-junction/no special feature,Paved,,Property Damage Only,0,0,0,0,0,0,1500,2,2,Southbound (SB),POINT (-90.656730929008 42.51469794213)
20251467641,C25000521,02/06/2025,02-February,5-Thursday,19:41,1900 Hours,District 6 (East Central),CORALVILLE,JOHNSON,US 6,US 6 E,Collision with:  Vehicle in traffic,On Roadway,Other (explain in narrative),Driver Distraction:  Other interior distraction,Refused,None apparent,Dark - roadway lighted,Dry,Clear,None apparent,Non-intersection:  Non-junction/no special feature,Paved,,Minor Injury,0,3,0,2,1,0,51000,3,3,Southbound (SB),POINT (-91.599740129391 41.68373691842)
20251469265,2025-8547,02/06/2025,02-February,5-Thursday,09:34,0900 Hours,District 6 (East Central),DAVENPORT,SCOTT,77,EAST PLEASANT ST MEASURING 76 FEET EAST FROM LORTON AVE,Collision with:  Parked motor vehicle,On Roadway,Unknown,Unknown,None Indicated,None apparent,Daylight,Ice/frost,Cloudy,"Surface condition (e.g., wet, icy)",Non-intersection:  Non-junction/no special feature,Paved,,Property Damage Only,0,0,0,0,0,0,2500,2,1,Southbound (SB),POINT (-90.536756442017 41.539469457196)
20251467437,20250003227,02/06/2025,02-February,5-Thursday,17:00,1700 Hours,District 1 (Central),DES MOINES,POLK,77,GRAND AVE MEASURING 18 FEET WEST FROM 28TH ST,Collision with:  Vehicle in traffic,On Roadway,Head-on (front to front),Made improper turn,None Indicated,None apparent,Dark - roadway lighted,Dry,Clear,None apparent,Intersection:  T-intersection,Paved,,Property Damage Only,0,0,0,0,0,0,5500,2,2,Southbound (SB),POINT (-93.654541363838 41.584389600522)
20251467377,2507506,02/06/2025,02-February,5-Thursday,05:59,0500 Hours,District 6 (East Central),,CLINTON,77,350TH AVE AND 292ND ST,Non-collision events:  Overturn/rollover,On Roadway,Non-collision (single vehicle),Driving too fast for conditions,None Indicated,Weather conditions,Dark - roadway lighted,Ice/frost,Cloudy,"Surface condition (e.g., wet, icy)",Intersection:  T-intersection,Paved,,Major Injury,0,1,1,0,0,0,15000,1,1,Southbound (SB),POINT (-90.41310383274 41.753746516517)
20251467465,25-00279,02/06/2025,02-February,5-Thursday,08:42,0800 Hours,District 4 (Southwest),URBANDALE,DALLAS,77,14700 BLK DOUGLAS PARKWAY,Collision with:  Vehicle in traffic,On Roadway,Rear-end (front to rear),Driving too fast for conditions,None Indicated,None apparent,Daylight,Ice/frost,Clear,"Surface condition (e.g., wet, icy)",Intersection:  Four-way intersection,Paved,,Property Damage Only,0,0,0,0,0,0,2000,2,3,Southbound (SB),POINT (-93.821975108523 41.629269077271)
20251469028,C25000508,02/06/2025,02-February,5-Thursday,08:11,0800 Hours,District 6 (East Central),CORALVILLE,JOHNSON,77,2ND ST/WESTCORE DR,Collision with fixed object:  Utility pole/light support,On Roadway,Non-collision (single vehicle),Driving too fast for conditions,None Indicated,None apparent,Daylight,Ice/frost,Clear,"Surface condition (e.g., wet, icy)",Intersection:  T-intersection,Paved,,Property Damage Only,0,0,0,0,0,0,20000,1,1,Southbound (SB),POINT (-91.637987936398 41.70404773283)
20251467648,CG2500141,02/06/2025,02-February,5-Thursday,17:28,1700 Hours,District 2 (Northeast),,CERRO GORDO,77,QUAIL AVE AND 245TH ST,Collision with:  Animal,On Roadway,Non-collision (single vehicle),Animal,None Indicated,Animal in roadway,,,,,,Unpaved,,Property Damage Only,0,0,0,0,0,0,5000,1,2,Northbound (NB),POINT (-93.181387304071 43.119075219689)
20251469143,C25000516,02/06/2025,02-February,5-Thursday,15:18,1500 Hours,District 6 (East Central),CORALVILLE,JOHNSON,US 6,10 BLK  US 6 E,Collision with:  Vehicle in traffic,On Roadway,Rear-end (front to rear),Followed too close,None Indicated,None apparent,Daylight,Dry,Clear,None apparent,Non-intersection:  Non-junction/no special feature,Paved,,Property Damage Only,0,0,0,0,0,0,18000,2,2,Southbound (SB),POINT (-91.563740006039 41.6682151267)
20251467362,2025001063,02/06/2025,02-February,5-Thursday,09:44,0900 Hours,District 6 (East Central),IOWA CITY,JOHNSON,77,COLLEGE ST,Collision with:  Parked motor vehicle,On Roadway,Rear-end (front to rear),Driving too fast for conditions,None Indicated,Weather conditions,Daylight,Ice/frost,Cloudy,"Surface condition (e.g., wet, icy)",Non-intersection:  Non-junction/no special feature,Paved,,Property Damage Only,0,0,0,0,0,0,10000,2,2,Southbound (SB),POINT (-91.520181607906 41.658889788438)
20251467329,25SC03295,02/06/2025,02-February,5-Thursday,06:12,0600 Hours,District 3 (Northwest),SIOUX CITY,WOODBURY,77,WEST 23RD ST,Collision with:  Vehicle in traffic,On Roadway,Head-on (front to front),Ran Stop Sign,None Indicated,None apparent,Dark - roadway lighted,Dry,Clear,None apparent,Intersection:  Four-way intersection,Paved,,Property Damage Only,0,0,0,0,0,0,6000,2,2,Southbound (SB),POINT (-96.41822099988 42.514227194597)
20251467816,2025-8627,02/06/2025,02-February,5-Thursday,16:37,1600 Hours,District 6 (East Central),DAVENPORT,SCOTT,I-280,I 280 E,Non-collision events:  Overturn/rollover,Median,Non-collision (single vehicle),Ran off road - left,None Indicated,None apparent,Daylight,Dry,Cloudy,None apparent,Non-intersection:  Non-junction/no special feature,Paved,,Minor Injury,0,1,0,1,0,0,15000,1,1,Southbound (SB),POINT (-90.678976973994 41.563531752366)
20251467269,2503286,02/06/2025,02-February,5-Thursday,01:12,0100 Hours,District 3 (Northwest),SIOUX CITY,WOODBURY,77,11TH ST AND FLOYD BLVD,Collision with:  Vehicle in traffic,On Roadway,Head-on (front to front),Exceeded authorized speed,Refused,None apparent,Dark - roadway lighted,Wet,Clear,None apparent,Intersection:  Four-way intersection,Paved,,Property Damage Only,0,0,0,0,0,0,20280,2,3,Northbound (NB),POINT (-96.393526962202 42.5018964322)
20251467852,25-00000221,02/06/2025,02-February,5-Thursday,07:25,0700 Hours,District 1 (Central),JOHNSTON,POLK,77,Off Roadway/Roadway Not Found,Collision with fixed object:  Curb/island/raised median,On Roadway,Non-collision (single vehicle),Lost Control,None Indicated,Weather conditions,Dawn,Ice/frost,Clear,"Surface condition (e.g., wet, icy)",Intersection:  T-intersection,Paved,,Property Damage Only,0,0,0,0,0,0,5000,1,1,Eastbound (EB),POINT (-93.7567070279 41.677833296741)
20251467907,25001540,02/06/2025,02-February,5-Thursday,09:42,0900 Hours,District 2 (Northeast),,HANCOCK,77,330TH ST,Collision with fixed object:  Ditch,On Roadway,Non-collision (single vehicle),Driving too fast for conditions,None Indicated,None apparent,Daylight,Ice/frost,Clear,"Surface condition (e.g., wet, icy)",Non-intersection:  Non-junction/no special feature,Paved,,Possible/Unknown,0,1,0,0,1,0,7000,1,1,Southbound (SB),POINT (-93.555329866181 43.242029321112)
20251467679,25-000539,02/06/2025,02-February,5-Thursday,16:43,1600 Hours,District 1 (Central),ANKENY,POLK,I-35,"RAMP I 35 N TO EAST 1ST ST, E",Collision with:  Vehicle in traffic,On Roadway,Rear-end (front to rear),Other (explain in narrative):  Other,None Indicated,None apparent,Daylight,Dry,Clear,None apparent,Interchange-related:  Off-ramp,Paved,,Property Damage Only,0,0,0,0,0,0,5500,2,2,Northbound (NB),POINT (-93.576042524706 41.729599685001)
20251467605,2025001091,02/06/2025,02-February,5-Thursday,17:23,1700 Hours,District 6 (East Central),IOWA CITY,JOHNSON,77,LOWER MUSCATINE RD,Collision with:  Vehicle in traffic,On Roadway,Rear-end (front to rear),Driver Distraction:  Inattentive/lost in thought,None Indicated,None apparent,Dusk,Dry,Clear,None apparent,Intersection:  Four-way intersection,Paved,,Property Damage Only,0,0,0,0,0,0,2800,2,3,Northbound (NB),POINT (-91.508052906181 41.643205146026)
20251467898,25-1517,02/07/2025,02-February,6-Friday,14:27,1400 Hours,District 3 (Northwest),CARROLL,CARROLL,US 30,US 30 E,Collision with:  Vehicle in traffic,On Roadway,Head-on (front to front),FTYROW:  Making left turn,None Indicated,None apparent,Daylight,Dry,Clear,None apparent,Non-intersection:  Driveway access (within),Paved,,Property Damage Only,0,0,0,0,0,0,3500,2,2,Southbound (SB),POINT (-94.881037549071 42.075365871033)
20251469280,C25000529,02/07/2025,02-February,6-Friday,13:13,1300 Hours,District 6 (East Central),CORALVILLE,JOHNSON,77,CORAL RIDGE AVE / COMMERCE DR,Collision with:  Vehicle in traffic,On Roadway,Rear-end (front to rear),Driver Distraction:  Exterior distraction,None Indicated,None apparent,Daylight,Dry,Clear,None apparent,Non-intersection:  Non-junction/no special feature,Paved,,Property Damage Only,0,0,0,0,0,0,3500,2,2,Westbound (WB),POINT (-91.608427347533 41.695983677112)
20251467609,20250003332,02/07/2025,02-February,6-Friday,17:00,1700 Hours,District 1 (Central),DES MOINES,POLK,77,MORTON AVE MEASURING 300 FEET EAST FROM EAST 42ND ST,Collision with:  Parked motor vehicle,On Roadway,"Sideswipe, same direction",Unknown,None Indicated,None apparent,Unknown,Dry,Unknown,None apparent,Non-intersection:  Non-junction/no special feature,Paved,,Possible/Unknown,0,1,0,0,0,1,3000,2,1,Southbound (SB),POINT (-93.530997442625 41.621001498756)
20251467860,2025-04120,02/07/2025,02-February,6-Friday,19:10,1900 Hours,District 5 (Southeast),,WARREN,77,S23 HIGHWAY,Collision with:  Animal,Unknown,Non-collision (single vehicle),Animal,None Indicated,Animal in roadway,,,,,,Paved,,Property Damage Only,0,0,0,0,0,0,1500,1,2,Northbound (NB),POINT (-93.434845355298 41.393211679103)
20251467539,25000233,02/07/2025,02-February,6-Friday,08:10,0800 Hours,District 6 (East Central),IOWA CITY,JOHNSON,77,39 HAWKEYE WAVE WAY,Collision with:  Vehicle in traffic,On Roadway,"Sideswipe, opposite direction",Unknown,None Indicated,None apparent,Daylight,Dry,Clear,None apparent,Non-intersection:  Non-junction/no special feature,Unpaved,,Property Damage Only,0,0,0,0,0,0,2500,2,2,Northbound (NB),POINT (-91.547417947009 41.657958314396)
20251467803,25SC03427,02/07/2025,02-February,6-Friday,16:49,1600 Hours,District 3 (Northwest),SIOUX CITY,WOODBURY,77,18TH ST,Collision with:  Vehicle in traffic,On Roadway,Broadside (front to side),Ran Stop Sign,None Indicated,None apparent,Daylight,Dry,Clear,None apparent,Intersection:  Four-way intersection,Paved,,Property Damage Only,0,0,0,0,0,0,6500,2,2,Southbound (SB),POINT (-96.403509280591 42.509136820404)
20251469209,25002423,02/07/2025,02-February,6-Friday,07:41,0700 Hours,District 5 (Southeast),OSKALOOSA,MAHASKA,IA-92,IA 92 E,Collision with:  Vehicle in traffic,On Roadway,"Sideswipe, same direction",Made improper turn,None Indicated,None apparent,Daylight,Dry,Clear,None apparent,Intersection:  Four-way intersection,Paved,,Property Damage Only,0,0,0,0,0,0,7700,2,2,Southbound (SB),POINT (-92.645286565784 41.296239733552)
20251467881,25003639,02/07/2025,02-February,6-Friday,03:30,0300 Hours,District 5 (Southeast),KEOKUK,LEE,US 136,3400 BLOCK OF S 7TH ST,Non-collision events:  Overturn/rollover,On Roadway,Non-collision (single vehicle),Driver Distraction:  Exterior distraction,None Indicated,None apparent,Dark - unknown roadway lighting,Dry,Clear,None apparent,Non-intersection:  Non-junction/no special feature,Paved,,Possible/Unknown,0,1,0,0,1,0,10000,1,1,Southbound (SB),POINT (-91.42666064113 40.389666033578)
20251467606,2025001140,02/07/2025,02-February,6-Friday,15:27,1500 Hours,District 6 (East Central),IOWA CITY,JOHNSON,77,1800 N DUBUQUE ST,Collision with:  Vehicle in traffic,On Roadway,"Sideswipe, same direction",Improper or erratic lane changing,None Indicated,None apparent,Daylight,Dry,Clear,None apparent,Intersection:  Four-way intersection,Paved,,Property Damage Only,0,0,0,0,0,0,2000,2,3,Northbound (NB),POINT (-91.534644935833 41.680475377669)
20251467659,25-928,02/07/2025,02-February,6-Friday,14:00,1400 Hours,District 1 (Central),,POLK,US 69,US 69 N,Collision with:  Vehicle in traffic,On Roadway,Broadside (front to side),Unknown,None Indicated,None apparent,Daylight,Dry,Clear,None apparent,Non-intersection:  Non-junction/no special feature,Paved,,Property Damage Only,0,0,0,0,0,0,3000,2,4,Northbound (NB),POINT (-93.600470394261 41.63863795683)
20251467623,25-001046,02/07/2025,02-February,6-Friday,22:09,2200 Hours,District 3 (Northwest),EMMETSBURG,PALO ALTO,US 18,US 18 E,Collision with:  Animal,Unknown,Non-collision (single vehicle),Animal,None Indicated,Animal in roadway,,,,,,Paved,,Property Damage Only,0,0,0,0,0,0,5000,1,1,Southbound (SB),POINT (-94.698766892284 43.119241111273)
20251468215,C25000533,02/07/2025,02-February,6-Friday,18:00,1800 Hours,District 6 (East Central),CORALVILLE,JOHNSON,US 6,10 BLOCK 2ND ST,Collision with:  Vehicle in traffic,On Roadway,Rear-end (front to rear),"Operating vehicle in an reckless, erratic, careless, negligent manner",None Indicated,None apparent,Dark - roadway lighted,Dry,Clear,None apparent,Non-intersection:  Non-junction/no special feature,Paved,,Possible/Unknown,0,2,0,0,1,1,2000,2,2,Southbound (SB),POINT (-91.560062219723 41.666691976642)
20251467657,2025-2007,02/07/2025,02-February,6-Friday,11:42,1100 Hours,District 6 (East Central),DAVENPORT,SCOTT,77,NORTH DIVISION ST,Collision with:  Vehicle in traffic,On Roadway,"Angle, oncoming left turn",FTYROW:  From stop sign,None Indicated,None apparent,Daylight,Dry,Clear,None apparent,Intersection:  T-intersection,Paved,,Property Damage Only,0,0,0,0,0,0,4000,2,2,Northbound (NB),POINT (-90.600643875829 41.563264958359)