Iowa DOT Case Number,Law Enforcement Case Number,Date of Crash,Month of Crash,Day of Week,Time of Crash,Hour,DOT District,City Name,County Name,Route with System,Location Description,First Harmful Event,Location of First Harmful Event,Manner of Crash/Collision,Major Cause,Drug or Alcohol ,Environmental Conditions,Light Conditions,Surface Conditions,Weather Conditions,Roadway Contribution,Roadway Type,Roadway Surface,Work Zone,Crash Severity,Number of Fatalities,Number of Injuries,Number of Major Injuries,Number of Minor Injuries,Number of Possible Injuries,Number of Unknown Injuries,Amount of Property Damage,Number of Vehicles Involved,Total Number of Occupants,Travel Direction,Location
20251467510,2507696,02/07/2025,02-February,6-Friday,05:21,0500 Hours,District 6 (East Central),,CLINTON,US 67,US 67 N MEASURING 270 FEET WEST FROM 292ND ST,Collision with:  Animal,Unknown,Non-collision (single vehicle),Animal,None Indicated,Animal in roadway,,,,,,Paved,,Property Damage Only,0,0,0,0,0,0,8000,1,1,Northbound (NB),POINT (-90.350930481509 41.752130792513)
20251469221,25-00607,02/07/2025,02-February,6-Friday,21:54,2100 Hours,District 1 (Central),WEST DES MOINES,DALLAS,77,MILLS CIVIC PARKWAY,Collision with fixed object:  Curb/island/raised median,On Roadway,Non-collision (single vehicle),Driver Distraction:  Other electronic device activity,Refused,None apparent,Dark - roadway lighted,Dry,Clear,None apparent,Non-intersection:  Non-junction/no special feature,Paved,,Property Damage Only,0,0,0,0,0,0,50000,1,1,Westbound (WB),POINT (-93.794596744876 41.560250263842)
20251467970,25-001466,02/07/2025,02-February,6-Friday,16:58,1600 Hours,District 4 (Southwest),ATLANTIC,CASS,77,BIRCH ST,Collision with:  Vehicle in traffic,On Roadway,Head-on (front to front),FTYROW:  Making left turn,None Indicated,None apparent,Daylight,Dry,Clear,None apparent,Non-intersection:  Non-junction/no special feature,Paved,,Property Damage Only,0,0,0,0,0,0,3000,2,2,Northbound (NB),POINT (-95.018485586166 41.401059648066)
20251467656,MC25000435,02/07/2025,02-February,6-Friday,14:30,1400 Hours,District 2 (Northeast),MASON CITY,CERRO GORDO,IA-122,IA 122 E MEASURING 336 FEET WEST FROM SOUTH GROVER AVE,Collision with:  Vehicle in traffic,On Roadway,Rear-end (front to rear),Followed too close,None Indicated,None apparent,Daylight,Dry,Clear,None apparent,Non-intersection:  Non-junction/no special feature,Paved,,Property Damage Only,0,0,0,0,0,0,1800,2,2,Southbound (SB),POINT (-93.234995933229 43.148315564238)
20251468117,202501729,02/07/2025,02-February,6-Friday,20:50,2000 Hours,District 6 (East Central),CEDAR RAPIDS,LINN,77,F AVE NW AND EDGEWOOD RD NW,Collision with:  Vehicle in traffic,On Roadway,Rear-end (front to rear),Driver Distraction:  Exterior distraction,Alcohol (Statutory),None apparent,Dark - roadway lighted,Dry,Clear,None apparent,Non-intersection:  Non-junction/no special feature,Paved,,Property Damage Only,0,0,0,0,0,0,3000,2,2,Southbound (SB),POINT (-91.715914210927 41.980107565941)
20251468742,CFS2501293,02/07/2025,02-February,6-Friday,17:09,1700 Hours,District 2 (Northeast),DECORAH,WINNESHIEK,IA-9,IA 9 E,Collision with:  Vehicle in traffic,On Roadway,Other (explain in narrative),Ran off road - right,None Indicated,None apparent,Dusk,Dry,Clear,None apparent,Non-intersection:  Non-junction/no special feature,Paved,,Minor Injury,0,3,0,1,2,0,10700,2,3,Southbound (SB),POINT (-91.739104104104 43.277704768141)
20251467840,25-3874,02/07/2025,02-February,6-Friday,22:27,2200 Hours,District 1 (Central),,JASPER,77,HIGHWAY S-74 SOUTH,Collision with:  Animal,Unknown,Non-collision (single vehicle),Animal,None Indicated,Animal in roadway,,,,,,Paved,,Property Damage Only,0,0,0,0,0,0,6000,1,1,Northbound (NB),POINT (-93.037188106917 41.642686295554)
20251467709,25000908,02/07/2025,02-February,6-Friday,21:51,2100 Hours,District 2 (Northeast),,ALLAMAKEE,77,PATTERSON CREEK DR,Non-collision events:  Overturn/rollover,Shoulder,Non-collision (single vehicle),Ran off road - left,None Indicated,None apparent,Dark - roadway not lighted,Dry,Clear,None apparent,Non-intersection:  Non-junction/no special feature,Unpaved,,Property Damage Only,0,0,0,0,0,0,8000,1,2,Northbound (NB),POINT (-91.553473157962 43.343418969912)
20251468972,E25-010548,02/07/2025,02-February,6-Friday,01:30,0100 Hours,District 2 (Northeast),EVANSDALE,BLACK HAWK,77,BOELLING AVE AND CENTRAL AVE,Collision with:  Vehicle in traffic,Unknown,Rear-end (front to rear),Exceeded authorized speed,None Indicated,None apparent,Dark - roadway lighted,Dry,Clear,None apparent,Intersection:  Four-way intersection,Paved,,Possible/Unknown,0,1,0,0,0,1,30000,2,6,Southbound (SB),POINT (-92.285289533688 42.469141168589)
20251468217,2025003405,02/07/2025,02-February,6-Friday,12:46,1200 Hours,District 3 (Northwest),,CLAY,US 71,HWY 71 S OF 310TH ST,Collision with:  Vehicle in traffic,On Roadway,Head-on (front to front),Traveling wrong way or on wrong side of road,None Indicated,None apparent,Daylight,Dry,Cloudy,None apparent,Non-intersection:  Non-junction/no special feature,Paved,,Fatal,2,0,0,0,0,0,45000,2,2,Northbound (NB),POINT (-95.150126560227 43.191039405053)
20251467620,25-00598,02/07/2025,02-February,6-Friday,16:53,1600 Hours,District 1 (Central),WEST DES MOINES,DALLAS,I-80,"RAMP I 80 W TO JORDAN CREEK PARKWAY, N",Collision with:  Vehicle in traffic,On Roadway,Rear-end (front to rear),Driver Distraction:  Other interior distraction,None Indicated,None apparent,Daylight,Dry,Clear,None apparent,"Interchange-related:  Off-ramp, diverge area",Paved,,Property Damage Only,0,0,0,0,0,0,2500,2,5,Westbound (WB),POINT (-93.806515288435 41.592881525037)
20251467912,250230322001,02/07/2025,02-February,6-Friday,15:12,1500 Hours,District 3 (Northwest),LAKE CITY,CALHOUN,77,EARL ST,Collision with:  Parked motor vehicle,Outside trafficway,"Sideswipe, same direction",Made improper turn,None Indicated,None apparent,Daylight,Dry,Cloudy,None apparent,Non-intersection:  Non-junction/no special feature,Paved,,Property Damage Only,0,0,0,0,0,0,3000,2,1,Northbound (NB),POINT (-94.741054575838 42.266034745787)
20251467655,202500001523,02/07/2025,02-February,6-Friday,17:08,1700 Hours,District 6 (East Central),MARION,LINN,77,BLAIRS FERRY RD/LINDALE DR,Collision with:  Vehicle in traffic,On Roadway,Head-on (front to front),FTYROW:  Making left turn,None Indicated,None apparent,Dusk,Dry,Cloudy,None apparent,Intersection:  Four-way intersection,Paved,,Minor Injury,0,2,0,2,0,0,4000,2,2,Northbound (NB),POINT (-91.623693503423 42.032257556123)
20251467916,OCFS2503435,02/07/2025,02-February,6-Friday,19:34,1900 Hours,District 5 (Southeast),OTTUMWA,WAPELLO,77,SOUTH JEFFERSON ST,Collision with:  Struck/struck by object/cargo/person from other vehicle,On Roadway,Broadside (front to side),FTYROW:  Other (explain in narrative),None Indicated,None apparent,Dark - roadway lighted,Dry,Clear,None apparent,Non-intersection:  Non-junction/no special feature,Paved,,Property Damage Only,0,0,0,0,0,0,10200,2,4,Northbound (NB),POINT (-92.415489480676 41.011237051001)
20251467596,2025-000877,02/07/2025,02-February,6-Friday,14:21,1400 Hours,District 6 (East Central),DUBUQUE,DUBUQUE,77,UNIVERSITY AVE AND GRANDVIEW AVE NORTH,Collision with:  Vehicle in traffic,On Roadway,Broadside (front to side),FTYROW:  From yield sign,None Indicated,None apparent,Daylight,Dry,Clear,None apparent,Intersection:  Roundabout,Paved,,Property Damage Only,0,0,0,0,0,0,3000,2,2,Northbound (NB),POINT (-90.688047412538 42.498278442794)
20251467651,FD25-0348,02/07/2025,02-February,6-Friday,15:45,1500 Hours,District 1 (Central),FORT DODGE,WEBSTER,77,800 N 32ND ST,Collision with:  Vehicle in traffic,On Roadway,Rear-end (front to rear),Followed too close,None Indicated,None apparent,Daylight,Dry,Clear,None apparent,Non-intersection:  Non-junction/no special feature,Paved,,Property Damage Only,0,0,0,0,0,0,8000,2,2,Northbound (NB),POINT (-94.149948916522 42.51422253745)
20251467804,25SC03438,02/07/2025,02-February,6-Friday,19:35,1900 Hours,District 3 (Northwest),SIOUX CITY,WOODBURY,77,SEGER AVE,Collision with:  Parked motor vehicle,On Roadway,Rear-end (front to rear),Driver Distraction:  Inattentive/lost in thought,None Indicated,None apparent,Dark - roadway lighted,Dry,Clear,None apparent,Intersection:  T-intersection,Paved,,Property Damage Only,0,0,0,0,0,0,7300,2,2,Southbound (SB),POINT (-96.338157938718 42.460518664271)
20251469141,25-001854,02/07/2025,02-February,6-Friday,10:09,1000 Hours,District 3 (Northwest),HAWARDEN,SIOUX,77,CENTRAL AVE,Collision with:  Parked motor vehicle,Unknown,Unknown,Unknown,None Indicated,None apparent,Daylight,Dry,Clear,Unknown,Non-intersection:  Non-junction/no special feature,Paved,,Possible/Unknown,0,1,0,0,0,1,2500,2,1,Northbound (NB),POINT (-96.485223535077 42.996594316922)
20251467630,W25-010821,02/07/2025,02-February,6-Friday,22:24,2200 Hours,District 2 (Northeast),WATERLOO,BLACK HAWK,77,EAST SAN MARNAN DR AND HAWKEYE ROAD,Collision with:  Vehicle in traffic,On Roadway,Broadside (front to side),Other (explain in narrative):  Other,None Indicated,None apparent,Dark - roadway lighted,Dry,Clear,None apparent,Intersection:  T-intersection,Paved,,Property Damage Only,0,0,0,0,0,0,2500,2,2,Southbound (SB),POINT (-92.346661062172 42.45724142245)
20251469302,25-1092,02/07/2025,02-February,6-Friday,16:48,1600 Hours,District 2 (Northeast),,HOWARD,US 63,US 63 N,Collision with:  Vehicle in traffic,On Roadway,Rear-end (front to rear),Other (explain in narrative):  Other,None Indicated,None apparent,Daylight,Dry,Clear,None apparent,Intersection:  Four-way intersection,Paved,,Property Damage Only,0,0,0,0,0,0,6000,2,3,Northbound (NB),POINT (-92.298272144278 43.371466983968)
20251468726,25003634,02/07/2025,02-February,6-Friday,07:39,0700 Hours,District 5 (Southeast),FORT MADISON,LEE,77,18TH ST AND AVE E,Collision with:  Vehicle in traffic,On Roadway,Broadside (front to side),Ran Stop Sign,None Indicated,None apparent,Daylight,Dry,Cloudy,None apparent,Intersection:  Four-way intersection,Paved,,Possible/Unknown,0,1,0,0,1,0,2500,2,2,Northbound (NB),POINT (-91.330121689834 40.633232298485)
20251467598,20250003301,02/07/2025,02-February,6-Friday,14:05,1400 Hours,District 1 (Central),DES MOINES,POLK,77,7452 MEADOWLANDS DR,Collision with:  Vehicle in traffic,On Roadway,Broadside (front to side),FTYROW:  At uncontrolled intersection,None Indicated,None apparent,Daylight,Dry,Clear,None apparent,Non-intersection:  Non-junction/no special feature,Unpaved,,Possible/Unknown,0,1,0,0,1,0,3000,2,3,,POINT (-93.581027721782 41.517806202574)
20251467496,CG2500148,02/07/2025,02-February,6-Friday,07:09,0700 Hours,District 2 (Northeast),,CERRO GORDO,77,VINE AVE,Collision with:  Animal,Unknown,Non-collision (single vehicle),Animal,None Indicated,Animal in roadway,,,,,,Paved,,Property Damage Only,0,0,0,0,0,0,3000,1,1,Northbound (NB),POINT (-93.08357637157 43.227372325952)
20251467633,25-000222,02/07/2025,02-February,6-Friday,10:55,1000 Hours,District 1 (Central),ALTOONA,POLK,77,1000-BLK PUCKETT LN. NW,Collision with:  Parked motor vehicle,On Roadway,Broadside (front to side),Driver Distraction:  Manual operation of an electronic communication device,None Indicated,None apparent,Daylight,Dry,Clear,None apparent,Non-intersection:  Non-junction/no special feature,Unpaved,,Property Damage Only,0,0,0,0,0,0,20000,2,1,,POINT (-93.471892283653 41.662296096603)
20251467617,25-0598,02/07/2025,02-February,6-Friday,18:35,1800 Hours,District 5 (Southeast),,DECATUR,IA-2,IA 2 EB 1/4 MILE WEST OF COLD CREEK RD,Collision with:  Animal,Unknown,Non-collision (single vehicle),Animal,None Indicated,Animal in roadway,,,,,,Paved,,Property Damage Only,0,0,0,0,0,0,3000,1,1,Southbound (SB),POINT (-93.998267853488 40.724582301282)
20251467778,MC2500436,02/07/2025,02-February,6-Friday,17:41,1700 Hours,District 2 (Northeast),MASON CITY,CERRO GORDO,77,6TH ST SW,Collision with:  Vehicle in traffic,On Roadway,Rear-end (front to rear),Improper Backing,None Indicated,None apparent,Dark - roadway not lighted,Dry,Clear,None apparent,Non-intersection:  Railroad grade crossing,Paved,,Property Damage Only,0,0,0,0,0,0,3600,2,2,Southbound (SB),POINT (-93.210429416795 43.146328284652)
20251467643,CG2500147,02/07/2025,02-February,6-Friday,04:25,0400 Hours,District 2 (Northeast),,CERRO GORDO,77,EAGLE AVE AND 330TH ST MEASURING 982 FEET NORTH FROM EAGLE AVE,Collision with:  Animal,Unknown,Non-collision (single vehicle),Animal,None Indicated,Animal in roadway,,,,,,Paved,,Property Damage Only,0,0,0,0,0,0,5000,1,1,Northbound (NB),POINT (-93.418131002881 43.242234877588)
20251467601,20250003315,02/07/2025,02-February,6-Friday,15:38,1500 Hours,District 1 (Central),DES MOINES,POLK,77,45TH ST,Collision with:  Vehicle in traffic,On Roadway,"Sideswipe, same direction",Followed too close,None Indicated,None apparent,Daylight,Dry,Clear,None apparent,Non-intersection:  Non-junction/no special feature,Paved,,Possible/Unknown,0,1,0,0,1,0,3000,2,3,Northbound (NB),POINT (-93.679549807374 41.635369405225)
20251467545,25SC03401,02/07/2025,02-February,6-Friday,11:42,1100 Hours,District 3 (Northwest),SIOUX CITY,WOODBURY,IA-812,IA 812 E,Collision with:  Vehicle in traffic,On Roadway,"Sideswipe, same direction",Other (explain in narrative):  No improper action,None Indicated,None apparent,Daylight,Dry,Clear,None apparent,Intersection:  T-intersection,Paved,,Property Damage Only,0,0,0,0,0,0,3000,2,4,Southbound (SB),POINT (-96.397942700151 42.489744457487)
20251467622,202500435,02/07/2025,02-February,6-Friday,20:37,2000 Hours,District 6 (East Central),,LINN,77,APPROXIMATELY 1/2 MILE EAST OF CORY RD AND SECRIST RD,Collision with:  Animal,Unknown,Non-collision (single vehicle),Animal,None Indicated,Animal in roadway,,,,,,Unpaved,,Property Damage Only,0,0,0,0,0,0,2000,1,1,Northbound (NB),POINT (-91.486661212929 42.019697725593)
20251467737,25-00183,02/07/2025,02-February,6-Friday,11:22,1100 Hours,District 1 (Central),CLIVE,POLK,77,1500 NW 86TH ST,Collision with:  Vehicle in traffic,On Roadway,"Sideswipe, same direction",Other (explain in narrative):  No improper action,None Indicated,None apparent,Daylight,Dry,Clear,None apparent,Intersection:  Four-way intersection,Paved,,Property Damage Only,0,0,0,0,0,0,1500,2,3,Southbound (SB),POINT (-93.736197164051 41.604900560098)
20251467483,25004629,02/07/2025,02-February,6-Friday,03:04,0300 Hours,District 5 (Southeast),MUSCATINE,MUSCATINE,77,WEST 7TH ST AND IOWA AVE AND EAST 7TH ST,Collision with:  Vehicle in traffic,On Roadway,Broadside (front to side),Ran Stop Sign,Alcohol (Statutory),None apparent,Dark - roadway lighted,Dry,Clear,None apparent,Intersection:  Four-way intersection,Paved,,Possible/Unknown,0,1,0,0,1,0,21000,2,2,Southbound (SB),POINT (-91.049596782852 41.425283015822)
20251467890,25-001279,02/07/2025,02-February,6-Friday,10:05,1000 Hours,District 3 (Northwest),LE MARS,PLYMOUTH,77,2ND AVE NW,Collision with:  Vehicle in traffic,On Roadway,Rear-end (front to rear),FTYROW:  From parked position,None Indicated,None apparent,Daylight,Dry,Clear,None apparent,Non-intersection:  Non-junction/no special feature,Paved,,Property Damage Only,0,0,0,0,0,0,6000,2,2,Northbound (NB),POINT (-96.169276130455 42.793793648736)
20251467837,25-002005,02/07/2025,02-February,6-Friday,04:40,0400 Hours,District 2 (Northeast),,FAYETTE,IA-56,IA 56 E,Collision with:  Animal,Unknown,Non-collision (single vehicle),Animal,None Indicated,Animal in roadway,,,,,,Paved,,Property Damage Only,0,0,0,0,0,0,1500,1,1,Southbound (SB),POINT (-91.735829271481 42.908418037784)
20251467509,25002001,02/07/2025,02-February,6-Friday,06:23,0600 Hours,District 1 (Central),,TAMA,US 30,US 30 W,Collision with:  Struck/struck by object/cargo/person from other vehicle,On Roadway,"Sideswipe, same direction",Other (explain in narrative):  Other,None Indicated,None apparent,Dark - roadway not lighted,Dry,Clear,None apparent,Non-intersection:  Non-junction/no special feature,Paved,,Property Damage Only,0,0,0,0,0,0,2000,2,2,Westbound (WB),POINT (-92.60452777442 41.986536321194)
20251467476,25-001296,02/07/2025,02-February,6-Friday,00:55,0000 Hours,District 4 (Southwest),COUNCIL BLUFFS,POTTAWATTAMIE,77,WEST BRDWAY,Collision with fixed object:  Concrete traffic barrier (median or right side),On Roadway,Non-collision (single vehicle),Traveling wrong way or on wrong side of road,None Indicated,None apparent,Dark - roadway lighted,Dry,Clear,None apparent,Non-intersection:  Non-junction/no special feature,Paved,,Property Damage Only,0,0,0,0,0,0,1700,1,1,Southbound (SB),POINT (-95.862110350623 41.261816087788)
20251467600,20250003314,02/07/2025,02-February,6-Friday,15:54,1500 Hours,District 1 (Central),DES MOINES,POLK,77,27TH ST,Collision with:  Vehicle in traffic,On Roadway,Broadside (front to side),FTYROW:  From driveway,None Indicated,None apparent,Daylight,Dry,Clear,None apparent,Non-intersection:  Driveway access (within),Unpaved,,Possible/Unknown,0,1,0,0,1,0,3000,2,4,Northbound (NB),POINT (-93.654000671462 41.628275836516)
20251467891,25-001444,02/07/2025,02-February,6-Friday,07:54,0700 Hours,District 4 (Southwest),,CASS,IA-83,690TH ST AND IA 83 E,Collision with:  Railway vehicle/train,On Roadway,Broadside (front to side),Disregarded RR Signal,None Indicated,None apparent,Daylight,Dry,Clear,None apparent,Non-intersection:  Railroad grade crossing,Paved,,Minor Injury,0,2,0,1,1,0,9250,2,4,Southbound (SB),POINT (-94.87236642784 41.407746342179)
20251468042,SO2500539,02/07/2025,02-February,6-Friday,19:11,1900 Hours,District 5 (Southeast),,JEFFERSON,US 34,US 34 W,Collision with:  Animal,Unknown,Non-collision (single vehicle),Animal,None Indicated,Animal in roadway,,,,,,Paved,,Property Damage Only,0,0,0,0,0,0,2000,1,1,Westbound (WB),POINT (-91.790734743618 40.992926674253)
20251467961,25-000738,02/07/2025,02-February,6-Friday,16:36,1600 Hours,District 4 (Southwest),PERRY,DALLAS,IA-141,IA 141 W,Collision with:  Vehicle in traffic,On Roadway,Rear-end (front to rear),Other (explain in narrative):  Other,None Indicated,None apparent,Daylight,Dry,Clear,None apparent,Non-intersection:  Non-junction/no special feature,Paved,,Possible/Unknown,0,1,0,0,1,0,7000,2,2,Westbound (WB),POINT (-94.105691472791 41.83049106675)
20251469621,25010831,02/07/2025,02-February,6-Friday,22:55,2200 Hours,District 2 (Northeast),CEDAR FALLS,BLACK HAWK,77,2208  W 4TH ST,Collision with:  Vehicle in traffic,On Roadway,Rear-end (front to rear),Driver Distraction:  Other interior distraction,None Indicated,None apparent,Dark - roadway lighted,Dry,Clear,None apparent,Non-intersection:  Non-junction/no special feature,Paved,,Property Damage Only,0,0,0,0,0,0,5500,2,1,Southbound (SB),POINT (-92.472518984268 42.534925773643)
20251467915,OCFS2503432,02/07/2025,02-February,6-Friday,18:39,1800 Hours,District 5 (Southeast),OTTUMWA,WAPELLO,77,WEST WILLIAMS ST AND SOUTH FERRY ST,Collision with:  Vehicle in traffic,On Roadway,Broadside (front to side),FTYROW:  From stop sign,None Indicated,None apparent,Dark - roadway lighted,Dry,Clear,None apparent,Intersection:  Four-way intersection,Paved,,Possible/Unknown,0,1,0,0,1,0,11500,2,4,Northbound (NB),POINT (-92.433662592012 40.998545182252)
20251467826,25000425,02/07/2025,02-February,6-Friday,11:24,1100 Hours,District 1 (Central),AMES,STORY,US 69,US 69 N,Collision with:  Vehicle in traffic,On Roadway,Rear-end (front to rear),Other (explain in narrative):  Other,None Indicated,None apparent,Daylight,Dry,Clear,None apparent,Non-intersection:  Non-junction/no special feature,Paved,,Property Damage Only,0,0,0,0,0,0,1500,2,4,Northbound (NB),POINT (-93.610301997803 42.013722888039)
20251468632,25010726,02/07/2025,02-February,6-Friday,16:38,1600 Hours,District 2 (Northeast),CEDAR FALLS,BLACK HAWK,77,OLIVE ST/SEERLEY BLVD,Collision with:  Vehicle in traffic,On Roadway,Other (explain in narrative),Lost Control,None Indicated,None apparent,Dark - roadway lighted,Dry,Clear,None apparent,Intersection:  Four-way intersection,Paved,,Property Damage Only,0,0,0,0,0,0,1500,2,2,Northbound (NB),POINT (-92.454707226543 42.516326469475)
20251468221,SO25-00136,02/07/2025,02-February,6-Friday,21:28,2100 Hours,District 1 (Central),,MARSHALL,IA-14,REED AVE / 2900 MILE,Collision with:  Animal,Unknown,Non-collision (single vehicle),Animal,None Indicated,Animal in roadway,,,,,,Paved,,Property Damage Only,0,0,0,0,0,0,10000,1,2,Northbound (NB),POINT (-92.91688031082 41.93292186209)
20251468207,250001229,02/07/2025,02-February,6-Friday,17:45,1700 Hours,District 5 (Southeast),CENTERVILLE,APPANOOSE,77,SOUTH DRAKE AVE AND IA 2 E,Collision with:  Vehicle in traffic,On Roadway,Other (explain in narrative),FTYROW:  From stop sign,None Indicated,None apparent,Dark - roadway lighted,Dry,Clear,None apparent,Intersection:  T-intersection,Paved,,Property Damage Only,0,0,0,0,0,0,10000,2,2,Northbound (NB),POINT (-92.872679745717 40.732522431973)
20251467794,202501692,02/07/2025,02-February,6-Friday,07:45,0700 Hours,District 6 (East Central),CEDAR RAPIDS,LINN,77,1800 BLOCK 42ND ST NE,Collision with:  Vehicle in traffic,On Roadway,Broadside (front to side),FTYROW:  From driveway,None Indicated,None apparent,Daylight,Dry,Cloudy,None apparent,"Non-intersection:  Driveway access (related, not in)",Paved,,Possible/Unknown,0,1,0,0,1,0,11500,2,2,Southbound (SB),POINT (-91.665680988873 42.021486458314)
20251467579,25001452,02/07/2025,02-February,6-Friday,11:09,1100 Hours,District 2 (Northeast),,CHICKASAW,US 18,RAMP US 63 N TO US 18 E,Non-collision events:  Overturn/rollover,On Roadway,Non-collision (single vehicle),Driver Distraction:  Other electronic device activity,None Indicated,None apparent,Daylight,Dry,Cloudy,None apparent,Interchange-related:  Off-ramp,Paved,,Property Damage Only,0,0,0,0,0,0,5000,1,1,Westbound (WB),POINT (-92.316814461399 42.967237575854)
20251467670,25000109,02/07/2025,02-February,6-Friday,21:24,2100 Hours,District 1 (Central),AMES,STORY,77,CENTER DR,Collision with:  Parked motor vehicle,Other (explain in narrative),"Sideswipe, opposite direction",Driver Distraction:  Other interior distraction,None Indicated,None apparent,Dark - roadway lighted,Dry,Clear,None apparent,Non-intersection:  Non-junction/no special feature,Paved,,Property Damage Only,0,0,0,0,0,0,4000,2,2,Northbound (NB),POINT (-93.633778693406 42.019657094525)
20251467635,25-000228,02/07/2025,02-February,6-Friday,18:03,1800 Hours,District 1 (Central),ALTOONA,POLK,77,PRAIRIE MEADOWS DRIVE,Collision with:  Vehicle in traffic,On Roadway,Rear-end (front to rear),Followed too close,None Indicated,None apparent,Dark - roadway lighted,Dry,Clear,None apparent,Non-intersection:  Non-junction/no special feature,Unpaved,,Property Damage Only,0,0,0,0,0,0,7000,2,3,,POINT (-93.493181991171 41.653577852296)
20251467901,25-3815,02/07/2025,02-February,6-Friday,13:07,1300 Hours,District 1 (Central),PRAIRIE CITY,JASPER,77,SOUTH MARSHALL ST,Collision with:  Parked motor vehicle,Outside trafficway,Rear to side,Driver Distraction:  Other interior distraction,None Indicated,None apparent,Daylight,Dry,Clear,None apparent,Non-intersection:  Alley,Paved,,Property Damage Only,0,0,0,0,0,0,8000,2,2,Northbound (NB),POINT (-93.235130176567 41.598028044386)
20251467597,20250003293,02/07/2025,02-February,6-Friday,13:42,1300 Hours,District 1 (Central),DES MOINES,POLK,77,"3RD ST AND RAMP I 235 E TO 3RD ST, N AND SCHOOL ST",Collision with:  Vehicle in traffic,On Roadway,Broadside (front to side),Ran Traffic Signal,None Indicated,None apparent,Daylight,Dry,Clear,None apparent,Intersection:  Four-way intersection,Paved,,Property Damage Only,0,0,0,0,0,0,17000,2,3,Southbound (SB),POINT (-93.62153356463 41.595192323071)
20251468334,25010760,02/07/2025,02-February,6-Friday,18:30,1800 Hours,District 2 (Northeast),CEDAR FALLS,BLACK HAWK,US 218,"RAMP LONE TREE RD, E TO E TO STATE OF IOWA, US 218 N",Collision with:  Animal,On Roadway,Other (explain in narrative),Animal,None Indicated,None apparent,Dark - roadway not lighted,Dry,Clear,None apparent,Interchange-related:  On-ramp merge area,Paved,,Property Damage Only,0,0,0,0,0,0,5800,2,2,Northbound (NB),POINT (-92.426624298049 42.565405969239)
20251467551,20250003280,02/07/2025,02-February,6-Friday,11:12,1100 Hours,District 1 (Central),DES MOINES,POLK,77,MLK JR PARKWAY MEASURING 281 FEET NORTH FROM INGERSOLL AVE,Collision with:  Vehicle in traffic,On Roadway,"Sideswipe, same direction",Unknown,None Indicated,None apparent,Daylight,Dry,Clear,None apparent,Non-intersection:  Non-junction/no special feature,Paved,,Property Damage Only,0,0,0,0,0,0,10000,2,4,Eastbound (EB),POINT (-93.644844687251 41.586480033757)
20251467882,25003654,02/07/2025,02-February,6-Friday,11:37,1100 Hours,District 5 (Southeast),KEOKUK,LEE,US 136,500 BLOCK OF MAIN ST,Collision with:  Parked motor vehicle,Roadside,Rear-end (front to rear),Other (explain in narrative):  Other,None Indicated,None apparent,Daylight,Dry,Clear,None apparent,Non-intersection:  Non-junction/no special feature,Paved,,Possible/Unknown,0,1,0,0,1,0,7000,2,2,Southbound (SB),POINT (-91.383794660824 40.396254581812)
20251467577,25-000868,02/07/2025,02-February,6-Friday,10:54,1000 Hours,District 2 (Northeast),OELWEIN,FAYETTE,77,8TH AVE SE,Collision with:  Vehicle in traffic,On Roadway,Broadside (front to side),FTYROW:  Other (explain in narrative),None Indicated,None apparent,Daylight,Dry,Clear,None apparent,Intersection:  T-intersection,Paved,,Property Damage Only,0,0,0,0,0,0,4500,2,3,Northbound (NB),POINT (-91.902692083803 42.67233655165)
20251468233,2025-8741,02/07/2025,02-February,6-Friday,07:52,0700 Hours,District 6 (East Central),DAVENPORT,SCOTT,77,MIDDLE RD,Non-collision events:  Overturn/rollover,Roadside,Non-collision (single vehicle),Driver Distraction:  Reaching for object(s)/fallen object(s),None Indicated,None apparent,Daylight,Dry,Clear,None apparent,Non-intersection:  Non-junction/no special feature,Paved,,Property Damage Only,0,0,0,0,0,0,8300,1,1,Southbound (SB),POINT (-90.530529597149 41.536462795621)
20251467561,202500001485,02/07/2025,02-February,6-Friday,07:25,0700 Hours,District 6 (East Central),MARION,LINN,77,BLAIRS FERRY RD/LINDALE DR,Collision with:  Vehicle in traffic,On Roadway,Broadside (front to side),FTYROW:  Making left turn,None Indicated,None apparent,Daylight,Dry,Cloudy,None apparent,Intersection:  Four-way intersection,Paved,,Property Damage Only,0,0,0,0,0,0,18000,2,2,Southbound (SB),POINT (-91.623933884508 42.032314476793)
20251468018,25-01448,02/07/2025,02-February,6-Friday,18:40,1800 Hours,District 6 (East Central),MONTICELLO,JONES,77,SOUTH MAPLE ST,Collision with:  Parked motor vehicle,On Roadway,Rear-end (front to rear),Driver Distraction:  Manual operation of an electronic communication device,None Indicated,None apparent,Dark - roadway not lighted,Dry,Cloudy,None apparent,Non-intersection:  Non-junction/no special feature,Paved,,Property Damage Only,0,0,0,0,0,0,23000,2,1,Northbound (NB),POINT (-91.186765932578 42.233476602953)
20251467818,25-000139,02/07/2025,02-February,6-Friday,21:26,2100 Hours,District 1 (Central),,STORY,77,320TH ST,Collision with:  Vehicle in traffic,On Roadway,Broadside (front to side),Ran Stop Sign,None Indicated,None apparent,Dark - roadway not lighted,Dry,Clear,None apparent,Intersection:  Four-way intersection,Paved,,Minor Injury,0,2,0,2,0,0,3000,2,2,Southbound (SB),POINT (-93.67857931605 41.892451984644)