Iowa DOT Case Number,Law Enforcement Case Number,Date of Crash,Month of Crash,Day of Week,Time of Crash,Hour,DOT District,City Name,County Name,Route with System,Location Description,First Harmful Event,Location of First Harmful Event,Manner of Crash/Collision,Major Cause,Drug or Alcohol ,Environmental Conditions,Light Conditions,Surface Conditions,Weather Conditions,Roadway Contribution,Roadway Type,Roadway Surface,Work Zone,Crash Severity,Number of Fatalities,Number of Injuries,Number of Major Injuries,Number of Minor Injuries,Number of Possible Injuries,Number of Unknown Injuries,Amount of Property Damage,Number of Vehicles Involved,Total Number of Occupants,Travel Direction,Location
20251467729,25-000565,02/08/2025,02-February,7-Saturday,07:40,0700 Hours,District 1 (Central),ANKENY,POLK,77,SE CORPORATE WOODS DR / SE FOUR MILE,Collision with:  Vehicle in traffic,On Roadway,Rear-end (front to rear),Driver Distraction:  Inattentive/lost in thought,None Indicated,None apparent,Dusk,Dry,Cloudy,None apparent,Non-intersection:  Non-junction/no special feature,Paved,,Property Damage Only,0,0,0,0,0,0,2200,2,3,Northbound (NB),POINT (-93.561051630586 41.673244457795)
20251468129,SOP202500106,02/08/2025,02-February,7-Saturday,23:00,2300 Hours,District 6 (East Central),,IOWA,77,1700 BLOCK OF 336TH ST,Non-collision events:  Overturn/rollover,Roadside,Non-collision (single vehicle),Ran off road - left,None Indicated,None apparent,Dark - roadway not lighted,Gravel,Clear,None apparent,Non-intersection:  Non-junction/no special feature,Unpaved,,Property Damage Only,0,0,0,0,0,0,8000,1,1,Southbound (SB),POINT (-92.146991478332 41.518056039613)
20251467704,20250003423,02/08/2025,02-February,7-Saturday,20:20,2000 Hours,District 1 (Central),DES MOINES,POLK,US 6,US 6 E MEASURING 1125 FEET NORTH FROM OVID AVE,Collision with:  Vehicle in traffic,On Roadway,"Sideswipe, same direction",FTYROW:  Other (explain in narrative),None Indicated,None apparent,Dark - roadway lighted,Dry,Clear,None apparent,"Non-intersection:  Driveway access (related, not in)",Paved,,Property Damage Only,0,0,0,0,0,0,5000,2,5,Southbound (SB),POINT (-93.697755964136 41.62800055528)
20251467721,2025-000910,02/08/2025,02-February,7-Saturday,21:53,2100 Hours,District 6 (East Central),DUBUQUE,DUBUQUE,77,NW ARTERIAL,Collision with fixed object:  Ditch,On Roadway,Non-collision (single vehicle),Lost Control,None Indicated,None apparent,Dark - roadway not lighted,Dry,Clear,None apparent,Non-intersection:  Non-junction/no special feature,Paved,,Possible/Unknown,0,1,0,0,0,1,20000,1,1,Northbound (NB),POINT (-90.706353151142 42.531461468447)
20251468107,,02/08/2025,02-February,7-Saturday,20:50,2000 Hours,District 2 (Northeast),,CHICKASAW,IA-24,IA 24 E,Collision with:  Animal,On Roadway,Non-collision (single vehicle),Animal,None Indicated,,Dark - roadway not lighted,Dry,Clear,,Non-intersection:  Non-junction/no special feature,Paved,,Property Damage Only,0,0,0,0,0,0,8600,1,2,Southbound (SB),POINT (-92.090791182629 43.090888390339)
20251467809,25SC03502,02/08/2025,02-February,7-Saturday,14:55,1400 Hours,District 3 (Northwest),SIOUX CITY,WOODBURY,77,CASSELMAN ST AND WEST VILLA AVE,Collision with:  Vehicle in traffic,On Roadway,Broadside (front to side),FTYROW:  From stop sign,None Indicated,None apparent,Daylight,Dry,Clear,None apparent,Intersection:  T-intersection,Paved,,Property Damage Only,0,0,0,0,0,0,14000,2,2,Northbound (NB),POINT (-96.442942140629 42.503617447259)
20251469150,2025-231,02/08/2025,02-February,7-Saturday,20:24,2000 Hours,District 6 (East Central),,SCOTT,77,110 AVE AND 145 ST,Collision with fixed object:  Other fixed object (explain in narrative),On Roadway,Non-collision (single vehicle),Failed to yield to emergency vehicle,None Indicated,None apparent,Dark - unknown roadway lighting,Dry,Clear,None apparent,Intersection:  Four-way intersection,Paved,,Minor Injury,0,2,0,2,0,0,40000,1,3,Northbound (NB),POINT (-90.688193492976 41.516244283714)
20251468158,25-00617,02/08/2025,02-February,7-Saturday,21:30,2100 Hours,District 1 (Central),WEST DES MOINES,POLK,I-235,1800 BLOCK OF I 235 W,Collision with:  Vehicle in traffic,On Roadway,"Sideswipe, same direction",Unknown,None Indicated,None apparent,Dark - roadway lighted,Dry,Clear,None apparent,Interchange-related:  On-ramp merge area,Paved,,Property Damage Only,0,0,0,0,0,0,1500,2,2,Westbound (WB),POINT (-93.721272413783 41.593411892195)
20251469428,2.50004e+007,02/08/2025,02-February,7-Saturday,19:45,1900 Hours,District 1 (Central),AMES,STORY,US 69,US 69 S,Collision with:  Vehicle in traffic,On Roadway,"Angle, oncoming left turn",FTYROW:  Making left turn,None Indicated,None apparent,Dark - roadway lighted,Dry,Cloudy,None apparent,Intersection:  Four-way intersection,Paved,,Minor Injury,0,1,0,1,0,0,25000,2,3,Eastbound (EB),POINT (-93.620052700867 42.022875358342)
20251467677,25011003,02/08/2025,02-February,7-Saturday,14:38,1400 Hours,District 2 (Northeast),CEDAR FALLS,BLACK HAWK,IA-27,NB HWY 58 AT GREENHILL,Collision with:  Vehicle in traffic,On Roadway,Rear-end (front to rear),Driver Distraction:  Other interior distraction,None Indicated,None apparent,Daylight,Dry,Cloudy,None apparent,Intersection:  Four-way intersection,Paved,,Property Damage Only,0,0,0,0,0,0,3002,2,3,Northbound (NB),POINT (-92.452769714087 42.49840463486)
20251467703,20250003406,02/08/2025,02-February,7-Saturday,18:06,1800 Hours,District 1 (Central),DES MOINES,POLK,77,6TH AVE AND OVID AVE,Collision with:  Vehicle in traffic,On Roadway,Head-on (front to front),FTYROW:  Making left turn,None Indicated,None apparent,Dusk,Dry,Clear,None apparent,Non-intersection:  Non-junction/no special feature,Paved,,Property Damage Only,0,0,0,0,0,0,12000,2,2,Northbound (NB),POINT (-93.62476854619 41.625799324095)
20251467756,W25-011052,02/08/2025,02-February,7-Saturday,18:41,1800 Hours,District 2 (Northeast),WATERLOO,BLACK HAWK,77,KIMBALL AVE,Collision with fixed object:  Traffic signal support,Shoulder,Non-collision (single vehicle),Followed too close,None Indicated,None apparent,Dark - roadway lighted,Dry,Cloudy,None apparent,Non-intersection:  Non-junction/no special feature,Paved,,Property Damage Only,0,0,0,0,0,0,3000,1,1,Northbound (NB),POINT (-92.356956322165 42.466152432738)
20251467830,25001061,02/08/2025,02-February,7-Saturday,20:08,2000 Hours,District 6 (East Central),,DELAWARE,IA-13,IA 13 N,Collision with:  Animal,Unknown,Non-collision (single vehicle),Animal,None Indicated,Animal in roadway,,,,,,Paved,,Property Damage Only,0,0,0,0,0,0,3000,1,1,Northbound (NB),POINT (-91.470105170615 42.568765791295)
20251468104,S25-00847,02/08/2025,02-February,7-Saturday,22:58,2200 Hours,District 5 (Southeast),,DES MOINES,77,TEXAS AVE MEASURING 36 FEET NORTH FROM NORTH DR,Collision with fixed object:  Curb/island/raised median,Outside trafficway,Non-collision (single vehicle),Ran Stop Sign,Alcohol (Statutory),None apparent,Dark - roadway not lighted,Dry,Clear,None apparent,Intersection:  T-intersection,Paved,,Property Damage Only,0,0,0,0,0,0,3000,1,1,Northbound (NB),POINT (-91.256689328243 40.825243115444)
20251468008,2025003440,02/08/2025,02-February,7-Saturday,00:40,0000 Hours,District 5 (Southeast),,HENRY,IA-78,IA 78 41MM EB,Collision with fixed object:  Culvert/pipe opening,Roadside,Non-collision (single vehicle),Ran off road - right,None Indicated,None apparent,Dark - roadway not lighted,Dry,Clear,None apparent,Non-intersection:  Non-junction/no special feature,Paved,,Fatal,1,0,0,0,0,0,22000,1,1,Southbound (SB),POINT (-91.485137436645 41.118936299543)
20251467795,25-001935,02/08/2025,02-February,7-Saturday,18:09,1800 Hours,District 3 (Northwest),SIOUX CENTER,SIOUX,77,6TH AVE NW AND 4TH ST NW,Collision with:  Vehicle in traffic,On Roadway,Broadside (front to side),Swerving/Evasive Action,None Indicated,Weather conditions,Dusk,Snow,Cloudy,"Surface condition (e.g., wet, icy)",Non-intersection:  Non-junction/no special feature,Paved,,Property Damage Only,0,0,0,0,0,0,4500,2,4,Northbound (NB),POINT (-96.184855964567 43.080819176727)
20251467672,390225-0344,02/08/2025,02-February,7-Saturday,14:12,1400 Hours,District 4 (Southwest),,GUTHRIE,77,315TH ST,Collision with fixed object:  Culvert/pipe opening,On Roadway,Non-collision (single vehicle),"Operating vehicle in an reckless, erratic, careless, negligent manner",None Indicated,None apparent,Daylight,Dry,Cloudy,None apparent,Non-intersection:  Non-junction/no special feature,Unpaved,,Minor Injury,0,1,0,1,0,0,15000,1,1,Southbound (SB),POINT (-94.315904753801 41.553970516454)
20251467838,25-002088,02/08/2025,02-February,7-Saturday,18:04,1800 Hours,District 2 (Northeast),,FAYETTE,US 18,US 18 E,Collision with:  Animal,Unknown,Non-collision (single vehicle),Animal,None Indicated,Animal in roadway,,,,,,Paved,,Property Damage Only,0,0,0,0,0,0,5000,1,2,Southbound (SB),POINT (-91.646493123525 43.008297252785)
20251467688,25-001347,02/08/2025,02-February,7-Saturday,15:08,1500 Hours,District 4 (Southwest),COUNCIL BLUFFS,POTTAWATTAMIE,77,SOUTH 25TH ST,Collision with:  Vehicle in traffic,On Roadway,"Sideswipe, same direction",Made improper turn,None Indicated,None apparent,Daylight,Dry,Clear,None apparent,Intersection:  Four-way intersection,Paved,,Property Damage Only,0,0,0,0,0,0,6500,2,3,Northbound (NB),POINT (-95.881901511042 41.261853366433)
20251467718,SOI20250055,02/08/2025,02-February,7-Saturday,03:00,0300 Hours,District 1 (Central),,POWESHIEK,77,90TH ST,Collision with fixed object:  Ditch,On Roadway,Non-collision (single vehicle),Lost Control,None Indicated,None apparent,Dark - roadway not lighted,Dry,Clear,None apparent,Non-intersection:  Non-junction/no special feature,Unpaved,,Property Damage Only,0,0,0,0,0,0,7000,1,2,Northbound (NB),POINT (-92.604519719227 41.576574272685)
20251468263,25-00613,02/08/2025,02-February,7-Saturday,13:20,1300 Hours,District 1 (Central),WEST DES MOINES,POLK,77,22ND ST AND KINGMAN AVE,Collision with:  Vehicle in traffic,On Roadway,Rear-end (front to rear),Driver Distraction:  Other interior distraction,None Indicated,None apparent,Daylight,Dry,Cloudy,None apparent,Intersection:  Four-way intersection,Paved,,Property Damage Only,0,0,0,0,0,0,5000,2,3,Northbound (NB),POINT (-93.735970320577 41.595498488184)
20251467798,2025-000404,02/08/2025,02-February,7-Saturday,02:51,0200 Hours,District 6 (East Central),FARLEY,DUBUQUE,77,2ND AVE SE,Collision with:  Parked motor vehicle,On Roadway,Rear-end (front to rear),Lost Control,Alcohol (Statutory),None apparent,Dark - roadway not lighted,Dry,Clear,None apparent,Non-intersection:  Non-junction/no special feature,Paved,,Property Damage Only,0,0,0,0,0,0,10000,2,2,Southbound (SB),POINT (-91.004273513189 42.441852462217)
20251469282,ECSO25-0026,02/08/2025,02-February,7-Saturday,02:30,0200 Hours,District 2 (Northeast),,EMMET,77,560 AVE MEASURING 1159 FEET SOUTH FROM 260 ST,Collision with fixed object:  Embankment,On Roadway,Non-collision (single vehicle),Ran off road - right,Under Influence of Alcohol/Drugs/Medications,None apparent,Dark - roadway not lighted,Dry,Clear,None apparent,Non-intersection:  Non-junction/no special feature,Paved,,Property Damage Only,0,0,0,0,0,0,12000,1,1,Northbound (NB),POINT (-94.482822196268 43.266281390752)
20251467924,25-01483,02/08/2025,02-February,7-Saturday,18:05,1800 Hours,District 6 (East Central),,JONES,77,COUNTY RD D62,Collision with:  Animal,Unknown,Non-collision (single vehicle),Animal,None Indicated,Animal in roadway,,,,,,Paved,,Property Damage Only,0,0,0,0,0,0,5000,1,2,Southbound (SB),POINT (-91.231753356292 42.238997311503)
20251467894,25-0061,02/08/2025,02-February,7-Saturday,04:06,0400 Hours,District 1 (Central),,WEBSTER,IA-7,JOHNSON AVE & 190TH ST,Collision with:  Animal,Unknown,Non-collision (single vehicle),Animal,None Indicated,Animal in roadway,,,,,,Paved,,Property Damage Only,0,0,0,0,0,0,6000,1,1,Southbound (SB),POINT (-94.265513192898 42.515733229801)
20251467680,20250003383,02/08/2025,02-February,7-Saturday,13:51,1300 Hours,District 1 (Central),DES MOINES,POLK,77,SE 14TH ST AND INDIANOLA AVE,Collision with:  Vehicle in traffic,On Roadway,Head-on (front to front),FTYROW:  Making left turn,None Indicated,None apparent,Daylight,Dry,Clear,None apparent,Intersection:  Four-way intersection,Paved,,Property Damage Only,0,0,0,0,0,0,3000,2,3,Northbound (NB),POINT (-93.596911337377 41.553447962314)
20251467698,2025-9072,02/08/2025,02-February,7-Saturday,10:10,1000 Hours,District 6 (East Central),DAVENPORT,SCOTT,77,BLACK HAWK ST MEASURING 85 FEET WEST FROM SOUTH THORNWOOD AVE,Collision with fixed object:  Utility pole/light support,Roadside,Non-collision (single vehicle),Lost Control,None Indicated,None apparent,Daylight,Wet,Cloudy,None apparent,Non-intersection:  Non-junction/no special feature,Paved,,Property Damage Only,0,0,0,0,0,0,2001,1,2,Southbound (SB),POINT (-90.616579853324 41.516961231984)
20251467705,20250003426,02/08/2025,02-February,7-Saturday,22:20,2200 Hours,District 1 (Central),DES MOINES,POLK,77,2ND AVE AND COURT AVE,Collision with:  Vehicle in traffic,On Roadway,Rear-end (front to rear),Driver Distraction:  Exterior distraction,None Indicated,None apparent,Dark - roadway lighted,Dry,Clear,None apparent,Intersection:  Four-way intersection,Paved,,Property Damage Only,0,0,0,0,0,0,10000,2,2,Northbound (NB),POINT (-93.619185187916 41.585504187911)
20251468614,25-001138,02/08/2025,02-February,7-Saturday,21:53,2100 Hours,District 3 (Northwest),WHITING,MONONA,77,HIGHWAY K45 ST,Collision with fixed object:  Guardrail - face,Shoulder,Non-collision (single vehicle),Unknown,None Indicated,None apparent,Dark - roadway not lighted,Dry,Clear,None apparent,Non-intersection:  Other non-intersection (explain in narrative),Paved,,Possible/Unknown,0,1,0,0,0,1,30000,1,1,Northbound (NB),POINT (-96.154861835272 42.133426274332)
20251467692,SO25014260,02/08/2025,02-February,7-Saturday,18:30,1800 Hours,District 2 (Northeast),,FRANKLIN,IA-3,IA 3 E,Collision with:  Vehicle in traffic,On Roadway,Rear-end (front to rear),Followed too close,None Indicated,None apparent,Dark - roadway lighted,Dry,Clear,None apparent,Non-intersection:  Non-junction/no special feature,Paved,,Property Damage Only,0,0,0,0,0,0,7500,2,2,Southbound (SB),POINT (-93.384218716963 42.74548919805)
20251467868,2025003446,02/08/2025,02-February,7-Saturday,01:06,0100 Hours,District 1 (Central),,JASPER,I-80,I 80 E AT 150MM,Collision with fixed object:  Concrete traffic barrier (median or right side),Median,Non-collision (single vehicle),Driver Distraction:  Inattentive/lost in thought,None Indicated,None apparent,Dark - roadway not lighted,Dry,Clear,None apparent,Non-intersection:  Non-junction/no special feature,Paved,,Property Damage Only,0,0,0,0,0,0,2000,1,1,Southbound (SB),POINT (-93.346376311559 41.680793237756)
20251467917,OCFS2503483,02/08/2025,02-February,7-Saturday,10:02,1000 Hours,District 5 (Southeast),OTTUMWA,WAPELLO,77,NORTH FERRY ST,Collision with:  Vehicle in traffic,On Roadway,Head-on (front to front),FTYROW:  From yield sign,None Indicated,None apparent,Daylight,Dry,Clear,None apparent,Intersection:  Roundabout,Paved,,Property Damage Only,0,0,0,0,0,0,3500,2,3,Northbound (NB),POINT (-92.432612406647 41.00731397755)
20251468628,2025003460,02/08/2025,02-February,7-Saturday,10:34,1000 Hours,District 2 (Northeast),,CERRO GORDO,IA-27,I 35 N / 201MM NB,Collision with:  Vehicle in traffic,On Roadway,"Sideswipe, same direction",Lost Control,None Indicated,Weather conditions,Daylight,Snow,Cloudy,"Surface condition (e.g., wet, icy)",Non-intersection:  Non-junction/no special feature,Unpaved,,Property Damage Only,0,0,0,0,0,0,8500,2,2,Northbound (NB),POINT (-93.348708200594 43.243818264072)
20251467741,2025-9077,02/08/2025,02-February,7-Saturday,10:36,1000 Hours,District 6 (East Central),DAVENPORT,SCOTT,77,WEST LOCUST ST AND IA 461 S,Collision with:  Vehicle in traffic,On Roadway,"Sideswipe, same direction",Made improper turn,None Indicated,None apparent,Daylight,Wet,Rain,None apparent,Non-intersection:  Non-junction/no special feature,Paved,,Property Damage Only,0,0,0,0,0,0,5500,2,3,Southbound (SB),POINT (-90.577210001119 41.538284917531)
20251469853,S25-00938,02/08/2025,02-February,7-Saturday,08:00,0800 Hours,District 1 (Central),,BOONE,77,280TH ST,Non-collision events:  Overturn/rollover,On Roadway,Non-collision (single vehicle),Ran off road - right,None Indicated,None apparent,Unknown,Gravel,Cloudy,None apparent,Non-intersection:  Non-junction/no special feature,Unpaved,,Property Damage Only,0,0,0,0,0,0,10000,1,1,Southbound (SB),POINT (-93.847700270214 41.950664107825)
20251469693,202501752,02/08/2025,02-February,7-Saturday,10:45,1000 Hours,District 6 (East Central),CEDAR RAPIDS,LINN,77,1800 BLK BLAIRS FERRY RD NE,Collision with:  Vehicle in traffic,On Roadway,"Sideswipe, opposite direction",Lost Control,None Indicated,None apparent,Daylight,Dry,Cloudy,None apparent,Non-intersection:  Non-junction/no special feature,Paved,,Possible/Unknown,0,1,0,0,1,0,10000,2,2,Southbound (SB),POINT (-91.664711335677 42.034921684059)
20251467828,25000436,02/08/2025,02-February,7-Saturday,11:20,1100 Hours,District 1 (Central),AMES,STORY,US 69,US 69 N,Collision with:  Vehicle in traffic,On Roadway,Rear-end (front to rear),Followed too close,None Indicated,None apparent,Daylight,Dry,Cloudy,None apparent,Non-intersection:  Non-junction/no special feature,Paved,,Property Damage Only,0,0,0,0,0,0,14500,4,4,Northbound (NB),POINT (-93.609896289875 42.004124009354)
20251468015,25-000828,02/08/2025,02-February,7-Saturday,10:32,1000 Hours,District 2 (Northeast),OSAGE,MITCHELL,77,STATE ST,Collision with:  Vehicle in traffic,On Roadway,Broadside (front to side),FTYROW:  From yield sign,None Indicated,Weather conditions,Daylight,Snow,Snow,"Surface condition (e.g., wet, icy)",Intersection:  Four-way intersection,Paved,,Possible/Unknown,0,2,0,0,2,0,4500,2,5,Southbound (SB),POINT (-92.818163257573 43.283051369959)
20251467806,25SC03480,02/08/2025,02-February,7-Saturday,09:21,0900 Hours,District 3 (Northwest),SIOUX CITY,WOODBURY,77,WAR EAGLE DR,Collision with fixed object:  Curb/island/raised median,On Roadway,Non-collision (single vehicle),Driving too fast for conditions,None Indicated,Weather conditions,Daylight,Snow,Snow,"Surface condition (e.g., wet, icy)",Intersection:  T-intersection,Paved,,Property Damage Only,0,0,0,0,0,0,14000,1,2,Southbound (SB),POINT (-96.454885553149 42.499079543092)
20251467682,20250003397,02/08/2025,02-February,7-Saturday,15:20,1500 Hours,District 1 (Central),DES MOINES,POLK,US 69,SE 14TH ST N MEASURING 160 FEET SOUTH FROM EAST DIEHL AVE,Collision with:  Vehicle in traffic,On Roadway,Rear-end (front to rear),Lost Control,None Indicated,None apparent,Daylight,Dry,Clear,None apparent,Non-intersection:  Non-junction/no special feature,Paved,,Major Injury,0,1,1,0,0,0,4500,3,5,Northbound (NB),POINT (-93.596740519133 41.532263615582)
20251467696,25-001356,02/08/2025,02-February,7-Saturday,18:38,1800 Hours,District 4 (Southwest),COUNCIL BLUFFS,POTTAWATTAMIE,77,MADISON AVE AND RUE ST,Collision with:  Vehicle in traffic,On Roadway,Rear-end (front to rear),Followed too close,None Indicated,None apparent,Dark - roadway lighted,Dry,Clear,None apparent,Intersection:  Four-way intersection,Paved,,Property Damage Only,0,0,0,0,0,0,16000,2,4,Northbound (NB),POINT (-95.821797937514 41.241466788987)
20251467807,25SC03484,02/08/2025,02-February,7-Saturday,10:16,1000 Hours,District 3 (Northwest),SIOUX CITY,WOODBURY,77,SOUTH LEWIS BLVD,Collision with fixed object:  Ditch,Outside trafficway,Non-collision (single vehicle),Lost Control,None Indicated,Weather conditions,Daylight,Wet,Freezing rain/drizzle,"Surface condition (e.g., wet, icy)",Non-intersection:  Non-junction/no special feature,Paved,,Property Damage Only,0,0,0,0,0,0,3500,1,1,Northbound (NB),POINT (-96.365656898497 42.421777351064)
20251467628,25-001336,02/08/2025,02-February,7-Saturday,01:35,0100 Hours,District 4 (Southwest),COUNCIL BLUFFS,POTTAWATTAMIE,77,NORTH 35TH ST,Collision with:  Vehicle in traffic,On Roadway,Broadside (front to side),Unknown,Under Influence of Alcohol/Drugs/Medications,None apparent,Dark - roadway lighted,Dry,Clear,None apparent,Non-intersection:  Non-junction/no special feature,Paved,,Property Damage Only,0,0,0,0,0,0,8000,2,4,Northbound (NB),POINT (-95.902049118474 41.262931979501)
20251467770,202500438,02/08/2025,02-February,7-Saturday,05:34,0500 Hours,District 6 (East Central),,LINN,US 30,US 30 E,Collision with:  Animal,Unknown,Non-collision (single vehicle),Animal,None Indicated,Animal in roadway,,,,,,Paved,,Property Damage Only,0,0,0,0,0,0,6000,1,1,Southbound (SB),POINT (-91.501807052961 41.921861976079)
20251467690,25001684,02/08/2025,02-February,7-Saturday,04:30,0400 Hours,District 4 (Southwest),,MILLS,I-29,RAMP I 29 N TO US 34 W,Collision with fixed object:  Ground,On Roadway,Non-collision (single vehicle),Ran off road - left,None Indicated,None apparent,Dark - roadway not lighted,Dry,Clear,None apparent,Interchange-related:  Off-ramp,Paved,,Property Damage Only,0,0,0,0,0,0,5000,1,1,Northbound (NB),POINT (-95.817465655749 41.046464410535)
20251467708,25-0062,02/08/2025,02-February,7-Saturday,18:55,1800 Hours,District 1 (Central),,WEBSTER,IA-7,IA 7 E,Collision with:  Animal,Unknown,Non-collision (single vehicle),Animal,None Indicated,Animal in roadway,,,,,,Paved,,Property Damage Only,0,0,0,0,0,0,8000,1,1,Southbound (SB),POINT (-94.279786381615 42.51603399198)
20251469444,2.5001e+007,02/08/2025,02-February,7-Saturday,07:40,0700 Hours,District 6 (East Central),,DELAWARE,77,160TH ST,Collision with fixed object:  Ditch,Other (explain in narrative),Non-collision (single vehicle),Ran off road - right,None Indicated,Unknown,Unknown,Dry,Unknown,None apparent,Non-intersection:  Non-junction/no special feature,Paved,,Possible/Unknown,0,1,0,0,0,1,8700,1,0,Southbound (SB),POINT (-91.168977694544 42.558467866393)
20251467712,20250003414,02/08/2025,02-February,7-Saturday,19:47,1900 Hours,District 1 (Central),DES MOINES,POLK,IA-415,IA 415 N MEASURING 376 FEET NORTH FROM US 6 E,Collision with fixed object:  Utility pole/light support,On Roadway,Other (explain in narrative),Improper or erratic lane changing,None Indicated,None apparent,Dark - roadway lighted,Dry,Clear,None apparent,Non-intersection:  Non-junction/no special feature,Paved,,Property Damage Only,0,0,0,0,0,0,5001,2,2,Northbound (NB),POINT (-93.619910636797 41.628716932357)
20251468854,2025003457,02/08/2025,02-February,7-Saturday,09:49,0900 Hours,District 6 (East Central),,JOHNSON,77,QUINCY RD/ JORDAN CREEK RD NE,Collision with fixed object:  Traffic sign support,Roadside,Non-collision (single vehicle),Ran off road - straight,None Indicated,None apparent,Daylight,Dry,Cloudy,None apparent,Intersection:  T-intersection,Unpaved,,Property Damage Only,0,0,0,0,0,0,10700,1,2,Northbound (NB),POINT (-91.509018054326 41.789649564449)
20251467691,CLP25000316,02/08/2025,02-February,7-Saturday,19:10,1900 Hours,District 6 (East Central),CLINTON,CLINTON,77,MILL CREEK PARKWAY MEASURING 2589 FEET NORTH FROM 2ND AVE SOUTH,Collision with:  Animal,Unknown,Non-collision (single vehicle),Animal,None Indicated,Animal in roadway,,,,,,Paved,,Property Damage Only,0,0,0,0,0,0,2500,1,2,Northbound (NB),POINT (-90.232758536001 41.851045924131)
20251467625,2501452,02/08/2025,02-February,7-Saturday,01:20,0100 Hours,District 3 (Northwest),,CRAWFORD,US 30,L AVE AND US 30 E,Collision with:  Vehicle in traffic,On Roadway,Rear-end (front to rear),Followed too close,Alcohol (Statutory),None apparent,Dark - roadway not lighted,Dry,Clear,None apparent,Non-intersection:  Non-junction/no special feature,Paved,,Minor Injury,0,2,0,2,0,0,15000,2,3,Southbound (SB),POINT (-95.213246214745 42.050345108438)
20251469321,2025003455,02/08/2025,02-February,7-Saturday,08:47,0800 Hours,District 2 (Northeast),,WORTH,I-35,I 35 N MEASURING 1761 FEET NORTH FROM MM 206 I 35 N,Collision with:  Animal,Unknown,Non-collision (single vehicle),Animal,None Indicated,Animal in roadway,,,,,,Paved,,Property Damage Only,0,0,0,0,0,0,2000,1,6,Northbound (NB),POINT (-93.348569172829 43.316603174027)
20251468071,25-2015,02/08/2025,02-February,7-Saturday,02:41,0200 Hours,District 2 (Northeast),,BREMER,US 63,US 63 N,Collision with:  Animal,On Roadway,Non-collision (single vehicle),Animal,None Indicated,Animal in roadway,,,,,,Paved,,Property Damage Only,0,0,0,0,0,0,5000,1,1,Northbound (NB),POINT (-92.337151794815 42.694108999119)
20251467669,W25-010924,02/08/2025,02-February,7-Saturday,08:32,0800 Hours,District 2 (Northeast),WATERLOO,BLACK HAWK,77,1100 BLK W SAN MARNAN DR,Collision with fixed object:  Utility pole/light support,Roadside,Non-collision (single vehicle),Driver Distraction:  Inattentive/lost in thought,None Indicated,None apparent,Daylight,Dry,Cloudy,None apparent,Non-intersection:  Non-junction/no special feature,Paved,,Possible/Unknown,0,1,0,0,1,0,2500,1,1,Southbound (SB),POINT (-92.379921552977 42.457534255081)
20251467649,25-00000239,02/08/2025,02-February,7-Saturday,07:32,0700 Hours,District 1 (Central),JOHNSTON,POLK,77,7100-B NW 70TH AVE,Collision with:  Vehicle in traffic,On Roadway,"Angle, oncoming left turn",Unknown,None Indicated,None apparent,Daylight,Dry,Cloudy,None apparent,Intersection:  Four-way intersection,Paved,,Property Damage Only,0,0,0,0,0,0,6000,2,3,Southbound (SB),POINT (-93.712214369295 41.688358687457)
20251469018,25010939,02/08/2025,02-February,7-Saturday,10:18,1000 Hours,District 2 (Northeast),CEDAR FALLS,BLACK HAWK,IA-57,600 B W 1ST STREET,Collision with:  Re-entering roadway,On Roadway,Broadside (front to side),FTYROW:  From driveway,None Indicated,None apparent,Daylight,Dry,Clear,None apparent,"Non-intersection:  Driveway access (related, not in)",Paved,,Minor Injury,0,1,0,1,0,0,19000,2,5,Southbound (SB),POINT (-92.452644856348 42.537822490229)
20251467665,20250003367,02/08/2025,02-February,7-Saturday,10:12,1000 Hours,District 1 (Central),DES MOINES,POLK,77,5800 FLEUR DR 30 FEET NORTH OF HIGHVIEW ST,Collision with:  Vehicle in traffic,On Roadway,"Sideswipe, same direction",Other (explain in narrative):  Other,None Indicated,None apparent,Daylight,Dry,Clear,None apparent,Non-intersection:  Non-junction/no special feature,Paved,,Property Damage Only,0,0,0,0,0,0,2500,2,6,Northbound (NB),POINT (-93.644960154003 41.531751081155)
20251467727,2025-9080,02/08/2025,02-February,7-Saturday,11:00,1100 Hours,District 6 (East Central),DAVENPORT,SCOTT,77,HILLANDALE RD AT NORTHWEST BLVD,Collision with fixed object:  Utility pole/light support,Shoulder,Non-collision (single vehicle),Made improper turn,None Indicated,None apparent,Daylight,Wet,Freezing rain/drizzle,None apparent,Intersection:  Four-way intersection,Paved,,Property Damage Only,0,0,0,0,0,0,8000,1,1,Northbound (NB),POINT (-90.624898913116 41.604279540071)
20251469294,2025003452,02/08/2025,02-February,7-Saturday,02:10,0200 Hours,District 1 (Central),DES MOINES,POLK,77,EAST 26TH ST AND MAPLE ST,Collision with:  Parked motor vehicle,On Roadway,Rear-end (front to rear),Exceeded authorized speed,Under Influence of Alcohol/Drugs/Medications,None apparent,Dark - roadway lighted,Dry,Clear,None apparent,Non-intersection:  Non-junction/no special feature,Paved,,Major Injury,0,2,1,0,1,0,33788,3,2,Northbound (NB),POINT (-93.567985782858 41.598306622937)