Iowa DOT Case Number,Law Enforcement Case Number,Date of Crash,Month of Crash,Day of Week,Time of Crash,Hour,DOT District,City Name,County Name,Route with System,Location Description,First Harmful Event,Location of First Harmful Event,Manner of Crash/Collision,Major Cause,Drug or Alcohol ,Environmental Conditions,Light Conditions,Surface Conditions,Weather Conditions,Roadway Contribution,Roadway Type,Roadway Surface,Work Zone,Crash Severity,Number of Fatalities,Number of Injuries,Number of Major Injuries,Number of Minor Injuries,Number of Possible Injuries,Number of Unknown Injuries,Amount of Property Damage,Number of Vehicles Involved,Total Number of Occupants,Travel Direction,Location
20251467820,25-00612,02/08/2025,02-February,7-Saturday,13:08,1300 Hours,District 1 (Central),WEST DES MOINES,DALLAS,77,JORDAN CREEK PARKWAY,Collision with:  Vehicle in traffic,On Roadway,Rear-end (front to rear),Followed too close,None Indicated,None apparent,Daylight,Dry,Cloudy,None apparent,Non-intersection:  Non-junction/no special feature,Paved,,Property Damage Only,0,0,0,0,0,0,3300,4,8,Eastbound (EB),POINT (-93.809199804847 41.584945326994)
20251467811,25SC03527,02/08/2025,02-February,7-Saturday,18:52,1800 Hours,District 3 (Northwest),SIOUX CITY,WOODBURY,77,5TH ST,Collision with:  Vehicle in traffic,On Roadway,"Sideswipe, same direction",Traveling wrong way or on wrong side of road,None Indicated,None apparent,Dark - roadway lighted,Dry,Clear,None apparent,Non-intersection:  Non-junction/no special feature,Paved,,Property Damage Only,0,0,0,0,0,0,3500,2,3,Southbound (SB),POINT (-96.393877270128 42.495330781257)
20251467662,20250003363,02/08/2025,02-February,7-Saturday,09:23,0900 Hours,District 1 (Central),DES MOINES,POLK,77,3700 BLOCK GEORGE FLAGG PARKWAY,Miscellaneous events:  Immersion,Outside trafficway,Non-collision (single vehicle),Lost Control,None Indicated,None apparent,Daylight,Dry,Cloudy,None apparent,Intersection:  Y-intersection,Unpaved,,Property Damage Only,0,0,0,0,0,0,3000,1,2,,POINT (-93.669937989243 41.561620623101)
20251467681,20250003390,02/08/2025,02-February,7-Saturday,14:43,1400 Hours,District 1 (Central),DES MOINES,POLK,I-235,"I 235 W MEASURING 587 FEET EAST FROM RAMP I 235 W TO DAY ST, W",Collision with:  Vehicle in traffic,On Roadway,"Sideswipe, same direction",Improper or erratic lane changing,None Indicated,None apparent,Daylight,Dry,Clear,None apparent,Non-intersection:  Non-junction/no special feature,Paved,,Property Damage Only,0,0,0,0,0,0,4500,2,3,Westbound (WB),POINT (-93.616990591999 41.595676162641)
20251467693,25-001362,02/08/2025,02-February,7-Saturday,20:15,2000 Hours,District 4 (Southwest),COUNCIL BLUFFS,POTTAWATTAMIE,77,SOUTH EXPRESSWAY/  I 29 ON RAMP,Collision with:  Vehicle in traffic,On Roadway,Rear-end (front to rear),Followed too close,None Indicated,None apparent,Dark - roadway lighted,Dry,Clear,None apparent,Intersection:  Four-way intersection,Unpaved,,Property Damage Only,0,0,0,0,0,0,6000,2,2,Eastbound (EB),POINT (-95.851530807081 41.234564336101)
20251467715,2025001168,02/08/2025,02-February,7-Saturday,02:00,0200 Hours,District 6 (East Central),IOWA CITY,JOHNSON,77,800 BLK OF MAGGARD ST,Collision with:  Parked motor vehicle,On Roadway,Unknown,Unknown,None Indicated,Unknown,Dark - roadway lighted,Wet,Cloudy,Unknown,Non-intersection:  Other non-intersection (explain in narrative),Paved,,Property Damage Only,0,0,0,0,0,0,16000,2,1,Northbound (NB),POINT (-91.517191127105 41.651033291547)
20251467595,,02/08/2025,02-February,7-Saturday,16:55,1600 Hours,District 6 (East Central),DAVENPORT,SCOTT,77,EAST 53RD ST,Collision with:  Vehicle in traffic,On Roadway,Rear-end (front to rear),Unknown,None Indicated,,Daylight,Dry,Clear,,Intersection:  Four-way intersection,Paved,,Property Damage Only,0,0,0,0,0,0,1900,2,3,Southbound (SB),POINT (-90.539720187159 41.574783814006)
20251467723,MC2500442,02/08/2025,02-February,7-Saturday,13:16,1300 Hours,District 2 (Northeast),MASON CITY,CERRO GORDO,77,SOUTH PIERCE AVE AND IA 122 E,Collision with:  Vehicle in traffic,On Roadway,Broadside (front to side),Ran Traffic Signal,None Indicated,None apparent,Daylight,Wet,Cloudy,None apparent,Intersection:  Four-way intersection,Paved,,Property Damage Only,0,0,0,0,0,0,6000,2,4,Northbound (NB),POINT (-93.221012740449 43.148307409053)
20251467909,25002537,02/08/2025,02-February,7-Saturday,22:49,2200 Hours,District 5 (Southeast),,MAHASKA,77,RUTLEDGE AVE,Collision with:  Parked motor vehicle,Other (explain in narrative),Rear to rear,"Operating vehicle in an reckless, erratic, careless, negligent manner",Alcohol (Statutory),None apparent,Dark - roadway not lighted,Dry,Clear,None apparent,Non-intersection:  Driveway access (within),Unpaved,,Property Damage Only,0,0,0,0,0,0,7150,3,1,Northbound (NB),POINT (-92.525974129073 41.227450156385)
20251467722,2025-04216,02/08/2025,02-February,7-Saturday,11:44,1100 Hours,District 5 (Southeast),INDIANOLA,WARREN,77,SOUTH 15TH ST,Collision with:  Vehicle in traffic,In parking lane/zone,Head-on (front to front),Unknown,None Indicated,None apparent,Daylight,Dry,Clear,None apparent,Intersection:  T-intersection,Paved,,Possible/Unknown,0,1,0,0,1,0,4000,2,2,Northbound (NB),POINT (-93.539731267161 41.356286723994)
20251467787,202500455,02/09/2025,02-February,1-Sunday,21:59,2100 Hours,District 6 (East Central),FAIRFAX,LINN,77,SUNSET DR,Collision with:  Parked motor vehicle,In parking lane/zone,Other (explain in narrative),Unknown,None Indicated,None apparent,Dark - roadway not lighted,Dry,Clear,None apparent,Non-intersection:  Non-junction/no special feature,Paved,,Property Damage Only,0,0,0,0,0,0,2000,2,2,Northbound (NB),POINT (-91.755688207093 41.932910209463)
20251467773,25-964,02/09/2025,02-February,1-Sunday,15:51,1500 Hours,District 1 (Central),,POLK,77,"10704 NE RIECK DR, BONDURANT, IA 50035",Collision with fixed object:  Guardrail - face,On Roadway,Non-collision (single vehicle),Driver Distraction:  Manual operation of an electronic communication device,None Indicated,None apparent,Daylight,Dry,Clear,None apparent,Non-intersection:  Non-junction/no special feature,Paved,,Minor Injury,0,1,0,1,0,0,25200,1,1,Northbound (NB),POINT (-93.422860570868 41.75381892009)
20251469685,SO2500554,02/09/2025,02-February,1-Sunday,13:18,1300 Hours,District 5 (Southeast),,JEFFERSON,77,167TH ST,Collision with:  Vehicle in traffic,On Roadway,Head-on (front to front),Other (explain in narrative):  No improper action,None Indicated,None apparent,Daylight,Dry,Cloudy,None apparent,Intersection:  Other intersection (explain in narrative),Unpaved,,Property Damage Only,0,0,0,0,0,0,2000,2,1,Southbound (SB),POINT (-91.918321050372 41.064402714048)
20251468156,2025001203,02/09/2025,02-February,1-Sunday,12:51,1200 Hours,District 6 (East Central),IOWA CITY,JOHNSON,77,IOWA AVE,Collision with fixed object:  Traffic sign support,Outside trafficway,Non-collision (single vehicle),Driver Distraction:  Exterior distraction,None Indicated,None apparent,Daylight,Dry,Cloudy,None apparent,Intersection:  T-intersection,Paved,,Property Damage Only,0,0,0,0,0,0,2100,1,1,Southbound (SB),POINT (-91.531681437728 41.661270998541)
20251467765,20250003479,02/09/2025,02-February,1-Sunday,19:21,1900 Hours,District 1 (Central),URBANDALE,POLK,IA-28,IA 28 S MEASURING 830 FEET SOUTH FROM IA 28 N,Collision with:  Vehicle in traffic,On Roadway,Rear-end (front to rear),Followed too close,None Indicated,None apparent,Dark - roadway not lighted,Dry,Clear,None apparent,Non-intersection:  Non-junction/no special feature,Paved,,Possible/Unknown,0,2,0,0,1,1,1500,2,2,Eastbound (EB),POINT (-93.697711525377 41.64169171226)
20251467875,25-004930,02/09/2025,02-February,1-Sunday,11:39,1100 Hours,District 5 (Southeast),MUSCATINE,MUSCATINE,77,LINN ST AND WEST 3RD ST,Collision with:  Vehicle in traffic,On Roadway,Broadside (front to side),FTYROW:  From stop sign,None Indicated,None apparent,Daylight,Dry,Clear,None apparent,Interchange-related:  Other interchange (explain in narrative),Paved,,Property Damage Only,0,0,0,0,0,0,11000,2,2,Northbound (NB),POINT (-91.049649847234 41.420312098118)
20251467739,25-957,02/09/2025,02-February,1-Sunday,08:46,0800 Hours,District 1 (Central),,POLK,IA-141,"11800 BLK NW GRANGER DR,GRAN",Collision with fixed object:  Tree,On Roadway,Non-collision (single vehicle),Driver Distraction:  Manual operation of an electronic communication device,None Indicated,None apparent,Daylight,Dry,Clear,None apparent,Non-intersection:  Non-junction/no special feature,Paved,,Fatal,1,0,0,0,0,0,20000,1,1,Southbound (SB),POINT (-93.77965963918 41.741954025417)
20251467800,2025-000419,02/09/2025,02-February,1-Sunday,18:48,1800 Hours,District 6 (East Central),,DUBUQUE,77,COX SPRINGS RD,Collision with:  Vehicle in traffic,On Roadway,"Sideswipe, same direction",Swerving/Evasive Action,None Indicated,None apparent,Dark - roadway not lighted,Dry,Clear,None apparent,Non-intersection:  Crossover-related,Paved,,Possible/Unknown,0,1,0,0,1,0,10000,2,6,Northbound (NB),POINT (-90.830823069225 42.440375037399)
20251467762,20250003467,02/09/2025,02-February,1-Sunday,16:50,1600 Hours,District 1 (Central),DES MOINES,POLK,77,17TH ST MEASURING 39 FEET NORTH FROM CENTER ST,Collision with:  Vehicle in traffic,On Roadway,Broadside (front to side),FTYROW:  From stop sign,None Indicated,None apparent,Daylight,Dry,Clear,None apparent,Intersection:  Four-way intersection,Paved,,Property Damage Only,0,0,0,0,0,0,3000,2,2,Northbound (NB),POINT (-93.640145989869 41.591766523299)
20251467726,20250003440,02/09/2025,02-February,1-Sunday,00:00,0000 Hours,District 1 (Central),DES MOINES,POLK,IA-28,IA 28 N MEASURING 93 FEET SOUTH FROM MERLE HAY RD 1 UNSIGNED ROUTE,Collision with:  Parked motor vehicle,Outside trafficway,Unknown,Other (explain in narrative):  No improper action,None Indicated,None apparent,Dark - roadway lighted,Dry,Clear,None apparent,Non-intersection:  Non-junction/no special feature,Paved,,Property Damage Only,0,0,0,0,0,0,5500,2,1,Northbound (NB),POINT (-93.697623208408 41.646862351342)
20251468271,H25-0027,02/09/2025,02-February,1-Sunday,13:37,1300 Hours,District 3 (Northwest),HINTON,PLYMOUTH,77,ORBIT DR,Collision with:  Parked motor vehicle,On Roadway,Rear-end (front to rear),Driver Distraction:  Other interior distraction,None Indicated,None apparent,Daylight,Dry,Clear,None apparent,Non-intersection:  Non-junction/no special feature,Paved,,Property Damage Only,0,0,0,0,0,0,2000,2,2,Southbound (SB),POINT (-96.298562523139 42.612131808693)
20251469572,0,02/09/2025,02-February,1-Sunday,13:47,1300 Hours,District 6 (East Central),CORALVILLE,JOHNSON,I-80,1ST AVE / INTERSTATE 80,Collision with:  Vehicle in traffic,On Roadway,Head-on (front to front),Ran Traffic Signal,None Indicated,None apparent,Daylight,Dry,Clear,None apparent,Intersection:  Other intersection (explain in narrative),Paved,,Property Damage Only,0,0,0,0,0,0,5000,2,2,Southbound (SB),POINT (-91.564998746975 41.68563207413)
20251469361,0,02/09/2025,02-February,1-Sunday,10:30,1000 Hours,District 3 (Northwest),HAWARDEN,SIOUX,IA-12,10TH ST and IA 12 N and IA 10 E,Collision with:  Vehicle in traffic,On Roadway,,FTYROW:  From stop sign,None Indicated,,Daylight,Dry,Clear,,Intersection:  Four-way intersection,Paved,,Property Damage Only,0,0,0,0,0,0,5000,2,2,Northbound (NB),POINT (-96.488091438063 42.99676796112)
20251467799,2025-000413,02/09/2025,02-February,1-Sunday,00:23,0000 Hours,District 6 (East Central),,DUBUQUE,US 151,US 151 S,Collision with:  Animal,Unknown,Non-collision (single vehicle),Animal,None Indicated,Animal in roadway,,,,,,Paved,,Property Damage Only,0,0,0,0,0,0,15000,1,1,Eastbound (EB),POINT (-90.727285602265 42.415800600524)
20251468779,25-00086,02/09/2025,02-February,1-Sunday,02:12,0200 Hours,District 1 (Central),WINDSOR HEIGHTS,POLK,I-235,6800 BLOCK I235 WB,Collision with:  Vehicle in traffic,On Roadway,Rear-end (front to rear),Equipment failure,None Indicated,None apparent,Dark - roadway lighted,Dry,Clear,None apparent,Non-intersection:  Non-junction/no special feature,Paved,,Minor Injury,0,1,0,1,0,0,25000,2,4,Westbound (WB),POINT (-93.712057378818 41.593397277738)
20251467749,25-001858,02/09/2025,02-February,1-Sunday,10:09,1000 Hours,District 3 (Northwest),,PLYMOUTH,IA-12,IA 12 N MEASURING 3809 FEET NORTH FROM BUTCHER RD,Collision with:  Animal,On Roadway,Non-collision (single vehicle),Animal,None Indicated,Animal in roadway,,,,,,Paved,,Property Damage Only,0,0,0,0,0,0,2000,1,1,Northbound (NB),POINT (-96.581336106414 42.696716907773)
20251467782,25PD-0228,02/09/2025,02-February,1-Sunday,22:06,2200 Hours,District 1 (Central),HUMBOLDT,HUMBOLDT,77,12TH ST NORTH AND 6TH AVE NORTH,Collision with:  Vehicle in traffic,On Roadway,Broadside (front to side),FTYROW:  From stop sign,None Indicated,None apparent,Dark - roadway not lighted,Dry,Clear,None apparent,Intersection:  Four-way intersection,Paved,,Property Damage Only,0,0,0,0,0,0,18000,2,2,Southbound (SB),POINT (-94.225632973645 42.72767020904)
20251468111,25-000586,02/09/2025,02-February,1-Sunday,17:21,1700 Hours,District 1 (Central),ANKENY,POLK,77,E 1ST ST/NE DELAWARE AVE,Collision with:  Vehicle in traffic,On Roadway,Rear-end (front to rear),Followed too close,Alcohol (Statutory),None apparent,Dusk,Dry,Clear,None apparent,Intersection:  Four-way intersection,Paved,,Possible/Unknown,0,1,0,0,1,0,10000,2,3,Northbound (NB),POINT (-93.58106704194 41.732105364216)
20251467764,20250003478,02/09/2025,02-February,1-Sunday,19:00,1900 Hours,District 1 (Central),DES MOINES,POLK,77,WILLIAMS ST AND EAST DOUGLAS AVE,Collision with:  Parked motor vehicle,On Roadway,Head-on (front to front),Unknown,None Indicated,None apparent,Dark - roadway lighted,Dry,Clear,None apparent,Non-intersection:  Non-junction/no special feature,Paved,,Possible/Unknown,0,1,0,0,0,1,4000,2,1,Southbound (SB),POINT (-93.53309691414 41.629602675283)
20251469695,202501789,02/09/2025,02-February,1-Sunday,09:40,0900 Hours,District 6 (East Central),CEDAR RAPIDS,LINN,77,WILSON AVE SW AND WEST POST RD SW,Collision with:  Vehicle in traffic,On Roadway,"Sideswipe, same direction",Ran Stop Sign,None Indicated,None apparent,Daylight,Dry,Cloudy,None apparent,Intersection:  Four-way intersection,Unpaved,,Property Damage Only,0,0,0,0,0,0,10000,2,2,Northbound (NB),POINT (-91.740457794271 41.95662941263)
20251467873,25-001891,02/09/2025,02-February,1-Sunday,20:13,2000 Hours,District 3 (Northwest),LE MARS,PLYMOUTH,IA-3,IA 3 E MEASURING 788 FEET WEST FROM 9TH AVE SW,Collision with:  Animal,Unknown,Non-collision (single vehicle),Animal,None Indicated,Animal in roadway,,,,,,Paved,,Property Damage Only,0,0,0,0,0,0,2000,1,1,Southbound (SB),POINT (-96.182844253066 42.793254880839)
20251467791,W25-011204,02/09/2025,02-February,1-Sunday,03:26,0300 Hours,District 2 (Northeast),WATERLOO,BLACK HAWK,77,800- BLK PROGRESS AVE,Collision with:  Parked motor vehicle,On Roadway,Rear-end (front to rear),Failed to keep in proper lane,Alcohol (Statutory),None apparent,Dark - roadway not lighted,Dry,Clear,None apparent,Non-intersection:  Non-junction/no special feature,Paved,,Property Damage Only,0,0,0,0,0,0,3500,2,1,Northbound (NB),POINT (-92.402258543403 42.501511496126)
20251468439,25SC03644,02/09/2025,02-February,1-Sunday,22:00,2200 Hours,District 3 (Northwest),SIOUX CITY,WOODBURY,77,5TH ST AND KANSAS ST AND WESLEY PARKWAY,Collision with:  Vehicle in traffic,On Roadway,Broadside (front to side),Traveling wrong way or on wrong side of road,Under Influence of Alcohol/Drugs/Medications,None apparent,Dark - roadway lighted,Dry,Clear,None apparent,Intersection:  Four-way intersection,Paved,,Possible/Unknown,0,2,0,0,2,0,29000,4,2,Southbound (SB),POINT (-96.410601337825 42.495211931455)
20251467918,OCFS2503607,02/09/2025,02-February,1-Sunday,18:45,1800 Hours,District 5 (Southeast),OTTUMWA,WAPELLO,IA-149,NB WAPELLO STREET BRIDGE,Collision with:  Vehicle in traffic,On Roadway,Rear-end (front to rear),Aggressive driving/road rage,None Indicated,None apparent,Dark - roadway lighted,Dry,Clear,None apparent,Non-intersection:  Non-junction/no special feature,Paved,,Property Damage Only,0,0,0,0,0,0,8000,2,2,Northbound (NB),POINT (-92.422789219421 41.015570726271)
20251467728,2025001200,02/09/2025,02-February,1-Sunday,10:55,1000 Hours,District 6 (East Central),IOWA CITY,JOHNSON,IA-1,BLOOMINGTON ST AND IA 1 S,Collision with:  Vehicle in traffic,On Roadway,"Sideswipe, same direction",Made improper turn,None Indicated,None apparent,Daylight,Dry,Clear,None apparent,Intersection:  Four-way intersection,Paved,,Property Damage Only,0,0,0,0,0,0,3000,2,2,Eastbound (EB),POINT (-91.525719818651 41.664617272113)
20251467998,25001068,02/09/2025,02-February,1-Sunday,00:21,0000 Hours,District 6 (East Central),RYAN,DELAWARE,IA-13,IA 13 N,Collision with fixed object:  Utility pole/light support,Outside trafficway,Non-collision (single vehicle),Ran off road - right,None Indicated,None apparent,Dark - roadway not lighted,Dry,Clear,None apparent,Non-intersection:  Non-junction/no special feature,Paved,,Property Damage Only,0,0,0,0,0,0,11000,1,1,Northbound (NB),POINT (-91.479260795499 42.352959109634)
20251467785,N25000077,02/09/2025,02-February,1-Sunday,02:43,0200 Hours,District 6 (East Central),NORTH LIBERTY,JOHNSON,77,SOUTH DUBUQUE ST,Collision with fixed object:  Curb/island/raised median,Median,Non-collision (single vehicle),Exceeded authorized speed,None Indicated,None apparent,Dark - roadway lighted,Dry,Clear,None apparent,Non-intersection:  Other non-intersection (explain in narrative),Paved,,Property Damage Only,0,0,0,0,0,0,6800,1,1,Northbound (NB),POINT (-91.574992896176 41.733636598744)
20251467906,25000996,02/09/2025,02-February,1-Sunday,19:57,1900 Hours,District 1 (Central),,HAMILTON,77,290TH ST,Collision with:  Animal,On Roadway,Non-collision (single vehicle),Animal,None Indicated,Animal in roadway,Dark - roadway not lighted,Dry,Clear,None apparent,Non-intersection:  Non-junction/no special feature,Paved,,Property Damage Only,0,0,0,0,0,0,2000,1,2,Southbound (SB),POINT (-93.922122575248 42.368595172788)
20251467706,20250003434,02/09/2025,02-February,1-Sunday,02:40,0200 Hours,District 1 (Central),DES MOINES,POLK,US 69,CUMMINS RD AND US 69 S,Non-collision events:  Other non-collision (explain in narrative),On Roadway,Non-collision (single vehicle),Driver Distraction:  Other interior distraction,Alcohol (Statutory),None apparent,Dark - roadway lighted,Dry,Clear,None apparent,Intersection:  Four-way intersection,Paved,,Minor Injury,0,1,0,1,0,0,6000,1,1,Eastbound (EB),POINT (-93.596877532875 41.528912171759)
20251467777,25-002460,02/09/2025,02-February,1-Sunday,20:06,2000 Hours,District 6 (East Central),,JACKSON,77,BELLEVUE-CASCADE RD,Collision with:  Animal,Unknown,Non-collision (single vehicle),Animal,None Indicated,Animal in roadway,,,,,,Paved,,Property Damage Only,0,0,0,0,0,0,10000,1,1,Southbound (SB),POINT (-90.733093817838 42.241506493214)
20251468072,25002067,02/09/2025,02-February,1-Sunday,06:45,0600 Hours,District 2 (Northeast),,BREMER,77,275TH ST,Collision with:  Animal,Unknown,Non-collision (single vehicle),Animal,None Indicated,Animal in roadway,,,,,,Paved,,Property Damage Only,0,0,0,0,0,0,3500,1,1,Southbound (SB),POINT (-92.395682470383 42.649567024596)
20251469619,W25-00396,02/09/2025,02-February,1-Sunday,16:29,1600 Hours,District 5 (Southeast),WEST BURLINGTON,DES MOINES,77,WEST BURLINGTON AVE MEASURING 62 FEET SOUTH FROM EAST HUSTON ST,Collision with:  Parked motor vehicle,On Roadway,Rear to side,Over correcting/over steering,None Indicated,None apparent,Daylight,Dry,Clear,None apparent,Non-intersection:  Non-junction/no special feature,Paved,,Property Damage Only,0,0,0,0,0,0,3500,2,1,Northbound (NB),POINT (-91.15099222061 40.822840414057)
20251468226,2025003491,02/09/2025,02-February,1-Sunday,11:47,1100 Hours,District 3 (Northwest),,SIOUX,US 18,US 75 N AND 310TH ST AND US 18 E,Collision with:  Vehicle in traffic,On Roadway,Broadside (front to side),FTYROW:  Making left turn,None Indicated,None apparent,Daylight,Dry,Clear,None apparent,Intersection:  Four-way intersection,Paved,,Major Injury,0,3,2,0,1,0,20000,2,3,Southbound (SB),POINT (-96.177352142963 43.200159299953)
20251468259,25-001021,02/09/2025,02-February,1-Sunday,16:18,1600 Hours,District 5 (Southeast),OSCEOLA,CLARKE,77,TRUMAN RD,Collision with:  Vehicle in traffic,On Roadway,Rear to side,Driver Distraction:  Other interior distraction,None Indicated,None apparent,Daylight,Dry,Clear,None apparent,Non-intersection:  Non-junction/no special feature,Unpaved,,Property Damage Only,0,0,0,0,0,0,3000,2,2,Southbound (SB),POINT (-93.791296864528 41.030388231895)
20251467779,WPD-P250048,02/09/2025,02-February,1-Sunday,18:23,1800 Hours,District 6 (East Central),WILLIAMSBURG,IOWA,I-80,RAMP IA 149 N TO I 80 E,Collision with fixed object:  Guardrail - face,On Roadway,Non-collision (single vehicle),Driver Distraction:  Reaching for object(s)/fallen object(s),None Indicated,None apparent,Dark - roadway lighted,Dry,Clear,None apparent,Interchange-related:  On-ramp merge area,Paved,,Minor Injury,0,1,0,1,0,0,57000,1,1,Southbound (SB),POINT (-92.00621269208 41.685971486178)
20251468539,25001304,02/09/2025,02-February,1-Sunday,10:39,1000 Hours,District 6 (East Central),,BUCHANAN,77,DEACON AVE MEASURING 347 FEET NORTH FROM 220TH ST,Collision with fixed object:  Ditch,On Roadway,Non-collision (single vehicle),Ran off road - right,None Indicated,None apparent,Daylight,Gravel,Clear,None apparent,Non-intersection:  Non-junction/no special feature,Unpaved,,Property Damage Only,0,0,0,0,0,0,7000,1,1,Northbound (NB),POINT (-92.022129992702 42.468864078246)
20251467724,2025-000914,02/09/2025,02-February,1-Sunday,11:56,1100 Hours,District 6 (East Central),DUBUQUE,DUBUQUE,77,IOWA ST AND WEST 5TH ST,Collision with:  Vehicle in traffic,On Roadway,Rear-end (front to rear),Lost Control,None Indicated,None apparent,Daylight,Dry,Clear,None apparent,Intersection:  Four-way intersection,Paved,,Property Damage Only,0,0,0,0,0,0,4000,2,2,Northbound (NB),POINT (-90.664515652005 42.498836674395)
20251469694,202501787,02/09/2025,02-February,1-Sunday,09:05,0900 Hours,District 6 (East Central),CEDAR RAPIDS,LINN,77,H AVE AND CENTER POINT RD NE,Collision with:  Vehicle in traffic,On Roadway,Broadside (front to side),FTYROW:  From stop sign,None Indicated,None apparent,Daylight,Dry,Clear,None apparent,Intersection:  Four-way intersection,Paved,,Property Damage Only,0,0,0,0,0,0,4000,2,4,Eastbound (EB),POINT (-91.66260831402 41.995773464408)
20251467748,202500001586,02/09/2025,02-February,1-Sunday,14:11,1400 Hours,District 6 (East Central),MARION,LINN,77,EAST POST RD/HIGHWAY 100,Collision with:  Vehicle in traffic,On Roadway,Rear-end (front to rear),Followed too close,None Indicated,None apparent,Daylight,Dry,Clear,None apparent,Intersection:  Four-way intersection,Paved,,Property Damage Only,0,0,0,0,0,0,4000,2,2,Northbound (NB),POINT (-91.599232385423 42.015119721196)
20251467874,25-004927,02/09/2025,02-February,1-Sunday,11:09,1100 Hours,District 5 (Southeast),MUSCATINE,MUSCATINE,IA-22,HWY 38 AND HWY 61,Collision with:  Vehicle in traffic,On Roadway,Broadside (front to side),Ran Traffic Signal,None Indicated,None apparent,Daylight,Dry,Clear,None apparent,Intersection:  Four-way intersection,Paved,,Property Damage Only,0,0,0,0,0,0,25000,2,2,Westbound (WB),POINT (-91.030047147074 41.453636728646)
20251467902,25-4034,02/09/2025,02-February,1-Sunday,12:58,1200 Hours,District 1 (Central),NEWTON,JASPER,77,NORTH 8TH AVE EAST,Collision with:  Vehicle in traffic,On Roadway,"Sideswipe, opposite direction",Failed to keep in proper lane,None Indicated,None apparent,Daylight,Dry,Clear,None apparent,Intersection:  T-intersection,Paved,,Property Damage Only,0,0,0,0,0,0,1500,2,3,Southbound (SB),POINT (-93.053126738933 41.706360792999)
20251467781,25-002094,02/09/2025,02-February,1-Sunday,18:14,1800 Hours,District 5 (Southeast),,HENRY,US 34,US 34 W,Collision with:  Animal,Unknown,Non-collision (single vehicle),Animal,None Indicated,Animal in roadway,,,,,,Paved,,Property Damage Only,0,0,0,0,0,0,2500,1,1,Westbound (WB),POINT (-91.427165173621 40.925519993487)
20251467780,25-000810,02/09/2025,02-February,1-Sunday,22:17,2200 Hours,District 1 (Central),,GREENE,US 30,US 30 E AND K AVE,Collision with:  Animal,Unknown,Non-collision (single vehicle),Animal,None Indicated,Animal in roadway,,,,,,Paved,,Property Damage Only,0,0,0,0,0,0,4000,1,2,Southbound (SB),POINT (-94.441377440574 42.034646948904)
20251467746,25-00622,02/09/2025,02-February,1-Sunday,11:39,1100 Hours,District 1 (Central),WEST DES MOINES,POLK,I-235,"22ND ST AND RAMP I 235 W TO 22ND ST, N",Collision with:  Vehicle in traffic,On Roadway,Broadside (front to side),Other (explain in narrative):  Other,None Indicated,None apparent,Daylight,Dry,Clear,None apparent,Intersection:  Four-way intersection,Paved,,Property Damage Only,0,0,0,0,0,0,6000,2,5,Westbound (WB),POINT (-93.736033841349 41.593696638331)
20251467905,25000988,02/09/2025,02-February,1-Sunday,15:09,1500 Hours,District 1 (Central),,HAMILTON,IA-175,IA 175 E,Non-collision events:  Other non-collision (explain in narrative),Other (explain in narrative),Rear-end (front to rear),Other (explain in narrative):  Other,None Indicated,Visual obstruction,Daylight,Dry,"Fog, smoke, smog",None apparent,Non-intersection:  Non-junction/no special feature,Paved,,Property Damage Only,0,0,0,0,0,0,8000,2,2,Southbound (SB),POINT (-93.818816047181 42.267376702613)
20251467848,CB25-001378,02/09/2025,02-February,1-Sunday,19:23,1900 Hours,District 4 (Southwest),COUNCIL BLUFFS,POTTAWATTAMIE,77,1231 CRESCENT DR,Collision with:  Parked motor vehicle,On Roadway,Head-on (front to front),Lost Control,None Indicated,None apparent,Dark - roadway not lighted,Dry,Clear,None apparent,Non-intersection:  Non-junction/no special feature,Paved,,Minor Injury,0,1,0,1,0,0,10000,2,1,Northbound (NB),POINT (-95.853723298245 41.273408471946)
20251467789,FD25-0360,02/09/2025,02-February,1-Sunday,01:48,0100 Hours,District 1 (Central),FORT DODGE,WEBSTER,77,1413 2ND AVE NORTH,Collision with:  Parked motor vehicle,On Roadway,Rear-end (front to rear),Lost Control,None Indicated,None apparent,Dark - roadway not lighted,Dry,Clear,None apparent,Non-intersection:  Non-junction/no special feature,Paved,,Possible/Unknown,0,1,0,0,0,1,4000,2,1,Southbound (SB),POINT (-94.178735665161 42.508265452908)
20251467758,2025-000917,02/09/2025,02-February,1-Sunday,16:55,1600 Hours,District 6 (East Central),DUBUQUE,DUBUQUE,77,PENNSYLVANIA AVE MEASURING 520 FEET EAST FROM LUCY DR,Collision with:  Vehicle in traffic,On Roadway,Rear-end (front to rear),Lost Control,None Indicated,None apparent,Daylight,Dry,Clear,None apparent,Non-intersection:  Non-junction/no special feature,Paved,,Property Damage Only,0,0,0,0,0,0,1500,2,3,Southbound (SB),POINT (-90.732744967877 42.500639715562)
20251467754,25-000233,02/09/2025,02-February,1-Sunday,16:37,1600 Hours,District 1 (Central),ALTOONA,POLK,77,700 BLOCK 34TH AVE SW,Collision with:  Vehicle in traffic,On Roadway,Broadside (front to side),FTYROW:  From stop sign,None Indicated,None apparent,Daylight,Dry,Clear,None apparent,"Non-intersection:  Driveway access (related, not in)",Paved,,Possible/Unknown,0,2,0,0,2,0,10000,2,3,Northbound (NB),POINT (-93.50311868233 41.646455146208)