Iowa DOT Case Number,Law Enforcement Case Number,Date of Crash,Month of Crash,Day of Week,Time of Crash,Hour,DOT District,City Name,County Name,Route with System,Location Description,First Harmful Event,Location of First Harmful Event,Manner of Crash/Collision,Major Cause,Drug or Alcohol ,Environmental Conditions,Light Conditions,Surface Conditions,Weather Conditions,Roadway Contribution,Roadway Type,Roadway Surface,Work Zone,Crash Severity,Number of Fatalities,Number of Injuries,Number of Major Injuries,Number of Minor Injuries,Number of Possible Injuries,Number of Unknown Injuries,Amount of Property Damage,Number of Vehicles Involved,Total Number of Occupants,Travel Direction,Location
20251467982,25SC03704,02/10/2025,02-February,2-Monday,16:17,1600 Hours,District 3 (Northwest),SIOUX CITY,WOODBURY,77,WEST 19TH ST & GENEVA ST,Collision with:  Vehicle in traffic,On Roadway,Rear-end (front to rear),Followed too close,None Indicated,Weather conditions,Daylight,Snow,Snow,"Surface condition (e.g., wet, icy)",Non-intersection:  Non-junction/no special feature,Paved,,Property Damage Only,0,0,0,0,0,0,3000,2,3,Southbound (SB),POINT (-96.418580327791 42.510551652079)
20251467999,25SC03705,02/10/2025,02-February,2-Monday,16:28,1600 Hours,District 3 (Northwest),SIOUX CITY,WOODBURY,77,27TH ST,Collision with:  Vehicle in traffic,On Roadway,Rear-end (front to rear),Followed too close,None Indicated,None apparent,Daylight,Snow,Snow,"Surface condition (e.g., wet, icy)",Non-intersection:  Non-junction/no special feature,Paved,,Property Damage Only,0,0,0,0,0,0,3000,2,6,Southbound (SB),POINT (-96.387289783114 42.517532845639)
20251469568,2.5001e+007,02/10/2025,02-February,2-Monday,17:17,1700 Hours,District 1 (Central),,HAMILTON,I-35,I 35 S,Non-collision events:  Other non-collision (explain in narrative),Other (explain in narrative),Non-collision (single vehicle),Other (explain in narrative):  No improper action,None Indicated,None apparent,Dusk,Dry,Clear,None apparent,Non-intersection:  Non-junction/no special feature,Paved,,Property Damage Only,0,0,0,0,0,0,16000,3,9,Eastbound (EB),POINT (-93.570099747792 42.336248750177)
20251467981,25SC03701,02/10/2025,02-February,2-Monday,15:57,1500 Hours,District 3 (Northwest),SIOUX CITY,WOODBURY,77,WEST 4TH ST,Collision with:  Vehicle in traffic,On Roadway,Head-on (front to front),Driving too fast for conditions,None Indicated,Weather conditions,Daylight,Snow,Snow,"Surface condition (e.g., wet, icy)",Non-intersection:  Non-junction/no special feature,Paved,,Property Damage Only,0,0,0,0,0,0,13000,2,5,Southbound (SB),POINT (-96.4538933199 42.500063955817)
20251469646,2025-9502,02/10/2025,02-February,2-Monday,10:09,1000 Hours,District 6 (East Central),DAVENPORT,SCOTT,77,GAINES ST,Collision with:  Vehicle in traffic,On Roadway,Broadside (front to side),Ran Traffic Signal,None Indicated,Glare,Daylight,Dry,Clear,None apparent,Intersection:  Four-way intersection,Paved,,Minor Injury,0,2,0,1,1,0,36000,4,4,Northbound (NB),POINT (-90.582961135044 41.522266497289)
20251468193,2501888,02/10/2025,02-February,2-Monday,11:55,1100 Hours,District 5 (Southeast),WASHINGTON,WASHINGTON,IA-1,IA 1 N,Collision with:  Vehicle in traffic,On Roadway,Head-on (front to front),FTYROW:  Making left turn,None Indicated,None apparent,Daylight,Dry,Clear,None apparent,Intersection:  T-intersection,Paved,,Major Injury,0,2,1,1,0,0,10000,2,4,Northbound (NB),POINT (-91.70798972714 41.296408071247)
20251468014,25-000784,02/10/2025,02-February,2-Monday,21:49,2100 Hours,District 3 (Northwest),CHEROKEE,CHEROKEE,77,VINE ST,Collision with fixed object:  Ditch,On Roadway,Non-collision (single vehicle),Ran off road - right,None Indicated,Weather conditions,Dark - roadway not lighted,Snow,Snow,"Surface condition (e.g., wet, icy)",Non-intersection:  Non-junction/no special feature,Paved,,Property Damage Only,0,0,0,0,0,0,2000,1,1,Northbound (NB),POINT (-95.571992258366 42.736245845274)
20251467976,25-005050,02/10/2025,02-February,2-Monday,16:10,1600 Hours,District 5 (Southeast),MUSCATINE,MUSCATINE,US 61,US 61 S,Collision with:  Vehicle in traffic,On Roadway,Rear-end (front to rear),Followed too close,None Indicated,None apparent,Daylight,Dry,Clear,None apparent,Non-intersection:  Crossover-related,Paved,,Possible/Unknown,0,1,0,0,1,0,8000,2,2,Eastbound (EB),POINT (-91.001215326365 41.471675249561)
20251467933,25-001408,02/10/2025,02-February,2-Monday,14:39,1400 Hours,District 4 (Southwest),COUNCIL BLUFFS,POTTAWATTAMIE,77,2700 SOUTH EXPRESSWAY,Collision with:  Vehicle in traffic,On Roadway,Rear-end (front to rear),Followed too close,None Indicated,None apparent,Daylight,Dry,Cloudy,None apparent,Non-intersection:  Non-junction/no special feature,Unpaved,,Minor Injury,0,2,0,1,1,0,11000,3,6,Eastbound (EB),POINT (-95.85152148167 41.235447193565)
20251468000,25SC03711,02/10/2025,02-February,2-Monday,16:49,1600 Hours,District 3 (Northwest),SIOUX CITY,WOODBURY,77,OUTER DR NORTH AND IA 376 N,Collision with:  Vehicle in traffic,On Roadway,"Angle, oncoming left turn",FTYROW:  Making left turn,None Indicated,Weather conditions,Daylight,Snow,Snow,"Surface condition (e.g., wet, icy)",Intersection:  Four-way intersection,Paved,,Property Damage Only,0,0,0,0,0,0,8000,2,2,Southbound (SB),POINT (-96.361267896207 42.529816632465)
20251467941,2025001224,02/10/2025,02-February,2-Monday,12:55,1200 Hours,District 6 (East Central),IOWA CITY,JOHNSON,77,MARKET ST AND VAN BUREN ST,Collision with:  Vehicle in traffic,On Roadway,Broadside (front to side),FTYROW:  From stop sign,None Indicated,None apparent,Daylight,Dry,Clear,None apparent,Intersection:  T-intersection,Paved,,Property Damage Only,0,0,0,0,0,0,9500,2,2,Northbound (NB),POINT (-91.528675166341 41.663538300355)
20251467986,25SC03717,02/10/2025,02-February,2-Monday,17:30,1700 Hours,District 3 (Northwest),SIOUX CITY,WOODBURY,77,HOULIHAN RUN AND SOUTH CYPRESS ST,Collision with:  Vehicle in traffic,On Roadway,Other (explain in narrative),Lost Control,None Indicated,Weather conditions,Dusk,Snow,Snow,"Surface condition (e.g., wet, icy)",Intersection:  T-intersection,Paved,,Possible/Unknown,0,1,0,0,1,0,28000,2,2,Southbound (SB),POINT (-96.341669807099 42.449502675423)
20251468335,2025-3098,02/10/2025,02-February,2-Monday,14:58,1400 Hours,District 6 (East Central),BETTENDORF,SCOTT,I-74,"RAMP MIDDLE RD, E TO E TO STATE OF IOWA, I 74 W",Collision with fixed object:  Curb/island/raised median,Shoulder,Non-collision (single vehicle),Ran Traffic Signal,None Indicated,None apparent,Daylight,Gravel,Clear,Non-highway work,Intersection:  Roundabout,Paved,,Property Damage Only,0,0,0,0,0,0,5100,1,1,Westbound (WB),POINT (-90.517254485221 41.541625633471)
20251468190,25-02027,02/10/2025,02-February,2-Monday,19:51,1900 Hours,District 3 (Northwest),,SIOUX,77,490TH ST AND MARSH AVE,Non-collision events:  Overturn/rollover,Shoulder,Non-collision (single vehicle),Made improper turn,None Indicated,None apparent,Dark - roadway not lighted,Snow,Blowing snow,None apparent,Intersection:  Four-way intersection,Paved,,Property Damage Only,0,0,0,0,0,0,76000,1,1,Northbound (NB),POINT (-95.87892916004 42.938218585809)
20251468020,25001803,02/10/2025,02-February,2-Monday,17:49,1700 Hours,District 4 (Southwest),,MILLS,US 34,US 34 W,Collision with:  Vehicle in traffic,On Roadway,Broadside (front to side),Other (explain in narrative):  Other,None Indicated,None apparent,Dusk,Dry,Cloudy,None apparent,Non-intersection:  Non-junction/no special feature,Paved,,Possible/Unknown,0,1,0,0,0,1,10000,2,2,Westbound (WB),POINT (-95.861715097288 41.049336180618)
20251467920,S24-00977,02/10/2025,02-February,2-Monday,08:01,0800 Hours,District 1 (Central),OGDEN,BOONE,77,SE 2ND ST,Collision with:  Vehicle in traffic,On Roadway,Broadside (front to side),FTYROW:  From yield sign,None Indicated,None apparent,Daylight,Dry,Clear,None apparent,Intersection:  Four-way intersection,Paved,,Minor Injury,0,2,0,2,0,0,20000,2,2,Northbound (NB),POINT (-94.026648089307 42.034567187467)
20251467871,25-000813,02/10/2025,02-February,2-Monday,03:00,0300 Hours,District 1 (Central),,GREENE,77,110TH ST,Collision with fixed object:  Ditch,Roadside,Non-collision (single vehicle),Ran off road - right,None Indicated,Unknown,Dark - roadway not lighted,Gravel,Unknown,None apparent,Non-intersection:  Non-junction/no special feature,Unpaved,,Minor Injury,0,1,0,1,0,0,8000,1,1,Southbound (SB),POINT (-94.373734786566 42.194733625382)
20251468108,,02/10/2025,02-February,2-Monday,20:00,2000 Hours,District 1 (Central),,POLK,77,NE 64TH ST,Non-collision events:  Overturn/rollover,Roadside,Non-collision (single vehicle),Ran off road - right,None Indicated,,Dark - roadway not lighted,Dry,Cloudy,,Non-intersection:  Non-junction/no special feature,Paved,,Property Damage Only,0,0,0,0,0,0,2000,1,1,Northbound (NB),POINT (-93.483866145468 41.618759574745)
20251469717,2025-00173,02/10/2025,02-February,2-Monday,11:56,1100 Hours,District 4 (Southwest),WAUKEE,DALLAS,77,GRAND PRAIRIE PARKWAY AND SE ESKER RIDGE DR,Collision with:  Vehicle in traffic,On Roadway,Rear-end (front to rear),Traveling wrong way or on wrong side of road,None Indicated,None apparent,Daylight,Dry,Clear,None apparent,Intersection:  Four-way intersection,Paved,,Property Damage Only,0,0,0,0,0,0,1600,2,3,Eastbound (EB),POINT (-93.854370470506 41.582384737434)
20251467958,2025-5946,02/10/2025,02-February,2-Monday,18:05,1800 Hours,District 6 (East Central),,SCOTT,US 67,US 67 N,Collision with:  Vehicle in traffic,On Roadway,Broadside (front to side),FTYROW:  From stop sign,None Indicated,None apparent,Dark - roadway lighted,Dry,Cloudy,None apparent,Intersection:  T-intersection,Paved,,Minor Injury,0,1,0,1,0,0,20000,2,3,Northbound (NB),POINT (-90.42229725424 41.569147574399)
20251467865,20250003523,02/10/2025,02-February,2-Monday,11:00,1100 Hours,District 1 (Central),DES MOINES,POLK,77,59TH ST AND US 6 E,Collision with:  Vehicle in traffic,On Roadway,"Sideswipe, same direction",Lost Control,None Indicated,None apparent,Daylight,Dry,Clear,None apparent,Non-intersection:  Non-junction/no special feature,Paved,,Property Damage Only,0,0,0,0,0,0,5500,2,3,Northbound (NB),POINT (-93.698982612758 41.614860629983)
20251468119,202501847,02/10/2025,02-February,2-Monday,19:50,1900 Hours,District 6 (East Central),CEDAR RAPIDS,LINN,77,200 JACOLYN DR SW,Collision with fixed object:  Ground,Shoulder,Non-collision (single vehicle),Driver Distraction:  Other interior distraction,Alcohol (Statutory),None apparent,Dark - roadway lighted,Dry,Clear,None apparent,Non-intersection:  Driveway access (within),Paved,,Property Damage Only,0,0,0,0,0,0,4300,1,1,Northbound (NB),POINT (-91.730644822686 41.965906087017)
20251467864,20250003522,02/10/2025,02-February,2-Monday,11:10,1100 Hours,District 1 (Central),DES MOINES,POLK,77,EAST OVID AVE AND OXFORD ST,Collision with:  Vehicle in traffic,On Roadway,Broadside (front to side),Ran Stop Sign,None Indicated,None apparent,Daylight,Dry,Clear,None apparent,Intersection:  Four-way intersection,Paved,,Property Damage Only,0,0,0,0,0,0,5500,2,2,Northbound (NB),POINT (-93.617519021473 41.625928568366)
20251468051,25-000583,02/10/2025,02-February,2-Monday,17:16,1700 Hours,District 5 (Southeast),,DAVIS,77,180TH ST AND US 63 N,Collision with:  Vehicle in traffic,On Roadway,Broadside (front to side),FTYROW:  From stop sign,None Indicated,Visual obstruction,Daylight,Dry,Clear,None apparent,Intersection:  Four-way intersection,Paved,,Property Damage Only,0,0,0,0,0,0,13000,2,2,Southbound (SB),POINT (-92.399027615939 40.797772387307)
20251467851,20250003517,02/10/2025,02-February,2-Monday,09:20,0900 Hours,District 1 (Central),DES MOINES,POLK,77,EAST 15TH ST AND DEAN AVE AND US 69 N,Collision with:  Vehicle in traffic,On Roadway,Rear-end (front to rear),Followed too close,None Indicated,None apparent,Daylight,Dry,Clear,None apparent,Non-intersection:  Non-junction/no special feature,Paved,,Property Damage Only,0,0,0,0,0,0,1600,2,2,Northbound (NB),POINT (-93.594343290237 41.591183760497)
20251468054,25-003953,02/10/2025,02-February,2-Monday,20:21,2000 Hours,District 5 (Southeast),KEOKUK,LEE,77,NORTH 17TH ST AND CONCERT ST,Collision with:  Vehicle in traffic,On Roadway,Broadside (front to side),FTYROW:  From stop sign,None Indicated,None apparent,Dark - roadway lighted,Dry,Clear,None apparent,Intersection:  Four-way intersection,Paved,,Property Damage Only,0,0,0,0,0,0,3000,2,2,Eastbound (EB),POINT (-91.391021205738 40.406490062535)
20251467796,25004987,02/10/2025,02-February,2-Monday,04:45,0400 Hours,District 5 (Southeast),,MUSCATINE,IA-38,IA 38 N,Collision with:  Animal,Unknown,Non-collision (single vehicle),Animal,None Indicated,Animal in roadway,,,,,,Paved,,Property Damage Only,0,0,0,0,0,0,3000,1,1,Northbound (NB),POINT (-91.033547066965 41.464198624868)
20251469128,PD2500902,02/10/2025,02-February,2-Monday,20:00,2000 Hours,District 5 (Southeast),FAIRFIELD,JEFFERSON,77,WEST BURLINGTON AVE,Collision with:  Vehicle in traffic,On Roadway,Rear-end (front to rear),Operator inexperience,None Indicated,None apparent,Dark - roadway lighted,Dry,Clear,None apparent,Non-intersection:  Non-junction/no special feature,Paved,,Minor Injury,0,1,0,1,0,0,2600,2,3,Southbound (SB),POINT (-91.978131127228 41.006450813615)
20251468001,25SC03729,02/10/2025,02-February,2-Monday,20:05,2000 Hours,District 3 (Northwest),SIOUX CITY,WOODBURY,77,SOUTH LAKEPORT ST AND LINCOLN WAY AND HOULIHAN RUN,Collision with:  Vehicle in traffic,On Roadway,"Angle, oncoming left turn",FTYROW:  Making left turn,None Indicated,None apparent,Dark - roadway lighted,Snow,Snow,"Surface condition (e.g., wet, icy)",Intersection:  Four-way intersection,Paved,,Property Damage Only,0,0,0,0,0,0,8000,2,2,Southbound (SB),POINT (-96.344711470312 42.450224273882)
20251467889,25-001001,02/10/2025,02-February,2-Monday,07:28,0700 Hours,District 5 (Southeast),,LOUISA,77,COUNTY RD X 61 AND COUNTY RD G56 MEASURING 1684 FEET NORTH FROM COUNTY RD X 61,Collision with:  Animal,Unknown,Non-collision (single vehicle),Animal,None Indicated,Animal in roadway,,,,,,Paved,,Property Damage Only,0,0,0,0,0,0,4900,1,1,Northbound (NB),POINT (-91.142113797857 41.232648530049)
20251467877,25-00629,02/10/2025,02-February,2-Monday,08:06,0800 Hours,District 1 (Central),WEST DES MOINES,POLK,77,22ND ST AND CENTER ST,Collision with:  Vehicle in traffic,On Roadway,"Angle, oncoming left turn",FTYROW:  Making left turn,None Indicated,None apparent,Daylight,Dry,Clear,None apparent,Non-intersection:  Non-junction/no special feature,Paved,,Property Damage Only,0,0,0,0,0,0,8000,2,2,Northbound (NB),POINT (-93.736140233319 41.591444152387)
20251468016,25-001286,02/10/2025,02-February,2-Monday,14:27,1400 Hours,District 3 (Northwest),LE MARS,PLYMOUTH,77,12TH ST SW,Collision with:  Parked motor vehicle,On Roadway,Rear-end (front to rear),Unknown,None Indicated,None apparent,Daylight,Dry,Cloudy,None apparent,Non-intersection:  Non-junction/no special feature,Paved,,Property Damage Only,0,0,0,0,0,0,10000,2,1,Southbound (SB),POINT (-96.182222168833 42.778739183333)
20251467939,20250003554,02/10/2025,02-February,2-Monday,18:08,1800 Hours,District 1 (Central),DES MOINES,POLK,77,1200 BLOCK OF 19TH ST,Collision with:  Vehicle in traffic,On Roadway,Rear-end (front to rear),Followed too close,None Indicated,None apparent,Dark - roadway lighted,Dry,Clear,None apparent,Intersection:  Four-way intersection,Paved,,Possible/Unknown,0,2,0,0,2,0,3000,2,6,Northbound (NB),POINT (-93.642613057388 41.60219214393)
20251467849,20250003506,02/10/2025,02-February,2-Monday,06:00,0600 Hours,District 1 (Central),DES MOINES,POLK,77,EAST ARMY POST RD MEASURING 2018 FEET EAST FROM SE 36TH ST,Collision with:  Vehicle in traffic,On Roadway,"Sideswipe, opposite direction",Driver Distraction:  Other interior distraction,None Indicated,None apparent,Dark - roadway not lighted,Dry,Clear,None apparent,Non-intersection:  Non-junction/no special feature,Paved,,Property Damage Only,0,0,0,0,0,0,10000,2,2,Southbound (SB),POINT (-93.536713031112 41.525587742988)
20251467834,25-001393,02/10/2025,02-February,2-Monday,08:30,0800 Hours,District 4 (Southwest),COUNCIL BLUFFS,POTTAWATTAMIE,77,3100 AVE B,Collision with:  Parked motor vehicle,On Roadway,"Sideswipe, same direction",Unknown,None Indicated,None apparent,Daylight,Dry,Clear,None apparent,Non-intersection:  Non-junction/no special feature,Paved,,Property Damage Only,0,0,0,0,0,0,4000,2,1,Southbound (SB),POINT (-95.892714445879 41.26372547922)
20251468340,25011570,02/10/2025,02-February,2-Monday,16:47,1600 Hours,District 2 (Northeast),CEDAR FALLS,BLACK HAWK,77,GREENHILL RD,Collision with:  Vehicle in traffic,On Roadway,"Sideswipe, same direction",Other (explain in narrative):  Other,None Indicated,None apparent,Daylight,Dry,Cloudy,None apparent,Intersection:  Roundabout,Paved,,Property Damage Only,0,0,0,0,0,0,6500,2,3,Northbound (NB),POINT (-92.411359739364 42.497884221763)
20251468009,2025003628,02/10/2025,02-February,2-Monday,18:15,1800 Hours,District 5 (Southeast),,CLARKE,US 34,"US 34 EB, JUST BY 2583 HWY 34",Collision with:  Animal,Unknown,Non-collision (single vehicle),Animal,None Indicated,Animal in roadway,,,,,,Paved,,Property Damage Only,0,0,0,0,0,0,3250,1,1,Southbound (SB),POINT (-93.714417099457 41.03059316554)
20251467987,25SC03723,02/10/2025,02-February,2-Monday,18:51,1800 Hours,District 3 (Northwest),SIOUX CITY,WOODBURY,77,20TH ST AND SUMMIT ST,Collision with fixed object:  Fire hydrant,Roadside,Non-collision (single vehicle),Ran off road - left,None Indicated,Weather conditions,Dark - roadway lighted,Snow,Snow,"Surface condition (e.g., wet, icy)",Intersection:  Four-way intersection,Paved,,Property Damage Only,0,0,0,0,0,0,1500,1,1,Southbound (SB),POINT (-96.40948721487 42.51119203292)
20251467878,25-01998,02/10/2025,02-February,2-Monday,07:55,0700 Hours,District 3 (Northwest),,SIOUX,IA-10,IA 10 E MEASURING 295 FEET WEST FROM FIG AVE,Collision with:  Vehicle in traffic,On Roadway,Rear-end (front to rear),Followed too close,None Indicated,None apparent,Daylight,Dry,Cloudy,None apparent,Non-intersection:  Non-junction/no special feature,Paved,,Property Damage Only,0,0,0,0,0,0,15000,2,2,Southbound (SB),POINT (-96.274402227571 42.997109225168)
20251468066,20250003509,02/10/2025,02-February,2-Monday,07:35,0700 Hours,District 1 (Central),DES MOINES,POLK,I-235,I 235 W,Collision with:  Vehicle in traffic,On Roadway,Rear-end (front to rear),Followed too close,None Indicated,None apparent,Daylight,Dry,Clear,"Traffic backup, prior crash",Non-intersection:  Non-junction/no special feature,Paved,,Property Damage Only,0,0,0,0,0,0,16000,2,2,Westbound (WB),POINT (-93.576314574998 41.621359703267)
20251469216,C25000575,02/10/2025,02-February,2-Monday,18:57,1800 Hours,District 6 (East Central),CORALVILLE,JOHNSON,IA-965,CORAL RIDGE AVE/ MALL ENTRANCE,Collision with:  Vehicle in traffic,On Roadway,"Sideswipe, same direction",Other (explain in narrative):  No improper action,None Indicated,None apparent,Dark - roadway lighted,Dry,Clear,None apparent,Intersection:  Four-way intersection,Paved,,Property Damage Only,0,0,0,0,0,0,4000,2,2,Northbound (NB),POINT (-91.608402501031 41.692119442617)
20251467876,25-00627,02/10/2025,02-February,2-Monday,06:49,0600 Hours,District 4 (Southwest),WEST DES MOINES,DALLAS,77,SOUTH GRAND PRAIRIE PARKWAY,Collision with:  Animal,On Roadway,Non-collision (single vehicle),Animal,None Indicated,None apparent,Daylight,Dry,Clear,None apparent,Non-intersection:  Non-junction/no special feature,Paved,,Property Damage Only,0,0,0,0,0,0,2500,1,1,Northbound (NB),POINT (-93.840819199392 41.509642904115)
20251467957,014-25,02/10/2025,02-February,2-Monday,19:17,1900 Hours,District 4 (Southwest),,MADISON,US 169,US 169 N,Collision with:  Animal,Unknown,Non-collision (single vehicle),Animal,None Indicated,Animal in roadway,,,,,,Paved,,Property Damage Only,0,0,0,0,0,0,10000,1,2,Northbound (NB),POINT (-94.013284233711 41.383086334495)
20251467979,25SC03683,02/10/2025,02-February,2-Monday,11:14,1100 Hours,District 3 (Northwest),SIOUX CITY,WOODBURY,77,3RD ST,Collision with:  Vehicle in traffic,On Roadway,Broadside (front to side),FTYROW:  Making left turn,None Indicated,None apparent,Daylight,Dry,Clear,None apparent,Non-intersection:  Non-junction/no special feature,Paved,,Possible/Unknown,0,1,0,0,1,0,9500,2,3,Southbound (SB),POINT (-96.399840174695 42.493100822357)
20251467896,25-1185,02/10/2025,02-February,2-Monday,00:45,0000 Hours,District 2 (Northeast),,HOWARD,US 63,US 63 N,Collision with:  Animal,On Roadway,Non-collision (single vehicle),Animal,None Indicated,Animal in roadway,,,,,,Paved,,Property Damage Only,0,0,0,0,0,0,9000,1,1,Northbound (NB),POINT (-92.332856149941 43.475125360856)
20251467973,20250003580,02/10/2025,02-February,2-Monday,23:29,2300 Hours,District 1 (Central),DES MOINES,POLK,I-235,RAMP I 235 E TO IA 28 N,Collision with:  Vehicle in traffic,On Roadway,"Sideswipe, opposite direction",FTYROW:  Making left turn,None Indicated,None apparent,Dark - roadway lighted,Dry,Clear,None apparent,"Interchange-related:  Mainline, between ramps",Paved,,Property Damage Only,0,0,0,0,0,0,2500,2,2,Southbound (SB),POINT (-93.703517993727 41.5926211851)
20251467995,25-000142,02/10/2025,02-February,2-Monday,18:24,1800 Hours,District 1 (Central),,STORY,US 65,US 65 N,Collision with:  Vehicle in traffic,On Roadway,Head-on (front to front),Crossed centerline (undivided),None Indicated,None apparent,Dark - roadway lighted,Dry,Clear,None apparent,Intersection:  T-intersection,Paved,,Minor Injury,0,2,0,1,1,0,3000,2,2,Northbound (NB),POINT (-93.309427849338 42.01518045022)
20251468526,202501838,02/10/2025,02-February,2-Monday,16:21,1600 Hours,District 6 (East Central),CEDAR RAPIDS,LINN,77,C AVE NE/ROCKWELL COLLINS,Collision with:  Vehicle in traffic,On Roadway,Rear-end (front to rear),Other (explain in narrative):  Other,None Indicated,None apparent,Daylight,Dry,Clear,None apparent,Intersection:  Four-way intersection,Paved,,Property Damage Only,0,0,0,0,0,0,4000,2,2,Southbound (SB),POINT (-91.638372176388 42.031649104344)
20251468002,25SC03731,02/10/2025,02-February,2-Monday,21:07,2100 Hours,District 3 (Northwest),SERGEANT BLUFF,WOODBURY,I-29,I 29 S,Collision with fixed object:  Ditch,On Roadway,Non-collision (single vehicle),Lost Control,None Indicated,Weather conditions,Dark - roadway not lighted,Snow,Snow,"Surface condition (e.g., wet, icy)",Non-intersection:  Non-junction/no special feature,Paved,,Possible/Unknown,0,1,0,0,1,0,5200,1,1,Eastbound (EB),POINT (-96.366853359234 42.403723979101)
20251468070,25-002167,02/10/2025,02-February,2-Monday,19:52,1900 Hours,District 2 (Northeast),,BREMER,US 63,US 63 N,Collision with:  Animal,Unknown,Non-collision (single vehicle),Animal,None Indicated,Animal in roadway,,,,,,Paved,,Property Damage Only,0,0,0,0,0,0,15000,1,1,Northbound (NB),POINT (-92.329589566547 42.892849483244)
20251467936,20250003534,02/10/2025,02-February,2-Monday,13:43,1300 Hours,District 1 (Central),DES MOINES,POLK,77,"MERLE HAY AND HICKMAN RD, EAST OF MERLE HAY",Collision with fixed object:  Utility pole/light support,Roadside,Non-collision (single vehicle),Lost Control,None Indicated,None apparent,Daylight,Dry,Clear,None apparent,Non-intersection:  Non-junction/no special feature,Paved,,Possible/Unknown,0,1,0,0,0,1,2000,1,1,Southbound (SB),POINT (-93.696126200123 41.614877962461)
20251467964,25000792,02/10/2025,02-February,2-Monday,17:00,1700 Hours,District 3 (Northwest),SHELDON,OBRIEN,77,WASHINGTON AVE AND 14TH ST,Collision with:  Vehicle in traffic,On Roadway,Head-on (front to front),Driving too fast for conditions,None Indicated,Weather conditions,Daylight,Snow,Snow,"Surface condition (e.g., wet, icy)",Intersection:  T-intersection,Paved,,Property Damage Only,0,0,0,0,0,0,1800,2,2,Northbound (NB),POINT (-95.841941623799 43.174118107446)
20251468073,W25-011554,02/10/2025,02-February,2-Monday,15:54,1500 Hours,District 2 (Northeast),WATERLOO,BLACK HAWK,77,OREGON ST AND EAST RIDGEWAY AVE,Collision with:  Vehicle in traffic,On Roadway,Rear-end (front to rear),Unknown,None Indicated,None apparent,Daylight,Dry,Clear,None apparent,Non-intersection:  Non-junction/no special feature,Paved,,Property Damage Only,0,0,0,0,0,0,5000,2,2,Southbound (SB),POINT (-92.332533821841 42.469353990054)
20251469701,202501839,02/10/2025,02-February,2-Monday,16:00,1600 Hours,District 6 (East Central),CEDAR RAPIDS,LINN,I-380,"RAMP I 380 S TO KIRKWOOD BLVD SW, N",Collision with fixed object:  Guardrail - face,On Roadway,Non-collision (single vehicle),Driver Distraction:  Talking on a hand-held device,None Indicated,None apparent,Daylight,Dry,Clear,None apparent,Interchange-related:  On-ramp,Paved,,Property Damage Only,0,0,0,0,0,0,2100,1,1,Eastbound (EB),POINT (-91.660956150516 41.925954103947)
20251468743,CFS2501376,02/10/2025,02-February,2-Monday,20:26,2000 Hours,District 2 (Northeast),DECORAH,WINNESHIEK,77,EAST WATER ST AND MONTGOMERY ST,Collision with fixed object:  Curb/island/raised median,On Roadway,Non-collision (single vehicle),Driving too fast for conditions,None Indicated,Weather conditions,Dark - roadway lighted,Snow,Snow,"Surface condition (e.g., wet, icy)",Intersection:  T-intersection,Paved,,Property Damage Only,0,0,0,0,0,0,2000,1,1,Northbound (NB),POINT (-91.777753473315 43.304129337589)
20251467962,25-001225,02/10/2025,02-February,2-Monday,17:45,1700 Hours,District 2 (Northeast),,BUTLER,IA-3,IA 3 E,Collision with fixed object:  Ditch,Outside trafficway,Non-collision (single vehicle),Ran off road - right,None Indicated,None apparent,Dusk,Dry,Cloudy,None apparent,Non-intersection:  Non-junction/no special feature,Paved,,Minor Injury,0,1,0,1,0,0,80000,1,1,Southbound (SB),POINT (-92.568317347376 42.714917577837)
20251468130,SOP202500111,02/10/2025,02-February,2-Monday,01:00,0100 Hours,District 6 (East Central),,IOWA,IA-149,IA 149 N 3200 BLOCK M AVE,Collision with:  Animal,Unknown,Non-collision (single vehicle),Animal,None Indicated,Animal in roadway,,,,,,Paved,,Property Damage Only,0,0,0,0,0,0,3000,1,1,Northbound (NB),POINT (-92.065149196849 41.538028470068)
20251467984,25SC03710,02/10/2025,02-February,2-Monday,16:47,1600 Hours,District 3 (Northwest),SIOUX CITY,WOODBURY,77,SOUTH LAKEPORT ST AND 4TH AVE,Collision with:  Vehicle in traffic,On Roadway,Broadside (front to side),Other (explain in narrative):  Other,None Indicated,Weather conditions,Daylight,Snow,Cloudy,"Surface condition (e.g., wet, icy)",Intersection:  Four-way intersection,Paved,,Property Damage Only,0,0,0,0,0,0,5000,2,2,Southbound (SB),POINT (-96.346455164957 42.468794763639)
20251468576,25SB00196,02/10/2025,02-February,2-Monday,15:09,1500 Hours,District 3 (Northwest),SIOUX CITY,WOODBURY,I-29,I 29 S,Non-collision events:  Other non-collision (explain in narrative),On Roadway,Non-collision (single vehicle),Unknown,None Indicated,None apparent,Daylight,Dry,Cloudy,None apparent,Non-intersection:  Non-junction/no special feature,Paved,,Property Damage Only,0,0,0,0,0,0,10000,1,1,Eastbound (EB),POINT (-96.365362486442 42.413780921465)
20251467971,25-00312,02/10/2025,02-February,2-Monday,15:39,1500 Hours,District 1 (Central),URBANDALE,POLK,77,3800 BLOCK 86TH ST,Collision with:  Vehicle in traffic,On Roadway,Other (explain in narrative),Failed to keep in proper lane,None Indicated,None apparent,Daylight,Dry,Cloudy,None apparent,Non-intersection:  Non-junction/no special feature,Paved,,Property Damage Only,0,0,0,0,0,0,1500,2,2,Northbound (NB),POINT (-93.736449442423 41.630245149626)