Iowa DOT Case Number,Law Enforcement Case Number,Date of Crash,Month of Crash,Day of Week,Time of Crash,Hour,DOT District,City Name,County Name,Route with System,Location Description,First Harmful Event,Location of First Harmful Event,Manner of Crash/Collision,Major Cause,Drug or Alcohol ,Environmental Conditions,Light Conditions,Surface Conditions,Weather Conditions,Roadway Contribution,Roadway Type,Roadway Surface,Work Zone,Crash Severity,Number of Fatalities,Number of Injuries,Number of Major Injuries,Number of Minor Injuries,Number of Possible Injuries,Number of Unknown Injuries,Amount of Property Damage,Number of Vehicles Involved,Total Number of Occupants,Travel Direction,Location
20251468036,25-2120,02/10/2025,02-February,2-Monday,06:50,0600 Hours,District 2 (Northeast),WAVERLY,BREMER,IA-3,2700 BLK E. BREMER AVE (IA 3 E),Collision with:  Animal,Unknown,Non-collision (single vehicle),Animal,None Indicated,Animal in roadway,,,,,,Paved,,Property Damage Only,0,0,0,0,0,0,2500,1,1,Southbound (SB),POINT (-92.43779816878 42.715576044776)
20251468143,W25-011625,02/10/2025,02-February,2-Monday,19:03,1900 Hours,District 2 (Northeast),WATERLOO,BLACK HAWK,77,MINNESOTA ST,Collision with:  Parked motor vehicle,Shoulder,"Sideswipe, same direction",Driver Distraction:  Other interior distraction,None Indicated,None apparent,Dark - roadway lighted,Dry,Clear,None apparent,Non-intersection:  Non-junction/no special feature,Paved,,Property Damage Only,0,0,0,0,0,0,9000,2,1,Northbound (NB),POINT (-92.330056853989 42.481470436199)
20251468188,25-001729,02/10/2025,02-February,2-Monday,14:55,1400 Hours,District 1 (Central),IOWA FALLS,HARDIN,77,BROOKS RD,Collision with:  Vehicle in traffic,In parking lane/zone,"Sideswipe, same direction",Other (explain in narrative):  Other,None Indicated,None apparent,Daylight,Dry,Clear,None apparent,Non-intersection:  Driveway access (within),Unpaved,,Property Damage Only,0,0,0,0,0,0,5000,2,2,Southbound (SB),POINT (-93.264189693251 42.507088599908)
20251467938,20250003540,02/10/2025,02-February,2-Monday,14:55,1400 Hours,District 1 (Central),DES MOINES,POLK,77,2ND AVE AND COURT AVE,Collision with:  Vehicle in traffic,On Roadway,Broadside (front to side),Ran Traffic Signal,None Indicated,None apparent,Daylight,Dry,Clear,None apparent,Intersection:  Four-way intersection,Paved,,Minor Injury,0,2,0,1,1,0,8500,3,3,Southbound (SB),POINT (-93.619173879923 41.585576306855)
20251468855,2025003523,02/10/2025,02-February,2-Monday,07:46,0700 Hours,District 6 (East Central),TIFFIN,JOHNSON,I-380,SB INTERSTATE 380 @ MM 0.5,Collision with fixed object:  Impact attenuator/crash cushion,Gore,Non-collision (single vehicle),Improper or erratic lane changing,None Indicated,None apparent,Daylight,Dry,Clear,None apparent,Non-intersection:  Non-junction/no special feature,Paved,,Property Damage Only,0,0,0,0,0,0,17000,1,1,Eastbound (EB),POINT (-91.641683163506 41.700362643933)
20251468166,25000455,02/10/2025,02-February,2-Monday,19:44,1900 Hours,District 1 (Central),AMES,STORY,US 69,500 BLOCK OF LINCOLN WAY,Collision with:  Vehicle in traffic,On Roadway,"Sideswipe, same direction",Improper or erratic lane changing,None Indicated,None apparent,Dark - roadway lighted,Dry,Clear,None apparent,Intersection:  T-intersection,Paved,,Property Damage Only,0,0,0,0,0,0,7000,2,3,Northbound (NB),POINT (-93.617818381448 42.02290541959)
20251467977,25000248,02/10/2025,02-February,2-Monday,07:40,0700 Hours,District 6 (East Central),IOWA CITY,JOHNSON,77,ASPIRE APARTMENTS,Collision with:  Vehicle in traffic,On Roadway,"Angle, oncoming left turn",Made improper turn,None Indicated,None apparent,Dawn,Dry,Clear,None apparent,Non-intersection:  Other non-intersection (explain in narrative),Paved,,Property Damage Only,0,0,0,0,0,0,5500,2,4,Northbound (NB),POINT (-91.574641456373 41.665198459242)
20251468794,25-001049,02/10/2025,02-February,2-Monday,18:50,1800 Hours,District 5 (Southeast),OSCEOLA,CLARKE,US 34,US 34 E,Collision with:  Vehicle in traffic,On Roadway,Broadside (front to side),"Operating vehicle in an reckless, erratic, careless, negligent manner",None Indicated,None apparent,Dark - roadway lighted,Dry,Clear,None apparent,Non-intersection:  Non-junction/no special feature,Paved,,Property Damage Only,0,0,0,0,0,0,11000,2,2,Southbound (SB),POINT (-93.767317850781 41.030622438083)
20251467940,20250003555,02/10/2025,02-February,2-Monday,17:54,1700 Hours,District 1 (Central),DES MOINES,POLK,77,EVERGREEN AVE AND INDIANOLA AVE,Collision with:  Vehicle in traffic,On Roadway,Rear-end (front to rear),Followed too close,None Indicated,None apparent,Dark - roadway lighted,Dry,Clear,None apparent,Intersection:  T-intersection,Paved,,Possible/Unknown,0,2,0,0,2,0,3000,2,3,Northbound (NB),POINT (-93.595300389476 41.55169088039)
20251468092,25-005643,02/10/2025,02-February,2-Monday,22:00,2200 Hours,District 3 (Northwest),,BUENA VISTA,77,6000 MILE OF 140TH AVE,Collision with fixed object:  Ditch,Shoulder,Non-collision (single vehicle),Driver Distraction:  Inattentive/lost in thought,None Indicated,None apparent,Dark - roadway not lighted,Gravel,Snow,None apparent,Non-intersection:  Non-junction/no special feature,Unpaved,,Property Damage Only,0,0,0,0,0,0,2500,1,1,Northbound (NB),POINT (-95.131560817739 42.639377100422)
20251468718,25SC03998,02/10/2025,02-February,2-Monday,16:36,1600 Hours,District 3 (Northwest),SIOUX CITY,WOODBURY,77,JACKSON ST AND 24TH ST,Collision with:  Vehicle in traffic,On Roadway,Other (explain in narrative),Driving too fast for conditions,None Indicated,None apparent,Daylight,Slush,Cloudy,None apparent,Intersection:  Four-way intersection,Paved,,Property Damage Only,0,0,0,0,0,0,7000,2,3,Northbound (NB),POINT (-96.402218818346 42.51518115977)
20251467968,25-000959,02/10/2025,02-February,2-Monday,15:05,1500 Hours,District 2 (Northeast),ALGONA,KOSSUTH,77,NORTH FINN DR,Collision with:  Vehicle in traffic,On Roadway,Broadside (front to side),FTYROW:  From stop sign,None Indicated,Visual obstruction,Daylight,Snow,Snow,None apparent,Intersection:  T-intersection,Paved,,Property Damage Only,0,0,0,0,0,0,4500,2,2,Northbound (NB),POINT (-94.206951254161 43.082741232954)
20251468005,2025-9477,02/10/2025,02-February,2-Monday,08:44,0800 Hours,District 6 (East Central),DAVENPORT,SCOTT,77,STURDEVANT ST,Collision with:  Vehicle in traffic,On Roadway,Broadside (front to side),FTYROW:  From stop sign,None Indicated,None apparent,Daylight,Dry,Clear,None apparent,Intersection:  Other intersection (explain in narrative),Paved,,Possible/Unknown,0,1,0,0,1,0,4000,2,2,Northbound (NB),POINT (-90.597506298595 41.556354544867)
20251467911,2501193,02/10/2025,02-February,2-Monday,08:53,0800 Hours,District 5 (Southeast),,MAHASKA,IA-163,"ADAMS AVE AND RAMP IA 163 W TO IA 102 E AND RAMP ADAMS AVE, N TO N TO STATE OF IOWA, IA 163 W",Collision with fixed object:  Ditch,On Roadway,Non-collision (single vehicle),Traveling wrong way or on wrong side of road,None Indicated,Glare,Daylight,Dry,Clear,None apparent,Interchange-related:  Off-ramp,Paved,,Property Damage Only,0,0,0,0,0,0,3000,1,1,Westbound (WB),POINT (-92.870890521758 41.390303799807)
20251467965,202500001645,02/10/2025,02-February,2-Monday,19:30,1900 Hours,District 6 (East Central),MARION,LINN,77,50TH ST / HWY 151,Collision with:  Vehicle in traffic,On Roadway,Broadside (front to side),FTYROW:  From yield sign,None Indicated,None apparent,Dark - roadway lighted,Dry,Clear,None apparent,Intersection:  Four-way intersection,Paved,,Possible/Unknown,0,1,0,0,1,0,15000,2,3,Northbound (NB),POINT (-91.556940243531 42.03585066471)
20251467887,202500001632,02/10/2025,02-February,2-Monday,14:07,1400 Hours,District 6 (East Central),MARION,LINN,77,700 BLOCK 31ST ST,Collision with:  Vehicle in traffic,On Roadway,Rear-end (front to rear),Other (explain in narrative):  Other,None Indicated,None apparent,Daylight,Dry,Clear,None apparent,Non-intersection:  Non-junction/no special feature,Paved,,Property Damage Only,0,0,0,0,0,0,6500,2,3,Northbound (NB),POINT (-91.579507972525 42.034213886757)
20251468093,25000116,02/10/2025,02-February,2-Monday,16:05,1600 Hours,District 1 (Central),AMES,STORY,77,IOWA STATE UNIVERSITY,Collision with:  Vehicle in traffic,On Roadway,Broadside (front to side),Driver Distraction:  Other interior distraction,None Indicated,None apparent,Daylight,Dry,Clear,None apparent,Intersection:  Other intersection (explain in narrative),Paved,,Property Damage Only,0,0,0,0,0,0,2500,2,2,Northbound (NB),POINT (-93.63284701559 42.014618548821)
20251467990,25SC3719,02/10/2025,02-February,2-Monday,16:49,1600 Hours,District 3 (Northwest),SIOUX CITY,WOODBURY,77,INGLESIDE AVE,Collision with:  Vehicle in traffic,On Roadway,Rear to rear,Unknown,None Indicated,Weather conditions,Daylight,Snow,Snow,None apparent,Non-intersection:  Non-junction/no special feature,Paved,,Possible/Unknown,0,1,0,0,0,1,7000,2,3,Northbound (NB),POINT (-96.396795583873 42.51168640348)
20251468327,2025-9632,02/10/2025,02-February,2-Monday,21:32,2100 Hours,District 6 (East Central),DAVENPORT,SCOTT,77,WEST 53RD ST,Collision with:  Vehicle in traffic,On Roadway,Rear-end (front to rear),Exceeded authorized speed,Refused,None apparent,Dark - roadway lighted,Dry,Clear,None apparent,"Non-intersection:  Driveway access (related, not in)",Paved,,Property Damage Only,0,0,0,0,0,0,15000,2,2,Southbound (SB),POINT (-90.580327980707 41.57455628649)
20251467788,25-001320,02/10/2025,02-February,2-Monday,01:10,0100 Hours,District 2 (Northeast),FOREST CITY,WINNEBAGO,77,NORTH 11TH ST,Collision with:  Parked motor vehicle,On Roadway,Head-on (front to front),"Operating vehicle in an reckless, erratic, careless, negligent manner",Refused,None apparent,Dark - roadway not lighted,Dry,Clear,None apparent,Non-intersection:  Non-junction/no special feature,Paved,,Minor Injury,0,1,0,1,0,0,5500,2,1,Northbound (NB),POINT (-93.645548535243 43.266138481158)
20251467946,25-0064,02/10/2025,02-February,2-Monday,17:41,1700 Hours,District 1 (Central),,WEBSTER,77,HAYES AVE AND 330TH ST,Collision with:  Vehicle in traffic,On Roadway,Broadside (front to side),FTYROW:  At uncontrolled intersection,None Indicated,None apparent,Dusk,Dry,Cloudy,None apparent,Intersection:  Four-way intersection,Unpaved,,Possible/Unknown,0,1,0,0,1,0,10000,2,2,Northbound (NB),POINT (-94.261762018714 42.310739195222)
20251468329,2025-9781,02/11/2025,02-February,3-Tuesday,16:29,1600 Hours,District 6 (East Central),DAVENPORT,SCOTT,US 6,LILLIE AVE AND US 6 W,Collision with:  Vehicle in traffic,On Roadway,Rear-end (front to rear),Unknown,None Indicated,None apparent,Daylight,Dry,Cloudy,None apparent,Intersection:  Four-way intersection,Paved,,Possible/Unknown,0,3,0,0,0,3,6000,4,5,Westbound (WB),POINT (-90.588887684791 41.560154873011)
20251468737,CFS 2501390,02/11/2025,02-February,3-Tuesday,08:03,0800 Hours,District 2 (Northeast),DECORAH,WINNESHIEK,77,MONTGOMERY ST,Collision with:  Vehicle in traffic,On Roadway,Broadside (front to side),FTYROW:  From stop sign,None Indicated,Weather conditions,Daylight,Snow,Cloudy,"Surface condition (e.g., wet, icy)",Intersection:  T-intersection,Paved,,Property Damage Only,0,0,0,0,0,0,3500,2,2,Northbound (NB),POINT (-91.770193745957 43.293206887944)
20251468666,2025003761,02/11/2025,02-February,3-Tuesday,21:53,2100 Hours,District 4 (Southwest),,HARRISON,77,141ST ST AND EASTON TRL,Non-collision events:  Overturn/rollover,Outside trafficway,Non-collision (single vehicle),"Operating vehicle in an reckless, erratic, careless, negligent manner",Under Influence of Alcohol/Drugs/Medications,Other (explain in narrative),Dark - roadway not lighted,Snow,Cloudy,"Surface condition (e.g., wet, icy)",Non-intersection:  Non-junction/no special feature,Unpaved,,Minor Injury,0,1,0,1,0,0,5000,1,1,Southbound (SB),POINT (-96.04945937595 41.80526908543)
20251468771,25000462,02/11/2025,02-February,3-Tuesday,10:04,1000 Hours,District 1 (Central),AMES,STORY,US 69,US 69 N,Collision with:  Vehicle in traffic,On Roadway,Other (explain in narrative),Ran Traffic Signal,None Indicated,None apparent,Daylight,Snow,Clear,None apparent,Intersection:  Four-way intersection,Paved,,Property Damage Only,0,0,0,0,0,0,25200,2,2,Northbound (NB),POINT (-93.620138210601 42.026702689915)
20251468098,2025003637,02/11/2025,02-February,3-Tuesday,06:55,0600 Hours,District 5 (Southeast),OSCEOLA,CLARKE,77,WARREN AVE&HWY 34,Collision with:  Vehicle in traffic,On Roadway,"Sideswipe, same direction",Passing:  On wrong side,None Indicated,None apparent,Dusk,Dry,Clear,None apparent,Intersection:  Four-way intersection,Paved,,Property Damage Only,0,0,0,0,0,0,1700,2,2,Northbound (NB),POINT (-93.788687440087 41.028036994914)
20251468023,25SC03754,02/11/2025,02-February,3-Tuesday,07:47,0700 Hours,District 3 (Northwest),SIOUX CITY,WOODBURY,US 20,US 20 W,Collision with:  Vehicle in traffic,On Roadway,"Sideswipe, same direction",FTYROW:  Other (explain in narrative),None Indicated,Weather conditions,Daylight,Ice/frost,Snow,"Surface condition (e.g., wet, icy)",Non-intersection:  Non-junction/no special feature,Paved,,Property Damage Only,0,0,0,0,0,0,4500,3,3,Westbound (WB),POINT (-96.339624655811 42.44465484817)
20251469110,25-001382,02/11/2025,02-February,3-Tuesday,17:47,1700 Hours,District 2 (Northeast),FOREST CITY,WINNEBAGO,77,SOUTH 4TH ST,Collision with:  Vehicle in traffic,On Roadway,Broadside (front to side),FTYROW:  From stop sign,None Indicated,None apparent,Dusk,Snow,Cloudy,"Surface condition (e.g., wet, icy)",Intersection:  Four-way intersection,Paved,,Property Damage Only,0,0,0,0,0,0,5000,2,3,Northbound (NB),POINT (-93.637091987397 43.263421469296)
20251468400,25000464,02/11/2025,02-February,3-Tuesday,13:05,1300 Hours,District 1 (Central),AMES,STORY,77,DUFF AVE,Collision with:  Vehicle in traffic,On Roadway,Rear-end (front to rear),Driving too fast for conditions,None Indicated,None apparent,Daylight,Dry,Cloudy,None apparent,Intersection:  Four-way intersection,Paved,,Possible/Unknown,0,2,0,0,2,0,17500,2,2,Northbound (NB),POINT (-93.610377935089 42.022927213844)
20251468074,W25-011834,02/11/2025,02-February,3-Tuesday,13:10,1300 Hours,District 2 (Northeast),WATERLOO,BLACK HAWK,77,DAWSON ST / BROADWAY ST,Collision with:  Vehicle in traffic,On Roadway,Broadside (front to side),Ran Stop Sign,None Indicated,None apparent,Daylight,Dry,Clear,None apparent,Intersection:  Four-way intersection,Paved,,Property Damage Only,0,0,0,0,0,0,3500,2,3,Southbound (SB),POINT (-92.345095701975 42.514059400665)
20251468427,25-004290,02/11/2025,02-February,3-Tuesday,15:30,1500 Hours,District 1 (Central),,JASPER,IA-163,IA 163 W,Collision with:  Vehicle in traffic,On Roadway,"Sideswipe, same direction",Improper or erratic lane changing,None Indicated,Unknown,Daylight,Dry,Clear,None apparent,Non-intersection:  Non-junction/no special feature,Paved,,Property Damage Only,0,0,0,0,0,0,4000,2,3,Westbound (WB),POINT (-93.282639166792 41.601469935815)
20251468068,20250003599,02/11/2025,02-February,3-Tuesday,10:00,1000 Hours,District 1 (Central),DES MOINES,POLK,US 6,61ST ST AND US 6 E,Collision with fixed object:  Utility pole/light support,On Roadway,Non-collision (single vehicle),"Operating vehicle in an reckless, erratic, careless, negligent manner",None Indicated,None apparent,Daylight,Dry,Clear,None apparent,Intersection:  Four-way intersection,Paved,,Property Damage Only,0,0,0,0,0,0,9000,1,1,Southbound (SB),POINT (-93.701347244487 41.614873249416)
20251468049,2025001253,02/11/2025,02-February,3-Tuesday,08:14,0800 Hours,District 6 (East Central),IOWA CITY,JOHNSON,77,LINN ST,Collision with:  Vehicle in traffic,On Roadway,Rear-end (front to rear),Improper Backing,None Indicated,None apparent,Daylight,Dry,Clear,None apparent,Non-intersection:  Non-junction/no special feature,Paved,,Property Damage Only,0,0,0,0,0,0,4100,2,3,Northbound (NB),POINT (-91.531672815698 41.658478763845)
20251469129,PD2500931,02/11/2025,02-February,3-Tuesday,18:50,1800 Hours,District 5 (Southeast),FAIRFIELD,JEFFERSON,77,NORTH MAIN ST,Collision with:  Vehicle in traffic,On Roadway,Broadside (front to side),Ran Stop Sign,None Indicated,None apparent,Dusk,Dry,Clear,None apparent,Intersection:  Four-way intersection,Paved,,Property Damage Only,0,0,0,0,0,0,3000,2,2,Northbound (NB),POINT (-91.963745929375 41.008520335974)
20251468057,25SC03770,02/11/2025,02-February,3-Tuesday,09:55,0900 Hours,District 3 (Northwest),SIOUX CITY,WOODBURY,77,SUNNYBROOK DR,Collision with:  Vehicle in traffic,On Roadway,Head-on (front to front),Lost Control,None Indicated,None apparent,Daylight,Snow,Clear,"Surface condition (e.g., wet, icy)",Intersection:  T-intersection,Paved,,Minor Injury,0,1,0,1,0,0,14000,2,2,Southbound (SB),POINT (-96.345344222039 42.45548246763)
20251468033,25-000146,02/11/2025,02-February,3-Tuesday,08:00,0800 Hours,District 1 (Central),,STORY,77,530TH AND CEDAR DR,Collision with:  Vehicle in traffic,On Roadway,Rear-end (front to rear),Driving too fast for conditions,None Indicated,Weather conditions,Daylight,Snow,Snow,"Surface condition (e.g., wet, icy)",Non-intersection:  Non-junction/no special feature,Paved,,Property Damage Only,0,0,0,0,0,0,6500,2,2,Northbound (NB),POINT (-93.639918750238 42.095917242033)
20251468148,25-002210,02/11/2025,02-February,3-Tuesday,20:48,2000 Hours,District 5 (Southeast),,HENRY,77,OLD HIGHWAY 218 AND 287TH ST AND US 218 N,Collision with fixed object:  Ground,Roadside,Non-collision (single vehicle),Ran off road - left,Alcohol (Statutory),None apparent,Dark - roadway lighted,Dry,Clear,None apparent,Non-intersection:  Non-junction/no special feature,Paved,,Minor Injury,0,1,0,1,0,0,6500,1,1,Northbound (NB),POINT (-91.56102506818 40.886065985791)
20251468022,25SC03750,02/11/2025,02-February,3-Tuesday,07:03,0700 Hours,District 3 (Northwest),SIOUX CITY,WOODBURY,77,3744 OUTER DR NORTH,Collision with fixed object:  Bridge pier or support,Outside trafficway,Non-collision (single vehicle),Driving too fast for conditions,None Indicated,Weather conditions,Daylight,Snow,Snow,"Surface condition (e.g., wet, icy)",Non-intersection:  Non-junction/no special feature,Paved,,Major Injury,0,1,1,0,0,0,8000,1,1,Southbound (SB),POINT (-96.364220975651 42.530171098958)
20251468626,2025001265,02/11/2025,02-February,3-Tuesday,16:29,1600 Hours,District 6 (East Central),IOWA CITY,JOHNSON,77,FRIENDSHIP ST,Collision with:  Vehicle in traffic,On Roadway,Broadside (front to side),Other (explain in narrative):  Other,None Indicated,None apparent,Daylight,Dry,Clear,None apparent,Non-intersection:  Non-junction/no special feature,Paved,,Property Damage Only,0,0,0,0,0,0,3000,2,2,Southbound (SB),POINT (-91.502042434023 41.65386313246)
20251468475,2025-000440,02/11/2025,02-February,3-Tuesday,20:59,2000 Hours,District 6 (East Central),,DUBUQUE,US 52,US 52 N,Collision with:  Animal,Unknown,Non-collision (single vehicle),Animal,None Indicated,Animal in roadway,,,,,,Paved,,Property Damage Only,0,0,0,0,0,0,7500,1,1,Northbound (NB),POINT (-90.585727823948 42.394498374823)
20251469660,CFS2501413,02/11/2025,02-February,3-Tuesday,18:15,1800 Hours,District 2 (Northeast),,WINNESHIEK,US 52,US 52 N,Collision with:  Animal,Unknown,Non-collision (single vehicle),Animal,None Indicated,Animal in roadway,,,,,,Paved,,Property Damage Only,0,0,0,0,0,0,4000,1,1,Northbound (NB),POINT (-91.805541724752 43.348940969976)
20251468191,25-02075,02/11/2025,02-February,3-Tuesday,19:45,1900 Hours,District 3 (Northwest),,SIOUX,77,BUCHANAN AVE AND 440TH ST,Collision with fixed object:  Ditch,Outside trafficway,Non-collision (single vehicle),Driving too fast for conditions,None Indicated,None apparent,Dark - roadway not lighted,Snow,Clear,"Surface condition (e.g., wet, icy)",Intersection:  T-intersection,Paved,,Minor Injury,0,1,0,1,0,0,50000,1,1,Northbound (NB),POINT (-96.469330288644 43.010601629241)
20251469629,25-002071,02/11/2025,02-February,3-Tuesday,16:18,1600 Hours,District 3 (Northwest),SIOUX CENTER,SIOUX,77,15TH ST NE AND NORTH MAIN FRONTAGE RD,Collision with:  Vehicle in traffic,On Roadway,Broadside (front to side),FTYROW:  From stop sign,None Indicated,None apparent,Daylight,Ice/frost,Cloudy,None apparent,Intersection:  Four-way intersection,Paved,,Property Damage Only,0,0,0,0,0,0,5500,2,2,Northbound (NB),POINT (-96.175328288035 43.093257638551)
20251468067,20250003591,02/11/2025,02-February,3-Tuesday,08:20,0800 Hours,District 1 (Central),DES MOINES,POLK,IA-163,IA 163 W AND EAST 30TH ST,Collision with:  Vehicle in traffic,On Roadway,Rear-end (front to rear),Other (explain in narrative):  Other,None Indicated,None apparent,Daylight,Dry,Cloudy,None apparent,Non-intersection:  Non-junction/no special feature,Paved,,Property Damage Only,0,0,0,0,0,0,4000,2,2,Westbound (WB),POINT (-93.558369780374 41.600578517695)
20251468128,CLP25000339,02/11/2025,02-February,3-Tuesday,15:55,1500 Hours,District 6 (East Central),CLINTON,CLINTON,77,18TH AVE N NORTH 3RD ST,Collision with:  Vehicle in traffic,On Roadway,Broadside (front to side),Ran Stop Sign,None Indicated,None apparent,Daylight,Dry,Clear,None apparent,Intersection:  Four-way intersection,Paved,,Property Damage Only,0,0,0,0,0,0,2000,2,3,Northbound (NB),POINT (-90.185052378147 41.86549258138)
20251468501,25-002202,02/11/2025,02-February,3-Tuesday,17:05,1700 Hours,District 5 (Southeast),,HENRY,IA-78,IA 78 E,Collision with fixed object:  Mailbox,Shoulder,Non-collision (single vehicle),Ran off road - right,Alcohol (Statutory),None apparent,Daylight,Dry,Cloudy,None apparent,Non-intersection:  Non-junction/no special feature,Paved,,Property Damage Only,0,0,0,0,0,0,2200,1,1,Southbound (SB),POINT (-91.437917632076 41.115071867847)
20251468126,25-005756,02/11/2025,02-February,3-Tuesday,13:20,1300 Hours,District 3 (Northwest),STORM LAKE,BUENA VISTA,IA-7,IA 7 E,Collision with:  Vehicle in traffic,On Roadway,Rear-end (front to rear),Followed too close,None Indicated,Weather conditions,Daylight,Wet,Cloudy,"Surface condition (e.g., wet, icy)",Intersection:  Four-way intersection,Paved,,Property Damage Only,0,0,0,0,0,0,2000,2,2,Southbound (SB),POINT (-95.190698247789 42.646527689689)
20251468904,,02/11/2025,02-February,3-Tuesday,18:20,1800 Hours,District 6 (East Central),DAVENPORT,SCOTT,IA-461,IA 461 N,Collision with:  Vehicle in traffic,On Roadway,Rear-end (front to rear),Unknown,None Indicated,,Dark - roadway lighted,Dry,Clear,,"Non-intersection:  Driveway access (related, not in)",Paved,,Property Damage Only,0,0,0,0,0,0,5500,2,5,Northbound (NB),POINT (-90.5681951638 41.568671196366)
20251468095,2025-000959,02/11/2025,02-February,3-Tuesday,13:40,1300 Hours,District 6 (East Central),DUBUQUE,DUBUQUE,77,WEST 24TH ST,Collision with:  Vehicle in traffic,On Roadway,Head-on (front to front),Made improper turn,None Indicated,None apparent,Daylight,Dry,Cloudy,None apparent,Intersection:  Traffic circle,Paved,,Possible/Unknown,0,1,0,0,1,0,4000,2,2,Southbound (SB),POINT (-90.673088204693 42.516076013405)
20251468103,25-00319,02/11/2025,02-February,3-Tuesday,14:59,1400 Hours,District 1 (Central),URBANDALE,POLK,I-80,4400 BLOCK I 80 E,Collision with:  Vehicle in traffic,On Roadway,Rear-end (front to rear),Followed too close,None Indicated,None apparent,Daylight,Dry,Clear,None apparent,Non-intersection:  Non-junction/no special feature,Paved,,Property Damage Only,0,0,0,0,0,0,1500,2,2,Southbound (SB),POINT (-93.776900497921 41.642660928207)
20251468172,25SC03808,02/11/2025,02-February,3-Tuesday,20:36,2000 Hours,District 3 (Northwest),SIOUX CITY,WOODBURY,77,WEST SOLWAY ST AND WEST 24TH ST,Collision with:  Vehicle in traffic,On Roadway,Head-on (front to front),Lost Control,None Indicated,None apparent,Dark - roadway lighted,Snow,Snow,"Surface condition (e.g., wet, icy)",Non-intersection:  Non-junction/no special feature,Paved,,Property Damage Only,0,0,0,0,0,0,2000,2,2,Northbound (NB),POINT (-96.414212936272 42.515499381089)
20251468052,25-000588,02/11/2025,02-February,3-Tuesday,06:37,0600 Hours,District 5 (Southeast),,DAVIS,US 63,US 63 N,Collision with:  Animal,Unknown,Non-collision (single vehicle),Animal,None Indicated,Animal in roadway,,,,,,Paved,,Property Damage Only,0,0,0,0,0,0,5000,1,1,Northbound (NB),POINT (-92.399028322914 40.801637028682)
20251469295,2025003733,02/11/2025,02-February,3-Tuesday,12:20,1200 Hours,District 1 (Central),,STORY,I-35,INTERSTATE 35 NB 118MM,Collision with:  Vehicle in traffic,On Roadway,"Sideswipe, same direction",Improper or erratic lane changing,None Indicated,None apparent,Daylight,Dry,Clear,None apparent,Non-intersection:  Non-junction/no special feature,Paved,,Property Damage Only,0,0,0,0,0,0,3000,2,2,Northbound (NB),POINT (-93.563252327861 42.09752602903)
20251468133,20250003635,02/11/2025,02-February,3-Tuesday,16:58,1600 Hours,District 1 (Central),DES MOINES,POLK,77,6TH AVE MEASURING 137 FEET NORTH FROM UNIVERSITY AVE,Collision with:  Vehicle in traffic,On Roadway,Rear-end (front to rear),Followed too close,None Indicated,None apparent,Daylight,Dry,Clear,None apparent,Non-intersection:  Non-junction/no special feature,Paved,,Possible/Unknown,0,1,0,0,1,0,5000,2,3,Northbound (NB),POINT (-93.625743340444 41.601213342117)
20251469461,0,02/11/2025,02-February,3-Tuesday,15:25,1500 Hours,District 1 (Central),,HARDIN,US 20,RAMP US 20 W TO US 65 N,Collision with:  Vehicle in traffic,On Roadway,Rear-end (front to rear),Followed too close,None Indicated,Weather conditions,Daylight,Ice/frost,Clear,"Surface condition (e.g., wet, icy)",Non-intersection:  Non-junction/no special feature,Paved,,Property Damage Only,0,0,0,0,0,0,12000,2,3,Westbound (WB),POINT (-93.26106335484 42.448989658506)
20251468139,25-1035,02/11/2025,02-February,3-Tuesday,16:26,1600 Hours,District 1 (Central),ALLEMAN,POLK,77,100 BLK NE 141ST AVE,Collision with:  Vehicle in traffic,On Roadway,"Sideswipe, opposite direction",Other (explain in narrative):  Vision obstructed,None Indicated,None apparent,Daylight,Dry,Clear,None apparent,Non-intersection:  Non-junction/no special feature,Paved,,Property Damage Only,0,0,0,0,0,0,9000,2,3,Southbound (SB),POINT (-93.615513046613 41.818545965074)
20251468204,25-001380,02/11/2025,02-February,3-Tuesday,15:33,1500 Hours,District 6 (East Central),INDEPENDENCE,BUCHANAN,77,2ND AVE NE AND 1ST ST EAST,Collision with:  Parked motor vehicle,On Roadway,"Sideswipe, same direction",Illegally Parked/Unattended,None Indicated,None apparent,Daylight,Dry,Cloudy,None apparent,Intersection:  T-intersection,Paved,,Property Damage Only,0,0,0,0,0,0,4100,2,1,Southbound (SB),POINT (-91.893252174471 42.468727650109)
20251468069,20250003610,02/11/2025,02-February,3-Tuesday,11:50,1100 Hours,District 1 (Central),DES MOINES,POLK,77,SE 5TH ST AND EAST SPRING ST,Collision with:  Vehicle in traffic,On Roadway,Rear-end (front to rear),Followed too close,None Indicated,None apparent,Daylight,Dry,Cloudy,None apparent,Non-intersection:  Non-junction/no special feature,Paved,,Possible/Unknown,0,1,0,0,1,0,11000,2,2,Northbound (NB),POINT (-93.606476736863 41.537671127219)
20251468131,2025-000963,02/11/2025,02-February,3-Tuesday,17:16,1700 Hours,District 6 (East Central),DUBUQUE,DUBUQUE,US 20,US 20 E,Collision with:  Vehicle in traffic,On Roadway,Rear-end (front to rear),Lost Control,None Indicated,None apparent,Dusk,Dry,Cloudy,None apparent,Non-intersection:  Non-junction/no special feature,Paved,,Property Damage Only,0,0,0,0,0,0,8000,2,2,Southbound (SB),POINT (-90.726080888705 42.491439328177)