Iowa DOT Case Number,Law Enforcement Case Number,Date of Crash,Month of Crash,Day of Week,Time of Crash,Hour,DOT District,City Name,County Name,Route with System,Location Description,First Harmful Event,Location of First Harmful Event,Manner of Crash/Collision,Major Cause,Drug or Alcohol ,Environmental Conditions,Light Conditions,Surface Conditions,Weather Conditions,Roadway Contribution,Roadway Type,Roadway Surface,Work Zone,Crash Severity,Number of Fatalities,Number of Injuries,Number of Major Injuries,Number of Minor Injuries,Number of Possible Injuries,Number of Unknown Injuries,Amount of Property Damage,Number of Vehicles Involved,Total Number of Occupants,Travel Direction,Location
20251468281,202500487,02/12/2025,02-February,4-Wednesday,12:21,1200 Hours,District 6 (East Central),,LINN,77,EAST POST RD,Collision with fixed object:  Ditch,On Roadway,Non-collision (single vehicle),Lost Control,None Indicated,None apparent,Daylight,Snow,Snow,None apparent,Non-intersection:  Non-junction/no special feature,Paved,,Property Damage Only,0,0,0,0,0,0,2000,1,1,Northbound (NB),POINT (-91.601808542554 41.991239202858)
20251468373,2025-000996,02/12/2025,02-February,4-Wednesday,20:42,2000 Hours,District 6 (East Central),DUBUQUE,DUBUQUE,77,LORAS BLVD,Collision with fixed object:  Traffic sign support,On Roadway,Non-collision (single vehicle),Lost Control,None Indicated,Weather conditions,Dark - roadway lighted,Snow,Snow,None apparent,Intersection:  T-intersection,Paved,,Property Damage Only,0,0,0,0,0,0,10200,1,1,Southbound (SB),POINT (-90.673745021388 42.504607715424)
20251468573,25000935,02/12/2025,02-February,4-Wednesday,20:25,2000 Hours,District 2 (Northeast),,MITCHELL,77,SHADOW AVE,Non-collision events:  Overturn/rollover,On Roadway,Non-collision (single vehicle),Ran off road - left,None Indicated,None apparent,Dark - roadway not lighted,Snow,Blowing snow,"Surface condition (e.g., wet, icy)",Non-intersection:  Non-junction/no special feature,Unpaved,,Property Damage Only,0,0,0,0,0,0,20000,1,1,Northbound (NB),POINT (-92.675386861574 43.345407217997)
20251469311,2025003946,02/12/2025,02-February,4-Wednesday,18:55,1800 Hours,District 1 (Central),URBANDALE,POLK,I-80,I 80 W 126.3MM,Non-collision events:  Jackknife,Shoulder,Non-collision (single vehicle),Driving too fast for conditions,None Indicated,Weather conditions,Dark - roadway lighted,Snow,Snow,"Surface condition (e.g., wet, icy)",Non-intersection:  Non-junction/no special feature,Paved,,Property Damage Only,0,0,0,0,0,0,4000,1,1,Westbound (WB),POINT (-93.777069743215 41.631761144926)
20251468236,2025001286,02/12/2025,02-February,4-Wednesday,08:12,0800 Hours,District 6 (East Central),IOWA CITY,JOHNSON,77,BOYRUM ST,Collision with fixed object:  Fence,On Roadway,Non-collision (single vehicle),Ran off road - right,None Indicated,Weather conditions,Daylight,Snow,Snow,"Surface condition (e.g., wet, icy)",Non-intersection:  Non-junction/no special feature,Paved,,Property Damage Only,0,0,0,0,0,0,4000,1,1,Northbound (NB),POINT (-91.527593915437 41.645096417187)
20251468288,25-00669,02/12/2025,02-February,4-Wednesday,12:21,1200 Hours,District 1 (Central),WEST DES MOINES,DALLAS,I-80,9200 I 80 E,Collision with fixed object:  Cable barrier,On Roadway,Non-collision (single vehicle),Lost Control,None Indicated,Weather conditions,Daylight,Snow,Snow,"Surface condition (e.g., wet, icy)",Non-intersection:  Non-junction/no special feature,Paved,,Property Damage Only,0,0,0,0,0,0,16000,1,1,Southbound (SB),POINT (-93.823638230576 41.584482508641)
20251468859,2025003855,02/12/2025,02-February,4-Wednesday,12:20,1200 Hours,District 6 (East Central),,JOHNSON,I-80,I 80 E AT 250 MM,Collision with:  Vehicle in traffic,On Roadway,"Sideswipe, same direction",Ran off road - right,None Indicated,Weather conditions,Daylight,Snow,Snow,"Surface condition (e.g., wet, icy)",Non-intersection:  Non-junction/no special feature,Paved,,Property Damage Only,0,0,0,0,0,0,1500,2,2,Southbound (SB),POINT (-91.430458939137 41.667534792197)
20251468270,FD25-0386,02/12/2025,02-February,4-Wednesday,11:00,1100 Hours,District 1 (Central),FORT DODGE,WEBSTER,77,AVENUE C + KENYON RD,Collision with:  Vehicle in traffic,On Roadway,Broadside (front to side),Driving too fast for conditions,None Indicated,None apparent,Daylight,Snow,Blowing snow,"Surface condition (e.g., wet, icy)",Intersection:  Four-way intersection,Paved,,Property Damage Only,0,0,0,0,0,0,7500,2,3,Northbound (NB),POINT (-94.189901980162 42.492471111462)
20251468858,2025003846,02/12/2025,02-February,4-Wednesday,11:55,1100 Hours,District 6 (East Central),HIAWATHA,LINN,I-380,I 380 SB AT 29.5MM,Non-collision events:  Overturn/rollover,Roadside,Non-collision (single vehicle),Driving too fast for conditions,None Indicated,Weather conditions,Daylight,Ice/frost,Snow,"Surface condition (e.g., wet, icy)",Non-intersection:  Non-junction/no special feature,Paved,,Possible/Unknown,0,1,0,0,1,0,8000,1,1,Eastbound (EB),POINT (-91.702867445355 42.102384328929)
20251469726,25-000019,02/12/2025,02-February,4-Wednesday,00:25,0000 Hours,District 1 (Central),STORY CITY,STORY,77,LARSON AVE,Collision with:  Vehicle in traffic,On Roadway,"Sideswipe, opposite direction",Lost Control,None Indicated,None apparent,Dark - roadway not lighted,Snow,Unknown,None apparent,Non-intersection:  Non-junction/no special feature,Paved,,Possible/Unknown,0,1,0,0,0,1,1500,2,2,Northbound (NB),POINT (-93.600834299986 42.179077490725)
20251469852,IR25-148,02/12/2025,02-February,4-Wednesday,07:55,0700 Hours,District 3 (Northwest),,SAC,US 71,250TH ST AND US 71 N,Non-collision events:  Other non-collision (explain in narrative),On Roadway,Non-collision (single vehicle),Other (explain in narrative):  No improper action,None Indicated,None apparent,Daylight,Snow,Snow,None apparent,Non-intersection:  Non-junction/no special feature,Paved,,Property Damage Only,0,0,0,0,0,0,15000,1,1,Northbound (NB),POINT (-94.954775023447 42.428509818731)
20251468353,20250003707,02/12/2025,02-February,4-Wednesday,14:22,1400 Hours,District 1 (Central),DES MOINES,POLK,77,SOUTH UNION ST AND HACKLEY AVE,Collision with:  Parked motor vehicle,On Roadway,"Sideswipe, same direction",Lost Control,None Indicated,None apparent,Daylight,Snow,Snow,None apparent,Non-intersection:  Non-junction/no special feature,Paved,,Property Damage Only,0,0,0,0,0,0,5000,2,1,Northbound (NB),POINT (-93.616084487423 41.538214538948)
20251468348,25-00682,02/12/2025,02-February,4-Wednesday,20:15,2000 Hours,District 1 (Central),WEST DES MOINES,DALLAS,I-80,I 80 E,Collision with fixed object:  Concrete traffic barrier (median or right side),On Roadway,Non-collision (single vehicle),Driving too fast for conditions,None Indicated,Weather conditions,Dark - roadway not lighted,Snow,Snow,None apparent,Non-intersection:  Non-junction/no special feature,Paved,,Property Damage Only,0,0,0,0,0,0,5500,1,1,Southbound (SB),POINT (-93.807534825078 41.591892583242)
20251468261,25-001413,02/12/2025,02-February,4-Wednesday,12:03,1200 Hours,District 4 (Southwest),MISSOURI VALLEY,HARRISON,77,SOUTH 9TH ST,Collision with fixed object:  Ditch,On Roadway,Non-collision (single vehicle),Driving too fast for conditions,None Indicated,Weather conditions,Daylight,Snow,Snow,Other (explain in narrative),Non-intersection:  Non-junction/no special feature,Paved,,Property Damage Only,0,0,0,0,0,0,10000,1,1,Northbound (NB),POINT (-95.883055515602 41.556199597933)
20251468247,2025-000978,02/12/2025,02-February,4-Wednesday,09:23,0900 Hours,District 6 (East Central),DUBUQUE,DUBUQUE,77,UNIVERSITY AVE,Collision with:  Vehicle in traffic,On Roadway,Rear-end (front to rear),Driving too fast for conditions,None Indicated,Weather conditions,Daylight,Snow,Snow,"Surface condition (e.g., wet, icy)",Non-intersection:  Non-junction/no special feature,Paved,,Property Damage Only,0,0,0,0,0,0,17000,4,4,Southbound (SB),POINT (-90.675142772122 42.500061442297)
20251468331,W25-012139,02/12/2025,02-February,4-Wednesday,15:43,1500 Hours,District 2 (Northeast),WATERLOO,BLACK HAWK,US 63,DONALD ST / LOGAN AVE,Collision with:  Vehicle in traffic,On Roadway,Rear-end (front to rear),Other (explain in narrative):  Other,None Indicated,Weather conditions,Daylight,Snow,Blowing snow,"Surface condition (e.g., wet, icy)",Intersection:  Four-way intersection,Paved,,Property Damage Only,0,0,0,0,0,0,1700,2,5,Eastbound (EB),POINT (-92.337649230615 42.527561318159)
20251468305,25-000996,02/12/2025,02-February,4-Wednesday,13:47,1300 Hours,District 5 (Southeast),CHARITON,LUCAS,77,335 N MAIN ST,Collision with:  Vehicle in traffic,In parking lane/zone,Rear to side,Other (explain in narrative):  Other,None Indicated,None apparent,Daylight,Snow,Snow,None apparent,Non-intersection:  Non-junction/no special feature,Paved,,Property Damage Only,0,0,0,0,0,0,4800,2,6,Northbound (NB),POINT (-93.308400508131 41.017783480158)
20251468723,25-001433,02/12/2025,02-February,4-Wednesday,13:52,1300 Hours,District 4 (Southwest),RED OAK,MONTGOMERY,77,500 BLOCK ECOOLBAUGH ST,Collision with:  Parked motor vehicle,On Roadway,Rear to side,Improper Backing,None Indicated,Weather conditions,Daylight,Snow,Snow,"Surface condition (e.g., wet, icy)",Non-intersection:  Non-junction/no special feature,Paved,,Property Damage Only,0,0,0,0,0,0,2500,2,1,Southbound (SB),POINT (-95.226184786326 41.008898774677)
20251468799,25-002254,02/12/2025,02-February,4-Wednesday,15:12,1500 Hours,District 2 (Northeast),,BREMER,US 63,US 63 N,Collision with:  Vehicle in traffic,On Roadway,Rear-end (front to rear),Driving too fast for conditions,None Indicated,Weather conditions,Daylight,Snow,Snow,None apparent,Non-intersection:  Non-junction/no special feature,Paved,,Property Damage Only,0,0,0,0,0,0,6000,2,2,Northbound (NB),POINT (-92.337022036765 42.81176422128)
20251468412,25SC03899,02/12/2025,02-February,4-Wednesday,16:19,1600 Hours,District 3 (Northwest),SIOUX CITY,WOODBURY,77,27TH ST,Collision with:  Vehicle in traffic,On Roadway,Rear-end (front to rear),Driving too fast for conditions,None Indicated,None apparent,Daylight,Snow,Snow,None apparent,Non-intersection:  Non-junction/no special feature,Paved,,Property Damage Only,0,0,0,0,0,0,8000,2,3,Southbound (SB),POINT (-96.387472071049 42.517527451399)
20251468252,20250003677,02/12/2025,02-February,4-Wednesday,09:00,0900 Hours,District 1 (Central),DES MOINES,POLK,I-235,3300 BLOCK E I-235,Collision with:  Vehicle in traffic,On Roadway,"Sideswipe, same direction",Ran off road - left,None Indicated,Weather conditions,Daylight,Snow,Snow,"Surface condition (e.g., wet, icy)",Non-intersection:  Non-junction/no special feature,Paved,,Possible/Unknown,0,1,0,0,0,1,6500,2,2,Southbound (SB),POINT (-93.575652260614 41.623821989366)
20251468183,25-000150,02/12/2025,02-February,4-Wednesday,01:30,0100 Hours,District 1 (Central),,STORY,I-35,I 35 N,Collision with fixed object:  Bridge/bridge rail parapet,On Roadway,Non-collision (single vehicle),Ran off road - left,None Indicated,Weather conditions,Dark - roadway not lighted,Snow,Snow,"Surface condition (e.g., wet, icy)",Non-intersection:  Non-junction/no special feature,Paved,,Property Damage Only,0,0,0,0,0,0,10000,1,1,Northbound (NB),POINT (-93.570187236514 41.971093622517)
20251468455,202500001988,02/12/2025,02-February,4-Wednesday,17:17,1700 Hours,District 4 (Southwest),,DALLAS,77,210TH ST,Collision with:  Vehicle in traffic,On Roadway,Rear-end (front to rear),Driving too fast for conditions,None Indicated,Weather conditions,Daylight,Snow,Cloudy,"Slippery, loose, or worn surface",Non-intersection:  Non-junction/no special feature,Paved,,Property Damage Only,0,0,0,0,0,0,15000,2,2,Southbound (SB),POINT (-94.106127603963 41.731925229898)
20251469310,2025003919,02/12/2025,02-February,4-Wednesday,16:45,1600 Hours,District 6 (East Central),CEDAR RAPIDS,LINN,IA-922,HIGHWAY 30 WB OFF-RAMP TO HIGHWAY 151,Collision with:  Vehicle in traffic,On Roadway,Broadside (front to side),Ran Stop Sign,None Indicated,Weather conditions,Daylight,Snow,Snow,"Surface condition (e.g., wet, icy)",Intersection:  Intersection with ramp,Paved,,Property Damage Only,0,0,0,0,0,0,17000,2,2,Northbound (NB),POINT (-91.738832914398 41.94601991886)
20251468477,2025-000443,02/12/2025,02-February,4-Wednesday,03:23,0300 Hours,District 6 (East Central),,DUBUQUE,US 52,US 52 N,Collision with fixed object:  Ditch,On Roadway,Non-collision (single vehicle),Driving too fast for conditions,None Indicated,Weather conditions,Dark - roadway not lighted,Ice/frost,Snow,"Surface condition (e.g., wet, icy)",Non-intersection:  Non-junction/no special feature,Paved,,Minor Injury,0,1,0,1,0,0,7000,1,1,Northbound (NB),POINT (-91.112461865599 42.557082267592)
20251469074,25-00207,02/12/2025,02-February,4-Wednesday,18:44,1800 Hours,District 4 (Southwest),CLIVE,POLK,77,UNIVERSITY AVE/COUNTRY CLUB,Collision with:  Vehicle in traffic,On Roadway,Rear to side,Lost Control,None Indicated,Weather conditions,Dark - roadway lighted,Snow,Snow,"Surface condition (e.g., wet, icy)",Non-intersection:  Non-junction/no special feature,Paved,,Property Damage Only,0,0,0,0,0,0,2000,2,2,Westbound (WB),POINT (-93.800658315003 41.600506523259)
20251468212,25SC03845,02/12/2025,02-February,4-Wednesday,09:00,0900 Hours,District 3 (Northwest),SIOUX CITY,WOODBURY,I-29,I 29 S,Collision with fixed object:  Curb/island/raised median,On Roadway,Non-collision (single vehicle),Driving too fast for conditions,None Indicated,Weather conditions,Daylight,Snow,Snow,"Surface condition (e.g., wet, icy)",Non-intersection:  Non-junction/no special feature,Paved,,Property Damage Only,0,0,0,0,0,0,10000,1,1,Eastbound (EB),POINT (-96.39610383529 42.487241747123)
20251468159,25-00661,02/12/2025,02-February,4-Wednesday,01:33,0100 Hours,District 1 (Central),WEST DES MOINES,POLK,77,600-BLK SOUTH PRAIRIE VIEW DR,Collision with fixed object:  Curb/island/raised median,On Roadway,Non-collision (single vehicle),Ran off road - left,None Indicated,Weather conditions,Dark - roadway lighted,Snow,Snow,"Surface condition (e.g., wet, icy)",Non-intersection:  Non-junction/no special feature,Paved,,Property Damage Only,0,0,0,0,0,0,1501,1,1,Northbound (NB),POINT (-93.785327408548 41.559323149152)
20251468381,202500484,02/12/2025,02-February,4-Wednesday,11:09,1100 Hours,District 6 (East Central),,LINN,77,LAKESIDE RD,Collision with fixed object:  Ditch,On Roadway,Non-collision (single vehicle),Ran off road - right,None Indicated,Weather conditions,Daylight,Snow,Snow,"Surface condition (e.g., wet, icy)",Intersection:  T-intersection,Paved,,Property Damage Only,0,0,0,0,0,0,1800,1,1,Southbound (SB),POINT (-91.575669078752 42.005409053222)
20251469386,0,02/12/2025,02-February,4-Wednesday,17:56,1700 Hours,District 5 (Southeast),,DES MOINES,US 61,260TH ST AND US 61 N,Collision with fixed object:  Bridge/bridge rail parapet,Shoulder,Non-collision (single vehicle),Driving too fast for conditions,None Indicated,Weather conditions,Dark - roadway lighted,Ice/frost,Snow,"Surface condition (e.g., wet, icy)",Non-intersection:  Non-junction/no special feature,Paved,,Property Damage Only,0,0,0,0,0,0,9000,1,5,Northbound (NB),POINT (-91.175366453556 41.059499965653)
20251468181,20250003667,02/12/2025,02-February,4-Wednesday,06:18,0600 Hours,District 1 (Central),DES MOINES,POLK,I-235,I 235 W MEASURING 727 FEET EAST FROM RAMP I 235 W TO US 69 N,Collision with fixed object:  Concrete traffic barrier (median or right side),On Roadway,Non-collision (single vehicle),Lost Control,None Indicated,Weather conditions,Dark - roadway lighted,Snow,Snow,"Surface condition (e.g., wet, icy)",Non-intersection:  Non-junction/no special feature,Paved,,Possible/Unknown,0,1,0,0,1,0,4000,1,1,Westbound (WB),POINT (-93.586853081702 41.600085368512)
20251468299,25-00673,02/12/2025,02-February,4-Wednesday,10:09,1000 Hours,District 1 (Central),WEST DES MOINES,POLK,I-35,I 35 N,Collision with fixed object:  Concrete traffic barrier (median or right side),On Roadway,Non-collision (single vehicle),Ran off road - left,None Indicated,Weather conditions,Daylight,Snow,Snow,None apparent,Non-intersection:  Non-junction/no special feature,Paved,,Property Damage Only,0,0,0,0,0,0,2500,1,1,Northbound (NB),POINT (-93.777257665383 41.578419298788)
20251468393,25-00684,02/12/2025,02-February,4-Wednesday,22:10,2200 Hours,District 1 (Central),WEST DES MOINES,DALLAS,I-80,I 80 E,Non-collision events:  Jackknife,On Roadway,Rear-end (front to rear),Lost Control,None Indicated,Weather conditions,Dark - roadway lighted,Ice/frost,Blowing snow,"Surface condition (e.g., wet, icy)",Non-intersection:  Non-junction/no special feature,Paved,,Property Damage Only,0,0,0,0,0,0,150100,2,3,Southbound (SB),POINT (-93.814924816661 41.58895813296)
20251468325,P25-02492,02/12/2025,02-February,4-Wednesday,08:17,0800 Hours,District 5 (Southeast),BURLINGTON,DES MOINES,77,DIVISION ST AND PLANE ST,Collision with:  Vehicle in traffic,On Roadway,Broadside (front to side),Ran Traffic Signal,None Indicated,Weather conditions,Daylight,Snow,Snow,"Surface condition (e.g., wet, icy)",Intersection:  Four-way intersection,Paved,,Possible/Unknown,0,1,0,0,1,0,6000,2,2,Northbound (NB),POINT (-91.124798068273 40.807698730058)
20251469881,25-005862,02/12/2025,02-February,4-Wednesday,04:22,0400 Hours,District 3 (Northwest),,BUENA VISTA,IA-7,IA 7 E M27,Collision with fixed object:  Ditch,Roadside,Non-collision (single vehicle),Ran off road - right,None Indicated,None apparent,Dark - roadway not lighted,Dry,Snow,None apparent,Non-intersection:  Non-junction/no special feature,Paved,,Property Damage Only,0,0,0,0,0,0,4000,1,1,Southbound (SB),POINT (-95.361213440274 42.692197489316)
20251469523,0,02/12/2025,02-February,4-Wednesday,13:05,1300 Hours,District 5 (Southeast),OTTUMWA,WAPELLO,US 34,US 34 W,Collision with:  Vehicle in traffic,On Roadway,Broadside (front to side),Driving too fast for conditions,None Indicated,Weather conditions,Daylight,Snow,Snow,"Surface condition (e.g., wet, icy)",Intersection:  Four-way intersection,Paved,,Property Damage Only,0,0,0,0,0,0,2500,2,4,Westbound (WB),POINT (-92.42346803945 41.01546602582)
20251468754,2025003989,02/12/2025,02-February,4-Wednesday,22:30,2200 Hours,District 6 (East Central),,JOHNSON,I-80,I-80 EB MM 251,Non-collision events:  Jackknife,On Roadway,Non-collision (single vehicle),Driving too fast for conditions,None Indicated,Weather conditions,Dark - roadway not lighted,Snow,Snow,"Surface condition (e.g., wet, icy)",Non-intersection:  Non-junction/no special feature,Paved,,Property Damage Only,0,0,0,0,0,0,15500,1,2,Southbound (SB),POINT (-91.412557949959 41.667180808777)
20251469266,2025-9942,02/12/2025,02-February,4-Wednesday,14:18,1400 Hours,District 6 (East Central),DAVENPORT,SCOTT,77,EAST HIGH ST,Collision with:  Non-motorist (see non-motorist section - NOT a unit),On Roadway,Non-collision (single vehicle),Other (explain in narrative):  No improper action,None Indicated,None apparent,Daylight,Snow,Snow,"Surface condition (e.g., wet, icy)",Non-intersection:  Non-junction/no special feature,Paved,,Minor Injury,0,1,0,1,0,0,0,1,1,Southbound (SB),POINT (-90.542297391725 41.5403446186)
20251468459,2025003953,02/12/2025,02-February,4-Wednesday,20:10,2000 Hours,District 6 (East Central),,SCOTT,I-80,I 80 W 280 MM,Collision with fixed object:  Cable barrier,On Roadway,Non-collision (single vehicle),Ran off road - left,None Indicated,Weather conditions,Dark - roadway not lighted,Snow,Snow,"Surface condition (e.g., wet, icy)",Non-intersection:  Non-junction/no special feature,Paved,,Property Damage Only,0,0,0,0,0,0,7000,1,1,Westbound (WB),POINT (-90.862605931999 41.633102481303)
20251468413,25SC03902,02/12/2025,02-February,4-Wednesday,17:26,1700 Hours,District 3 (Northwest),SIOUX CITY,WOODBURY,77,SOUTH SAINT MARYS ST AND MACOMB AVE,Collision with fixed object:  Traffic sign support,On Roadway,Non-collision (single vehicle),Driving too fast for conditions,None Indicated,Weather conditions,Daylight,Snow,Snow,"Surface condition (e.g., wet, icy)",Intersection:  Four-way intersection,Paved,,Property Damage Only,0,0,0,0,0,0,10200,2,2,Northbound (NB),POINT (-96.360214351144 42.480439837032)
20251468761,2025003871,02/12/2025,02-February,4-Wednesday,13:07,1300 Hours,District 6 (East Central),,SCOTT,US 61,US 61 S/110TH AVE,Collision with fixed object:  Ditch,On Roadway,Non-collision (single vehicle),Ran off road - right,None Indicated,Weather conditions,Daylight,Ice/frost,Snow,"Surface condition (e.g., wet, icy)",Non-intersection:  Non-junction/no special feature,Paved,,Minor Injury,0,1,0,1,0,0,15100,1,1,Northbound (NB),POINT (-90.692204649485 41.508579265979)
20251468364,20250003739,02/12/2025,02-February,4-Wednesday,18:23,1800 Hours,District 1 (Central),DES MOINES,POLK,I-235,I 235 E,Collision with fixed object:  Curb/island/raised median,Separator,Non-collision (single vehicle),Lost Control,None Indicated,Weather conditions,Dark - roadway lighted,Ice/frost,Snow,"Surface condition (e.g., wet, icy)",Non-intersection:  Non-junction/no special feature,Paved,,Possible/Unknown,0,1,0,0,1,0,4000,1,1,Southbound (SB),POINT (-93.580342696191 41.603379037351)
20251468520,2025003869,02/12/2025,02-February,4-Wednesday,12:55,1200 Hours,District 2 (Northeast),,ALLAMAKEE,77,VOLNEY RD NEAR SMITHFIELD DR,Collision with fixed object:  Ditch,On Roadway,Non-collision (single vehicle),Lost Control,None Indicated,Weather conditions,Daylight,Snow,Snow,"Surface condition (e.g., wet, icy)",Non-intersection:  Non-junction/no special feature,Paved,,Property Damage Only,0,0,0,0,0,0,2000,1,1,Northbound (NB),POINT (-91.382843167072 43.113076096065)
20251468408,25SC03885,02/12/2025,02-February,4-Wednesday,15:17,1500 Hours,District 3 (Northwest),SIOUX CITY,WOODBURY,77,OUTER DR NORTH,Collision with:  Vehicle in traffic,On Roadway,Rear-end (front to rear),Lost Control,None Indicated,Weather conditions,Daylight,Snow,Snow,"Surface condition (e.g., wet, icy)",Non-intersection:  Non-junction/no special feature,Paved,,Property Damage Only,0,0,0,0,0,0,4500,3,5,Southbound (SB),POINT (-96.376203242103 42.537895315217)
20251468791,2025003960,02/12/2025,02-February,4-Wednesday,20:40,2000 Hours,District 5 (Southeast),,LEE,IA-27,IA 27 S/ MM 4,Non-collision events:  Overturn/rollover,On Roadway,Non-collision (single vehicle),Driving too fast for conditions,None Indicated,Weather conditions,Dark - roadway not lighted,Snow,Snow,"Surface condition (e.g., wet, icy)",Non-intersection:  Non-junction/no special feature,Paved,,Property Damage Only,0,0,0,0,0,0,26000,1,2,Eastbound (EB),POINT (-91.565310229715 40.514293588779)
20251468642,2025003863,02/12/2025,02-February,4-Wednesday,13:15,1300 Hours,District 1 (Central),,POLK,I-80,I 80 W MM 139.3,Collision with:  Parked motor vehicle,Shoulder,Rear-end (front to rear),Driving too fast for conditions,None Indicated,Weather conditions,Daylight,Ice/frost,Snow,"Surface condition (e.g., wet, icy)",Non-intersection:  Non-junction/no special feature,Paved,,Property Damage Only,0,0,0,0,0,0,63000,4,3,Westbound (WB),POINT (-93.549888565689 41.655995680675)
20251468357,20250003720,02/12/2025,02-February,4-Wednesday,16:09,1600 Hours,District 1 (Central),DES MOINES,POLK,I-235,"RAMP I 235 E TO 3RD ST, N",Collision with:  Vehicle in traffic,On Roadway,Rear-end (front to rear),Driving too fast for conditions,None Indicated,Weather conditions,Daylight,Snow,Snow,"Surface condition (e.g., wet, icy)",Non-intersection:  Non-junction/no special feature,Paved,,Property Damage Only,0,0,0,0,0,0,3500,2,2,Southbound (SB),POINT (-93.635314707439 41.595846580278)
20251468452,25002236,02/12/2025,02-February,4-Wednesday,07:43,0700 Hours,District 2 (Northeast),,BREMER,IA-116,IA 116 S,Non-collision events:  Other non-collision (explain in narrative),On Roadway,Non-collision (single vehicle),Driving too fast for conditions,None Indicated,Weather conditions,Daylight,Snow,Snow,"Surface condition (e.g., wet, icy)",Interchange-related:  On-ramp merge area,Paved,,Property Damage Only,0,0,0,0,0,0,3300,1,1,Eastbound (EB),POINT (-92.477701972403 42.688676326617)
20251468268,CL2500116,02/12/2025,02-February,4-Wednesday,07:25,0700 Hours,District 2 (Northeast),CLEAR LAKE,CERRO GORDO,77,300 BLK SOUTH 8TH ST,Collision with:  Vehicle in traffic,On Roadway,"Sideswipe, same direction",Improper or erratic lane changing,None Indicated,None apparent,Daylight,Snow,Snow,None apparent,Non-intersection:  Non-junction/no special feature,Paved,,Property Damage Only,0,0,0,0,0,0,9000,2,8,Northbound (NB),POINT (-93.378769221141 43.135386191993)
20251468230,25-001372,02/12/2025,02-February,4-Wednesday,10:25,1000 Hours,District 3 (Northwest),LE MARS,PLYMOUTH,77,4TH ST NW AND 3RD AVE NW,Collision with:  Vehicle in traffic,On Roadway,Broadside (front to side),FTYROW:  At uncontrolled intersection,None Indicated,Weather conditions,Daylight,Snow,Snow,"Surface condition (e.g., wet, icy)",Intersection:  Four-way intersection,Paved,,Property Damage Only,0,0,0,0,0,0,3500,2,2,Southbound (SB),POINT (-96.170843639422 42.797910215903)
20251468269,FD25-0384,02/12/2025,02-February,4-Wednesday,10:50,1000 Hours,District 1 (Central),FORT DODGE,WEBSTER,77,S 15TH ST AND 5TH AVE S,Collision with:  Vehicle in traffic,On Roadway,"Angle, oncoming left turn",FTYROW:  Making left turn,None Indicated,Weather conditions,Daylight,Snow,Snow,"Surface condition (e.g., wet, icy)",Non-intersection:  Non-junction/no special feature,Paved,,Property Damage Only,0,0,0,0,0,0,2000,2,2,Southbound (SB),POINT (-94.177613369334 42.501000383627)
20251468828,2025003817,02/12/2025,02-February,4-Wednesday,10:21,1000 Hours,District 6 (East Central),,JOHNSON,I-80,I80 249 MM WB,Collision with fixed object:  Concrete traffic barrier (median or right side),On Roadway,Non-collision (single vehicle),Driving too fast for conditions,None Indicated,Weather conditions,Daylight,Snow,Snow,"Surface condition (e.g., wet, icy)",Non-intersection:  Non-junction/no special feature,Paved,,Property Damage Only,0,0,0,0,0,0,12000,1,1,Westbound (WB),POINT (-91.439618998105 41.669731105839)
20251469312,2025003956,02/12/2025,02-February,4-Wednesday,19:51,1900 Hours,District 1 (Central),,POLK,I-35,I-35 SB 100MM,Collision with fixed object:  Concrete traffic barrier (median or right side),Median,Non-collision (single vehicle),Driving too fast for conditions,None Indicated,Weather conditions,Dark - roadway not lighted,Snow,Snow,"Surface condition (e.g., wet, icy)",Non-intersection:  Non-junction/no special feature,Paved,,Property Damage Only,0,0,0,0,0,0,20000,1,1,Eastbound (EB),POINT (-93.571225570405 41.837229853581)
20251468580,2025003806,02/12/2025,02-February,4-Wednesday,09:54,0900 Hours,District 3 (Northwest),,POCAHONTAS,77,120TH AVE AND THE TRAIN TRACKS,Collision with:  Railway vehicle/train,On Roadway,Other (explain in narrative),FTYROW:  Other (explain in narrative),None Indicated,Unknown,Daylight,Snow,Cloudy,Other (explain in narrative),Non-intersection:  Railroad grade crossing,Unpaved,,Major Injury,0,1,1,0,0,0,60300,2,2,Northbound (NB),POINT (-94.874968549876 42.584773030839)
20251468274,2025-9934,02/12/2025,02-February,4-Wednesday,13:05,1300 Hours,District 6 (East Central),DAVENPORT,SCOTT,77,VILLA DR MEASURING 52 FEET NORTH FROM WEST 53RD ST,Collision with:  Vehicle in traffic,On Roadway,Head-on (front to front),Lost Control,None Indicated,None apparent,Daylight,Slush,Snow,"Surface condition (e.g., wet, icy)",Intersection:  Four-way intersection,Paved,,Property Damage Only,0,0,0,0,0,0,5100,2,2,Northbound (NB),POINT (-90.597380019721 41.574643884458)