Iowa DOT Case Number,Law Enforcement Case Number,Date of Crash,Month of Crash,Day of Week,Time of Crash,Hour,DOT District,City Name,County Name,Route with System,Location Description,First Harmful Event,Location of First Harmful Event,Manner of Crash/Collision,Major Cause,Drug or Alcohol ,Environmental Conditions,Light Conditions,Surface Conditions,Weather Conditions,Roadway Contribution,Roadway Type,Roadway Surface,Work Zone,Crash Severity,Number of Fatalities,Number of Injuries,Number of Major Injuries,Number of Minor Injuries,Number of Possible Injuries,Number of Unknown Injuries,Amount of Property Damage,Number of Vehicles Involved,Total Number of Occupants,Travel Direction,Location
20251468403,25SC03851,02/12/2025,02-February,4-Wednesday,07:45,0700 Hours,District 3 (Northwest),SIOUX CITY,WOODBURY,77,SOUTH LAKEPORT ST AND GLENN AVE,Collision with:  Vehicle in traffic,On Roadway,Rear-end (front to rear),Followed too close,None Indicated,Weather conditions,Daylight,Snow,Snow,"Surface condition (e.g., wet, icy)",Non-intersection:  Non-junction/no special feature,Paved,,Property Damage Only,0,0,0,0,0,0,4000,2,3,Northbound (NB),POINT (-96.346443637775 42.465841605938)
20251468572,25000930,02/12/2025,02-February,4-Wednesday,16:00,1600 Hours,District 2 (Northeast),,MITCHELL,77,STATE LINE ST,Collision with fixed object:  Traffic sign support,Outside trafficway,Non-collision (single vehicle),Ran off road - straight,None Indicated,None apparent,Daylight,Snow,Cloudy,"Surface condition (e.g., wet, icy)",Intersection:  T-intersection,Paved,,Possible/Unknown,0,1,0,0,1,0,10000,1,1,Southbound (SB),POINT (-93.009771825381 43.499744029757)
20251469333,25-01660,02/12/2025,02-February,4-Wednesday,23:00,2300 Hours,District 6 (East Central),ANAMOSA,JONES,77,SOUTH GARNAVILLO ST AND WEST 1ST ST,Collision with fixed object:  Traffic sign support,Outside trafficway,Non-collision (single vehicle),Ran off road - right,None Indicated,None apparent,Dark - roadway lighted,Snow,Snow,"Surface condition (e.g., wet, icy)",Non-intersection:  Non-junction/no special feature,Paved,,Property Damage Only,0,0,0,0,0,0,3500,1,1,Northbound (NB),POINT (-91.286797723243 42.106355132126)
20251468553,202501929,02/12/2025,02-February,4-Wednesday,15:17,1500 Hours,District 6 (East Central),CEDAR RAPIDS,LINN,I-380,RAMP US 30 W TO I 380 N,Collision with fixed object:  Bridge/bridge rail parapet,On Roadway,Non-collision (single vehicle),Lost Control,None Indicated,Weather conditions,Daylight,Snow,Snow,"Surface condition (e.g., wet, icy)",Non-intersection:  Non-junction/no special feature,Paved,,Property Damage Only,0,0,0,0,0,0,9000,1,1,Northbound (NB),POINT (-91.666015185515 41.927994432772)
20251469130,PD2500946,02/12/2025,02-February,4-Wednesday,12:06,1200 Hours,District 5 (Southeast),FAIRFIELD,JEFFERSON,77,EAST ADAMS AVE AND WEST ADAMS AVE AND IA 1 N,Collision with:  Non-motorist (see non-motorist section - NOT a unit),On Roadway,Non-collision (single vehicle),FTYROW:  To pedestrian,None Indicated,None apparent,Daylight,Snow,Snow,None apparent,Intersection:  Four-way intersection,Paved,,Possible/Unknown,0,1,0,0,1,0,0,1,1,Southbound (SB),POINT (-91.963793868868 41.004701366117)
20251468680,2025003966,02/12/2025,02-February,4-Wednesday,21:36,2100 Hours,District 6 (East Central),,IOWA,I-80,I 80 W MM 207,Collision with fixed object:  Cable barrier,Median,Non-collision (single vehicle),Driving too fast for conditions,None Indicated,Weather conditions,Dark - roadway not lighted,Ice/frost,Blowing snow,"Surface condition (e.g., wet, icy)",Non-intersection:  Non-junction/no special feature,Paved,,Property Damage Only,0,0,0,0,0,0,5000,1,1,Westbound (WB),POINT (-92.258301989292 41.696377621357)
20251468424,2025001294,02/12/2025,02-February,4-Wednesday,14:05,1400 Hours,District 6 (East Central),IOWA CITY,JOHNSON,77,JOHNSON ST,Collision with:  Vehicle in traffic,On Roadway,"Sideswipe, same direction",Other (explain in narrative):  Other,None Indicated,Weather conditions,Daylight,Snow,Snow,None apparent,Non-intersection:  Non-junction/no special feature,Paved,,Property Damage Only,0,0,0,0,0,0,6001,2,2,Northbound (NB),POINT (-91.527271050144 41.657161477777)
20251468672,202500001735,02/12/2025,02-February,4-Wednesday,18:00,1800 Hours,District 6 (East Central),MARION,LINN,77,W 8TH AVE,Collision with:  Vehicle in traffic,On Roadway,Rear to side,Driving too fast for conditions,None Indicated,Weather conditions,Dark - roadway not lighted,Snow,Snow,"Surface condition (e.g., wet, icy)",Non-intersection:  Non-junction/no special feature,Paved,,Property Damage Only,0,0,0,0,0,0,5000,2,2,Southbound (SB),POINT (-91.61614309429 42.034490391841)
20251468382,202500488,02/12/2025,02-February,4-Wednesday,14:18,1400 Hours,District 6 (East Central),,LINN,US 151,US 151 S MEASURING 1005 FEET NORTH FROM CEDAR WOODS RD,Collision with fixed object:  Bridge/bridge rail parapet,On Roadway,Non-collision (single vehicle),Ran off road - right,None Indicated,Weather conditions,Daylight,Snow,Snow,"Surface condition (e.g., wet, icy)",Non-intersection:  Non-junction/no special feature,Paved,,Property Damage Only,0,0,0,0,0,0,15000,1,1,Eastbound (EB),POINT (-91.545554396443 41.94277014214)
20251469835,02122025001,02/12/2025,02-February,4-Wednesday,09:00,0900 Hours,District 3 (Northwest),MANSON,CALHOUN,77,13TH AVE,Collision with:  Vehicle in traffic,On Roadway,Rear to side,Other (explain in narrative):  No improper action,None Indicated,Weather conditions,Daylight,Snow,Snow,"Surface condition (e.g., wet, icy)",Non-intersection:  Non-junction/no special feature,Paved,,Property Damage Only,0,0,0,0,0,0,2400,2,2,Southbound (SB),POINT (-94.531482852739 42.533073712296)
20251468881,2025-9978,02/12/2025,02-February,4-Wednesday,17:42,1700 Hours,District 6 (East Central),DAVENPORT,SCOTT,77,NORTH PINE ST,Collision with:  Vehicle in traffic,On Roadway,Rear-end (front to rear),Driving too fast for conditions,Refused,Weather conditions,Dark - roadway lighted,Snow,Snow,None apparent,Non-intersection:  Non-junction/no special feature,Paved,,Possible/Unknown,0,1,0,0,1,0,6000,4,2,Northbound (NB),POINT (-90.610867229277 41.56504506563)
20251468371,25024245,02/12/2025,02-February,4-Wednesday,19:18,1900 Hours,District 6 (East Central),,JOHNSON,I-80,I 80 W,Collision with fixed object:  Ditch,On Roadway,Non-collision (single vehicle),Lost Control,None Indicated,Weather conditions,Dark - roadway not lighted,Snow,Snow,"Surface condition (e.g., wet, icy)",Non-intersection:  Non-junction/no special feature,Paved,,Property Damage Only,0,0,0,0,0,0,20000,1,2,Westbound (WB),POINT (-91.395280071787 41.666895786642)
20251468561,2025003926,02/12/2025,02-February,4-Wednesday,17:19,1700 Hours,District 5 (Southeast),,WAPELLO,US 63,US 63 SB MM 48,Collision with fixed object:  Tree,Roadside,Non-collision (single vehicle),Driving too fast for conditions,None Indicated,Weather conditions,Dusk,Snow,Blowing snow,"Surface condition (e.g., wet, icy)",Non-intersection:  Non-junction/no special feature,Paved,,Property Damage Only,0,0,0,0,0,0,3000,1,2,Eastbound (EB),POINT (-92.541229455772 41.111958170834)
20251468341,20250003711,02/12/2025,02-February,4-Wednesday,14:36,1400 Hours,District 1 (Central),DES MOINES,POLK,77,35TH ST MEASURING 1379 FEET WEST FROM 31ST ST,Collision with fixed object:  Concrete traffic barrier (median or right side),On Roadway,Non-collision (single vehicle),Driver Distraction:  Other interior distraction,None Indicated,Weather conditions,Daylight,Dry,Snow,"Surface condition (e.g., wet, icy)",Non-intersection:  Non-junction/no special feature,Paved,,Property Damage Only,0,0,0,0,0,0,1500,1,2,Northbound (NB),POINT (-93.664195366855 41.593413533938)
20251468640,P25-02547,02/12/2025,02-February,4-Wednesday,18:29,1800 Hours,District 5 (Southeast),BURLINGTON,DES MOINES,77,SOUTH ST AND 4TH ST,Collision with:  Parked motor vehicle,On Roadway,Head-on (front to front),Other (explain in narrative):  Other,None Indicated,Weather conditions,Daylight,Snow,Snow,None apparent,Non-intersection:  Non-junction/no special feature,Paved,,Property Damage Only,0,0,0,0,0,0,3000,2,1,Southbound (SB),POINT (-91.10213295202 40.797653624415)
20251469296,2025003769,02/12/2025,02-February,4-Wednesday,05:43,0500 Hours,District 1 (Central),,POLK,I-80,INTERSTATE 80 WESTBOUND MILE MARKER 139,Collision with:  Vehicle in traffic,On Roadway,"Sideswipe, same direction",Driving too fast for conditions,None Indicated,Weather conditions,Dark - roadway lighted,Snow,Snow,"Surface condition (e.g., wet, icy)",Non-intersection:  Non-junction/no special feature,Paved,,Property Damage Only,0,0,0,0,0,0,18000,4,4,Westbound (WB),POINT (-93.548976975102 41.656135145641)
20251468857,2025003788,02/12/2025,02-February,4-Wednesday,08:45,0800 Hours,District 6 (East Central),,JOHNSON,I-380,I 380 S AT 10 MM,Collision with fixed object:  Cable barrier,Shoulder,Non-collision (single vehicle),Ran off road - left,None Indicated,Weather conditions,Daylight,Snow,Snow,"Surface condition (e.g., wet, icy)",Non-intersection:  Non-junction/no special feature,Paved,,Property Damage Only,0,0,0,0,0,0,5600,1,1,Eastbound (EB),POINT (-91.663318125028 41.835267309357)
20251468527,202501925,02/12/2025,02-February,4-Wednesday,14:39,1400 Hours,District 6 (East Central),CEDAR RAPIDS,LINN,77,O AVE NW AND EDGEWOOD RD NW,Collision with:  Vehicle in traffic,On Roadway,Broadside (front to side),Lost Control,None Indicated,Weather conditions,Daylight,Snow,Snow,"Surface condition (e.g., wet, icy)",Intersection:  Four-way intersection,Paved,,Property Damage Only,0,0,0,0,0,0,4000,2,2,Southbound (SB),POINT (-91.715911022806 41.989276096176)
20251468518,2025003776,02/12/2025,02-February,4-Wednesday,06:39,0600 Hours,District 4 (Southwest),,PAGE,US 71,US 71 N NB AT MONTGOMERY PAGE STREET,Non-collision events:  Overturn/rollover,Outside trafficway,Non-collision (single vehicle),Ran off road - right,None Indicated,Weather conditions,Daylight,Snow,Snow,"Surface condition (e.g., wet, icy)",Non-intersection:  Non-junction/no special feature,Paved,,Possible/Unknown,0,1,0,0,1,0,10000,1,1,Northbound (NB),POINT (-94.985654428083 40.900619899943)
20251468306,25002105,02/12/2025,02-February,4-Wednesday,15:03,1500 Hours,District 3 (Northwest),ORANGE CITY,SIOUX,77,ALBANY AVE NE,Collision with:  Vehicle in traffic,On Roadway,Broadside (front to side),FTYROW:  From stop sign,None Indicated,None apparent,Daylight,Snow,Clear,None apparent,Intersection:  Four-way intersection,Paved,,Property Damage Only,0,0,0,0,0,0,4500,2,3,Northbound (NB),POINT (-96.056746676622 43.008357452023)
20251468596,25-00333,02/12/2025,02-February,4-Wednesday,17:56,1700 Hours,District 1 (Central),URBANDALE,POLK,77,86TH ST AND DOUGLAS AVE,Collision with fixed object:  Utility pole/light support,Outside trafficway,Non-collision (single vehicle),Driving too fast for conditions,None Indicated,Weather conditions,Dusk,Snow,Blowing snow,"Surface condition (e.g., wet, icy)",Intersection:  Four-way intersection,Paved,,Property Damage Only,0,0,0,0,0,0,1600,1,1,Eastbound (EB),POINT (-93.73666542796 41.629180920578)
20251468830,2025003854,02/12/2025,02-February,4-Wednesday,12:39,1200 Hours,District 6 (East Central),CORALVILLE,JOHNSON,I-80,WB I 80 AT THE 242 MM,Collision with fixed object:  Concrete traffic barrier (median or right side),Shoulder,Non-collision (single vehicle),Driving too fast for conditions,None Indicated,Weather conditions,Daylight,Snow,Snow,"Surface condition (e.g., wet, icy)",Non-intersection:  Non-junction/no special feature,Paved,,Property Damage Only,0,0,0,0,0,0,5000,1,1,Southbound (SB),POINT (-91.582332644087 41.689107713722)
20251468240,25005251,02/12/2025,02-February,4-Wednesday,09:53,0900 Hours,District 5 (Southeast),,MUSCATINE,IA-22,IA 22 E,Collision with fixed object:  Tree,On Roadway,Non-collision (single vehicle),Lost Control,None Indicated,Weather conditions,Daylight,Snow,Blowing snow,"Slippery, loose, or worn surface",Non-intersection:  Non-junction/no special feature,Paved,,Property Damage Only,0,0,0,0,0,0,5000,1,3,Southbound (SB),POINT (-90.891433474931 41.441163021929)
20251469449,0,02/12/2025,02-February,4-Wednesday,12:06,1200 Hours,District 6 (East Central),BETTENDORF,SCOTT,77,DEVILS GLEN RD,Collision with fixed object:  Other post/pole/support (explain in narrative),Shoulder,Non-collision (single vehicle),Driving too fast for conditions,None Indicated,Weather conditions,Daylight,Snow,Snow,"Surface condition (e.g., wet, icy)",Non-intersection:  Non-junction/no special feature,Paved,,Property Damage Only,0,0,0,0,0,0,6000,1,1,Northbound (NB),POINT (-90.48353987987 41.533417085724)
20251468198,2025001285,02/12/2025,02-February,4-Wednesday,07:21,0700 Hours,District 6 (East Central),IOWA CITY,JOHNSON,77,GRANTWOOD DR,Collision with:  Parked motor vehicle,On Roadway,Other (explain in narrative),Other (explain in narrative):  Other,None Indicated,Weather conditions,Daylight,Snow,Snow,"Surface condition (e.g., wet, icy)",Non-intersection:  Non-junction/no special feature,Paved,,Property Damage Only,0,0,0,0,0,0,2000,2,1,Southbound (SB),POINT (-91.510132886949 41.635270053841)
20251468246,2025-000977,02/12/2025,02-February,4-Wednesday,09:02,0900 Hours,District 6 (East Central),DUBUQUE,DUBUQUE,77,KAUFMANN AVE MEASURING 385 FEET EAST FROM GRANDVIEW AVE NORTH,Collision with:  Vehicle in traffic,On Roadway,"Sideswipe, opposite direction",Lost Control,None Indicated,Weather conditions,Daylight,Snow,Snow,"Surface condition (e.g., wet, icy)",Non-intersection:  Non-junction/no special feature,Paved,,Property Damage Only,0,0,0,0,0,0,7000,2,3,Southbound (SB),POINT (-90.693095908502 42.517183129495)
20251468911,2025003924,02/12/2025,02-February,4-Wednesday,17:10,1700 Hours,District 4 (Southwest),,DALLAS,I-80,INTERSTATE 80 W-112.5MM,Collision with fixed object:  Concrete traffic barrier (median or right side),Shoulder,Non-collision (single vehicle),Lost Control,None Indicated,Weather conditions,Daylight,Ice/frost,Snow,"Surface condition (e.g., wet, icy)",Non-intersection:  Non-junction/no special feature,Paved,,Property Damage Only,0,0,0,0,0,0,37000,1,5,Southbound (SB),POINT (-93.970926942401 41.544683096217)
20251468562,2025003973,02/12/2025,02-February,4-Wednesday,00:34,0000 Hours,District 5 (Southeast),,LEE,IA-27,IA 27 N 10MM,Collision with fixed object:  Ditch,Gore,Non-collision (single vehicle),Ran off road - right,None Indicated,Weather conditions,Dark - roadway not lighted,Ice/frost,Snow,"Surface condition (e.g., wet, icy)",Non-intersection:  Non-junction/no special feature,Paved,,Property Damage Only,0,0,0,0,0,0,3000,1,1,Northbound (NB),POINT (-91.559866899031 40.611913807962)
20251468519,2025003850,02/12/2025,02-February,4-Wednesday,12:23,1200 Hours,District 6 (East Central),,JONES,US 151,248TH ST AND US 151 N,Collision with:  Vehicle in traffic,On Roadway,Broadside (front to side),Ran Stop Sign,None Indicated,Weather conditions,Daylight,Snow,Snow,"Surface condition (e.g., wet, icy)",Intersection:  Four-way intersection,Paved,,Possible/Unknown,0,2,0,0,2,0,17000,2,2,Northbound (NB),POINT (-91.041760157893 42.294834497329)
20251469032,SOP202500117,02/12/2025,02-February,4-Wednesday,19:03,1900 Hours,District 6 (East Central),,IOWA,I-80,I 80 W,Collision with fixed object:  Ditch,Outside trafficway,Non-collision (single vehicle),Driving too fast for conditions,None Indicated,Weather conditions,Dark - roadway not lighted,Ice/frost,Cloudy,"Surface condition (e.g., wet, icy)",Non-intersection:  Non-junction/no special feature,Paved,,Property Damage Only,0,0,0,0,0,0,1800,1,1,Westbound (WB),POINT (-92.031582514381 41.687250903516)
20251468258,25-000627,02/12/2025,02-February,4-Wednesday,09:31,0900 Hours,District 1 (Central),ANKENY,POLK,77,100 BLOCK NE 36TH ST,Collision with:  Vehicle in traffic,On Roadway,"Sideswipe, same direction",Driver Distraction:  Other interior distraction,None Indicated,None apparent,Daylight,Snow,Snow,"Surface condition (e.g., wet, icy)",Non-intersection:  Non-junction/no special feature,Paved,,Property Damage Only,0,0,0,0,0,0,1600,2,2,Southbound (SB),POINT (-93.599310565025 41.760834092228)
20251468437,25001626,02/12/2025,02-February,4-Wednesday,04:26,0400 Hours,District 4 (Southwest),ADEL,DALLAS,US 6,24000-BLK HIGHWAY 6 EB,Collision with:  Vehicle in traffic,On Roadway,Rear-end (front to rear),Followed too close,None Indicated,Weather conditions,Dark - roadway not lighted,Snow,Blowing snow,"Surface condition (e.g., wet, icy)",Non-intersection:  Non-junction/no special feature,Paved,,Property Damage Only,0,0,0,0,0,0,4000,2,2,Southbound (SB),POINT (-93.989526349255 41.612510643871)
20251468358,20250003725,02/12/2025,02-February,4-Wednesday,16:25,1600 Hours,District 1 (Central),DES MOINES,POLK,US 6,US 6 W MEASURING 948 FEET EAST FROM US 69 S,Collision with:  Vehicle in traffic,On Roadway,Rear-end (front to rear),Other (explain in narrative):  Other,None Indicated,Weather conditions,Daylight,Snow,Snow,"Surface condition (e.g., wet, icy)",Non-intersection:  Non-junction/no special feature,Paved,,Property Damage Only,0,0,0,0,0,0,3000,2,3,Westbound (WB),POINT (-93.597104238008 41.627774810532)
20251468210,25SC03837,02/12/2025,02-February,4-Wednesday,07:28,0700 Hours,District 3 (Northwest),SIOUX CITY,WOODBURY,IA-376,OUTER DRIVE & US HWY 75,Collision with:  Vehicle in traffic,On Roadway,"Sideswipe, opposite direction",Driving too fast for conditions,None Indicated,None apparent,Daylight,Snow,Snow,"Surface condition (e.g., wet, icy)",Non-intersection:  Non-junction/no special feature,Paved,,Property Damage Only,0,0,0,0,0,0,17000,2,2,Northbound (NB),POINT (-96.361301949543 42.529770610131)
20251468831,2025003931,02/12/2025,02-February,4-Wednesday,17:30,1700 Hours,District 6 (East Central),IOWA CITY,JOHNSON,I-80,EB I80 @ 243MM,Collision with:  Vehicle in traffic,On Roadway,"Sideswipe, same direction",Lost Control,None Indicated,Weather conditions,Dusk,Snow,Snow,"Surface condition (e.g., wet, icy)",Non-intersection:  Non-junction/no special feature,Paved,,Property Damage Only,0,0,0,0,0,0,27000,2,2,Southbound (SB),POINT (-91.554729940571 41.685440326228)
20251468277,2025003801,02/12/2025,02-February,4-Wednesday,09:35,0900 Hours,District 1 (Central),,POWESHIEK,I-80,I 80 E MM195,Collision with:  Vehicle in traffic,On Roadway,Rear-end (front to rear),Driving too fast for conditions,None Indicated,Weather conditions,Daylight,Snow,Snow,"Surface condition (e.g., wet, icy)",Non-intersection:  Non-junction/no special feature,Paved,,Property Damage Only,0,0,0,0,0,0,65000,2,2,Southbound (SB),POINT (-92.488778636437 41.694661657586)
20251468551,2025003930,02/12/2025,02-February,4-Wednesday,17:40,1700 Hours,District 5 (Southeast),,WAPELLO,US 63,US 63 SB MM 51.5,Collision with fixed object:  Embankment,Roadside,Non-collision (single vehicle),Driving too fast for conditions,None Indicated,Weather conditions,Dusk,Snow,Snow,"Surface condition (e.g., wet, icy)",Non-intersection:  Non-junction/no special feature,Paved,,Property Damage Only,0,0,0,0,0,0,2000,1,3,Eastbound (EB),POINT (-92.592474881522 41.137886721505)
20251468349,2025-3285,02/12/2025,02-February,4-Wednesday,16:38,1600 Hours,District 6 (East Central),BETTENDORF,SCOTT,77,MIDDLE RD,Collision with:  Vehicle in traffic,On Roadway,Rear-end (front to rear),Lost Control,None Indicated,Weather conditions,Daylight,Ice/frost,Snow,"Surface condition (e.g., wet, icy)",Intersection:  T-intersection,Paved,,Property Damage Only,0,0,0,0,0,0,3000,2,2,Southbound (SB),POINT (-90.488529025042 41.550061845947)
20251468330,25-00676,02/12/2025,02-February,4-Wednesday,18:16,1800 Hours,District 1 (Central),WEST DES MOINES,POLK,I-235,2200 I 235 W,Collision with fixed object:  Concrete traffic barrier (median or right side),On Roadway,Non-collision (single vehicle),Other (explain in narrative):  Other,None Indicated,Weather conditions,Dark - roadway lighted,Ice/frost,Cloudy,"Surface condition (e.g., wet, icy)",Non-intersection:  Non-junction/no special feature,Paved,,Property Damage Only,0,0,0,0,0,0,3000,1,1,Westbound (WB),POINT (-93.737068317874 41.592870354006)
20251468458,2025003912,02/12/2025,02-February,4-Wednesday,15:45,1500 Hours,District 5 (Southeast),,WARREN,I-35,I 35 S 52.90 SB,Collision with fixed object:  Ditch,Outside trafficway,Non-collision (single vehicle),Driving too fast for conditions,None Indicated,Weather conditions,Daylight,Snow,Snow,"Surface condition (e.g., wet, icy)",Non-intersection:  Non-junction/no special feature,Paved,,Property Damage Only,0,0,0,0,0,0,20000,1,1,Eastbound (EB),POINT (-93.778891452051 41.307338367004)
20251468757,2025-00183,02/12/2025,02-February,4-Wednesday,20:18,2000 Hours,District 4 (Southwest),WEST DES MOINES,DALLAS,I-80,I 80 E MM 118,Collision with:  Vehicle in traffic,On Roadway,"Sideswipe, same direction",Lost Control,None Indicated,Weather conditions,Dark - roadway lighted,Snow,Snow,None apparent,Non-intersection:  Non-junction/no special feature,Paved,,Property Damage Only,0,0,0,0,0,0,9200,2,2,Southbound (SB),POINT (-93.852273565478 41.569799208855)
20251468840,25-003572,02/12/2025,02-February,4-Wednesday,17:05,1700 Hours,District 5 (Southeast),,MARION,77,HIGHWAY T 17,Collision with:  Vehicle in traffic,On Roadway,"Sideswipe, opposite direction",Driving too fast for conditions,None Indicated,Weather conditions,Daylight,Snow,Blowing snow,"Surface condition (e.g., wet, icy)",Non-intersection:  Non-junction/no special feature,Paved,,Property Damage Only,0,0,0,0,0,0,14000,2,2,Northbound (NB),POINT (-92.947757859536 41.339831366683)
20251468254,20250003696,02/12/2025,02-February,4-Wednesday,12:19,1200 Hours,District 1 (Central),DES MOINES,POLK,I-235,I 235 W,Collision with fixed object:  Concrete traffic barrier (median or right side),On Roadway,Non-collision (single vehicle),Lost Control,None Indicated,Weather conditions,Daylight,Snow,Snow,"Surface condition (e.g., wet, icy)",Non-intersection:  Non-junction/no special feature,Paved,,Property Damage Only,0,0,0,0,0,0,2000,1,1,Westbound (WB),POINT (-93.586853081702 41.600085368512)
20251468856,2025003786,02/12/2025,02-February,4-Wednesday,08:15,0800 Hours,District 6 (East Central),HIAWATHA,LINN,I-380,I 380 SB AT 26.3 MM,Collision with:  Vehicle in traffic,On Roadway,"Sideswipe, same direction",Swerving/Evasive Action,None Indicated,Weather conditions,Daylight,Snow,Snow,"Surface condition (e.g., wet, icy)",Non-intersection:  Non-junction/no special feature,Paved,,Minor Injury,0,1,0,1,0,0,9000,2,2,Eastbound (EB),POINT (-91.699529403676 42.056216261764)
20251468286,25-001479,02/12/2025,02-February,4-Wednesday,13:22,1300 Hours,District 4 (Southwest),COUNCIL BLUFFS,POTTAWATTAMIE,77,NORTH MAIN ST,Collision with:  Vehicle in traffic,On Roadway,"Sideswipe, opposite direction",Lost Control,None Indicated,Weather conditions,Daylight,Snow,Snow,"Surface condition (e.g., wet, icy)",Intersection:  Four-way intersection,Paved,,Property Damage Only,0,0,0,0,0,0,2600,2,3,Northbound (NB),POINT (-95.849771511394 41.262428623011)
20251468575,2508821,02/12/2025,02-February,4-Wednesday,15:26,1500 Hours,District 6 (East Central),,CLINTON,US 61,US 61 N MEASURING 6347 FEET NORTH FROM 150TH ST,Collision with fixed object:  Traffic sign support,On Roadway,Non-collision (single vehicle),Driving too fast for conditions,None Indicated,None apparent,Daylight,Snow,Cloudy,"Surface condition (e.g., wet, icy)",Non-intersection:  Non-junction/no special feature,Paved,,Property Damage Only,0,0,0,0,0,0,5150,1,2,Northbound (NB),POINT (-90.652749225563 41.974878134825)
20251468762,2025003934,02/12/2025,02-February,4-Wednesday,17:45,1700 Hours,District 6 (East Central),BETTENDORF,SCOTT,I-80,I80 W 301MM,Collision with:  Vehicle in traffic,On Roadway,Rear-end (front to rear),Swerving/Evasive Action,None Indicated,Weather conditions,Dusk,Snow,Snow,"Surface condition (e.g., wet, icy)",Non-intersection:  Non-junction/no special feature,Paved,,Possible/Unknown,0,1,0,0,1,0,151000,3,3,Westbound (WB),POINT (-90.45988298851 41.597273533697)
20251468289,OCFS2503863,02/12/2025,02-February,4-Wednesday,12:52,1200 Hours,District 5 (Southeast),OTTUMWA,WAPELLO,77,NORTH COURT ST,Collision with fixed object:  Utility pole/light support,On Roadway,Non-collision (single vehicle),Lost Control,None Indicated,Weather conditions,Daylight,Snow,Snow,"Surface condition (e.g., wet, icy)",Non-intersection:  Non-junction/no special feature,Paved,,Property Damage Only,0,0,0,0,0,0,4500,1,1,Northbound (NB),POINT (-92.409062457026 41.034436263111)
20251468342,20250003717,02/12/2025,02-February,4-Wednesday,15:19,1500 Hours,District 1 (Central),DES MOINES,POLK,77,EAST 9TH ST,Collision with:  Vehicle in traffic,On Roadway,"Sideswipe, opposite direction",FTYROW:  Making left turn,None Indicated,Weather conditions,Daylight,Snow,Snow,"Surface condition (e.g., wet, icy)",Non-intersection:  Non-junction/no special feature,Paved,,Property Damage Only,0,0,0,0,0,0,3000,2,2,Northbound (NB),POINT (-93.606507861691 41.606396507567)
20251468679,2025003948,02/12/2025,02-February,4-Wednesday,19:18,1900 Hours,District 6 (East Central),,IOWA,I-80,I 80 E MM 209,Non-collision events:  Jackknife,On Roadway,Non-collision (single vehicle),Lost Control,None Indicated,Weather conditions,Dark - roadway not lighted,Snow,Blowing snow,"Surface condition (e.g., wet, icy)",Non-intersection:  Non-junction/no special feature,Paved,,Property Damage Only,0,0,0,0,0,0,7000,1,1,Southbound (SB),POINT (-92.221944278965 41.695740904177)
20251468310,W25-012133,02/12/2025,02-February,4-Wednesday,15:30,1500 Hours,District 2 (Northeast),WATERLOO,BLACK HAWK,77,FLETCHER AVE AT UNIVERSITY\,Collision with fixed object:  Traffic sign support,On Roadway,Non-collision (single vehicle),Lost Control,None Indicated,None apparent,Daylight,Snow,Snow,"Surface condition (e.g., wet, icy)",Intersection:  Roundabout,Paved,,Property Damage Only,0,0,0,0,0,0,3050,1,1,Eastbound (EB),POINT (-92.367234440506 42.496370261516)
20251468678,2025001313,02/12/2025,02-February,4-Wednesday,20:45,2000 Hours,District 6 (East Central),IOWA CITY,JOHNSON,IA-1,IA 1 S,Collision with:  Vehicle in traffic,On Roadway,Rear-end (front to rear),Followed too close,None Indicated,Weather conditions,Dark - roadway lighted,Snow,Snow,None apparent,Non-intersection:  Non-junction/no special feature,Paved,,Property Damage Only,0,0,0,0,0,0,6000,2,2,Eastbound (EB),POINT (-91.543557783825 41.647515529525)
20251468803,25001134,02/12/2025,02-February,4-Wednesday,14:30,1400 Hours,District 5 (Southeast),,CLARKE,77,2500 BLK IDAHO ST,Collision with fixed object:  Ditch,Roadside,Non-collision (single vehicle),Ran off road - right,None Indicated,Weather conditions,Daylight,Snow,Snow,"Surface condition (e.g., wet, icy)",Non-intersection:  Non-junction/no special feature,Unpaved,,Minor Injury,0,1,0,1,0,0,2300,1,1,Southbound (SB),POINT (-93.72629199208 41.020033518728)
20251468279,202500483,02/12/2025,02-February,4-Wednesday,08:18,0800 Hours,District 6 (East Central),,LINN,77,ROSEDALE RD,Collision with:  Vehicle in traffic,On Roadway,"Sideswipe, opposite direction",Lost Control,None Indicated,Weather conditions,Daylight,Snow,Snow,"Surface condition (e.g., wet, icy)",Non-intersection:  Non-junction/no special feature,Paved,,Property Damage Only,0,0,0,0,0,0,10500,2,2,Northbound (NB),POINT (-91.57738118953 41.994685686375)