Iowa DOT Case Number,Law Enforcement Case Number,Date of Crash,Month of Crash,Day of Week,Time of Crash,Hour,DOT District,City Name,County Name,Route with System,Location Description,First Harmful Event,Location of First Harmful Event,Manner of Crash/Collision,Major Cause,Drug or Alcohol ,Environmental Conditions,Light Conditions,Surface Conditions,Weather Conditions,Roadway Contribution,Roadway Type,Roadway Surface,Work Zone,Crash Severity,Number of Fatalities,Number of Injuries,Number of Major Injuries,Number of Minor Injuries,Number of Possible Injuries,Number of Unknown Injuries,Amount of Property Damage,Number of Vehicles Involved,Total Number of Occupants,Travel Direction,Location
20251468584,25-000252,02/13/2025,02-February,5-Thursday,10:15,1000 Hours,District 1 (Central),ALTOONA,POLK,77,6TH AVE SW / 21ST ST SW,Collision with:  Vehicle in traffic,On Roadway,Head-on (front to front),Driving too fast for conditions,None Indicated,None apparent,Daylight,Snow,Snow,"Surface condition (e.g., wet, icy)",Intersection:  Four-way intersection,Paved,,Property Damage Only,0,0,0,0,0,0,6000,2,2,Northbound (NB),POINT (-93.471224741074 41.631683406707)
20251469203,25005443,02/13/2025,02-February,5-Thursday,18:04,1800 Hours,District 5 (Southeast),MUSCATINE,MUSCATINE,US 61,ISETT AVE AND US 61 N,Non-collision events:  Other non-collision (explain in narrative),On Roadway,Non-collision (single vehicle),Other (explain in narrative):  Other,None Indicated,Other (explain in narrative),Daylight,Dry,Clear,"Surface condition (e.g., wet, icy)",Intersection:  Four-way intersection,Paved,,Property Damage Only,0,0,0,0,0,0,15000,1,1,Northbound (NB),POINT (-91.042147591394 41.451753789278)
20251468507,25-1068,02/13/2025,02-February,5-Thursday,10:20,1000 Hours,District 1 (Central),JOHNSTON,POLK,IA-141,8100 NW 114TH ST,Non-collision events:  Other non-collision (explain in narrative),On Roadway,Non-collision (single vehicle),Driving too fast for conditions,None Indicated,Weather conditions,Daylight,Ice/frost,Clear,"Surface condition (e.g., wet, icy)",Non-intersection:  Non-junction/no special feature,Paved,,Minor Injury,0,1,0,1,0,0,2000,1,2,Westbound (WB),POINT (-93.774445658269 41.711365479216)
20251468603,2025-001008,02/13/2025,02-February,5-Thursday,06:56,0600 Hours,District 6 (East Central),DUBUQUE,DUBUQUE,US 20,US 20 W MEASURING 303 FEET SOUTH FROM SEIPPEL RD,Collision with fixed object:  Guardrail - face,Median,Non-collision (single vehicle),Ran off road - left,None Indicated,None apparent,Daylight,Slush,Clear,None apparent,Non-intersection:  Non-junction/no special feature,Paved,,Property Damage Only,0,0,0,0,0,0,11500,1,2,Westbound (WB),POINT (-90.762185969418 42.474301848982)
20251468512,W25-012274,02/13/2025,02-February,5-Thursday,05:44,0500 Hours,District 2 (Northeast),WATERLOO,BLACK HAWK,77,2500 BLOCK MARTIN LUTHER KING JUNIOR DR,Collision with:  Vehicle in traffic,On Roadway,Head-on (front to front),Other (explain in narrative):  No improper action,None Indicated,None apparent,Dark - roadway not lighted,Snow,Clear,"Surface condition (e.g., wet, icy)",Non-intersection:  Non-junction/no special feature,Paved,,Minor Injury,0,1,0,1,0,0,12000,2,2,Southbound (SB),POINT (-92.292401399673 42.508387700245)
20251468696,25-000663,02/13/2025,02-February,5-Thursday,19:17,1900 Hours,District 1 (Central),ANKENY,POLK,77,1700 BLK SW VINTAGE PARKWAY,Collision with fixed object:  Tree,On Roadway,Non-collision (single vehicle),Driving too fast for conditions,None Indicated,Weather conditions,Dark - roadway lighted,Snow,Cloudy,"Surface condition (e.g., wet, icy)",Non-intersection:  Non-junction/no special feature,Paved,,Property Damage Only,0,0,0,0,0,0,5001,1,1,Southbound (SB),POINT (-93.623800275502 41.713326813068)
20251468686,25-1087,02/13/2025,02-February,5-Thursday,20:00,2000 Hours,District 1 (Central),GRIMES,POLK,IA-141,IA 141 W,Collision with:  Parked motor vehicle,On Roadway,Rear-end (front to rear),Illegally Parked/Unattended,None Indicated,None apparent,Dark - roadway not lighted,Dry,Cloudy,None apparent,Non-intersection:  Non-junction/no special feature,Paved,,Possible/Unknown,0,1,0,0,1,0,17500,2,1,Westbound (WB),POINT (-93.77481474907 41.664003856468)
20251468868,2025-10177,02/13/2025,02-February,5-Thursday,18:19,1800 Hours,District 6 (East Central),DAVENPORT,SCOTT,US 6,US 6 W,Collision with:  Vehicle in traffic,On Roadway,Rear-end (front to rear),"Operating vehicle in an reckless, erratic, careless, negligent manner",None Indicated,None apparent,Dark - roadway not lighted,Dry,Cloudy,None apparent,Non-intersection:  Non-junction/no special feature,Paved,,Possible/Unknown,0,1,0,0,0,1,6500,2,4,Westbound (WB),POINT (-90.593564962744 41.560135826985)
20251469022,25012283,02/13/2025,02-February,5-Thursday,07:23,0700 Hours,District 2 (Northeast),CEDAR FALLS,BLACK HAWK,IA-27,IA 27 N,Collision with fixed object:  Concrete traffic barrier (median or right side),On Roadway,Non-collision (single vehicle),Lost Control,None Indicated,Weather conditions,Daylight,Snow,Snow,"Slippery, loose, or worn surface",Non-intersection:  Non-junction/no special feature,Paved,,Property Damage Only,0,0,0,0,0,0,2000,1,1,Northbound (NB),POINT (-92.427949721826 42.529668710602)
20251468559,20250003796,02/13/2025,02-February,5-Thursday,12:55,1200 Hours,District 1 (Central),DES MOINES,POLK,US 69,US 69 N MEASURING 95 FEET NORTH FROM HARTFORD AVE,Collision with:  Vehicle in traffic,Continuous left turn lane,Rear-end (front to rear),Lost Control,None Indicated,Weather conditions,Daylight,Ice/frost,Clear,"Surface condition (e.g., wet, icy)",Non-intersection:  Non-junction/no special feature,Paved,,Possible/Unknown,0,1,0,0,1,0,1500,2,3,Northbound (NB),POINT (-93.59687172347 41.569994573853)
20251468769,25-001149,02/13/2025,02-February,5-Thursday,14:50,1400 Hours,District 5 (Southeast),,MONROE,77,655TH AVE,Collision with:  Vehicle in traffic,On Roadway,Head-on (front to front),Other (explain in narrative):  No improper action,None Indicated,None apparent,Daylight,Snow,Clear,Other (explain in narrative),Non-intersection:  Bike lanes,Unpaved,,Property Damage Only,0,0,0,0,0,0,6000,2,3,Northbound (NB),POINT (-92.801917138523 40.908872418289)
20251468674,20250003806,02/13/2025,02-February,5-Thursday,14:00,1400 Hours,District 1 (Central),DES MOINES,POLK,US 69,EAST DIEHL AVE AND US 69 S,Collision with:  Vehicle in traffic,On Roadway,Broadside (front to side),Ran Traffic Signal,None Indicated,None apparent,Daylight,Wet,Clear,None apparent,Intersection:  Four-way intersection,Paved,,Possible/Unknown,0,1,0,0,1,0,3500,2,3,Eastbound (EB),POINT (-93.596888002739 41.532659173295)
20251468555,25-005417,02/13/2025,02-February,5-Thursday,13:38,1300 Hours,District 5 (Southeast),MUSCATINE,MUSCATINE,US 61,US 61 N / ISETT AVE,Collision with:  Vehicle in traffic,On Roadway,Broadside (front to side),Other (explain in narrative):  Other,None Indicated,None apparent,Daylight,Dry,Clear,None apparent,Intersection:  Four-way intersection,Paved,,Property Damage Only,0,0,0,0,0,0,35000,2,2,Northbound (NB),POINT (-91.042219383853 41.451755011586)
20251468861,2025004045,02/13/2025,02-February,5-Thursday,16:42,1600 Hours,District 6 (East Central),,JOHNSON,I-80,EB INTERSTATE 80 @ 249MM,Collision with:  Vehicle in traffic,On Roadway,"Sideswipe, same direction",Unknown,None Indicated,None apparent,Daylight,Dry,Clear,None apparent,Non-intersection:  Non-junction/no special feature,Paved,,Property Damage Only,0,0,0,0,0,0,5000,2,4,Southbound (SB),POINT (-91.455060014658 41.675037592266)
20251469485,0,02/13/2025,02-February,5-Thursday,08:00,0800 Hours,District 4 (Southwest),WAUKEE,DALLAS,77,NORTH WARRIOR LANE AND NE DOUGLAS PARKWAY,Collision with:  Vehicle in traffic,On Roadway,Broadside (front to side),Driving too fast for conditions,None Indicated,None apparent,Daylight,Snow,Clear,"Surface condition (e.g., wet, icy)",Intersection:  Four-way intersection,Paved,,Property Damage Only,0,0,0,0,0,0,1800,2,2,Northbound (NB),POINT (-93.872143060786 41.625593770456)
20251468867,2025-10126,02/13/2025,02-February,5-Thursday,14:12,1400 Hours,District 6 (East Central),DAVENPORT,SCOTT,77,SCOTT ST,Collision with:  Vehicle in traffic,On Roadway,"Angle, oncoming left turn",FTYROW:  Making left turn,None Indicated,None apparent,Daylight,Slush,Clear,None apparent,Non-intersection:  Non-junction/no special feature,Paved,,Property Damage Only,0,0,0,0,0,0,5500,2,2,Northbound (NB),POINT (-90.579930143817 41.521275055929)
20251469245,25SC04274,02/13/2025,02-February,5-Thursday,16:50,1600 Hours,District 3 (Northwest),SIOUX CITY,WOODBURY,77,7TH AVE,Collision with:  Parked motor vehicle,Unknown,Unknown,Other (explain in narrative):  No improper action,None Indicated,Unknown,Unknown,Unknown,Unknown,Unknown,Unknown,Paved,,Property Damage Only,0,0,0,0,0,0,1500,2,1,Southbound (SB),POINT (-96.361329485601 42.46628798521)
20251468929,25-000661,02/13/2025,02-February,5-Thursday,17:50,1700 Hours,District 1 (Central),ANKENY,POLK,77,NW BRIARGATE DR AND NW 18TH ST,Collision with:  Vehicle in traffic,On Roadway,Rear-end (front to rear),Lost Control,None Indicated,None apparent,Dark - roadway lighted,Ice/frost,Clear,"Surface condition (e.g., wet, icy)",Non-intersection:  Non-junction/no special feature,Paved,,Property Damage Only,0,0,0,0,0,0,3000,2,3,Southbound (SB),POINT (-93.602687822658 41.746360193883)
20251468801,25-00694,02/13/2025,02-February,5-Thursday,15:22,1500 Hours,District 4 (Southwest),WEST DES MOINES,DALLAS,I-80,I 80 EB,Collision with:  Vehicle in traffic,On Roadway,Rear-end (front to rear),Followed too close,None Indicated,None apparent,Daylight,Dry,Clear,None apparent,Non-intersection:  Non-junction/no special feature,Paved,,Possible/Unknown,0,2,0,0,2,0,31500,3,3,Southbound (SB),POINT (-93.833113361952 41.579631409966)
20251469109,25-00339,02/13/2025,02-February,5-Thursday,04:24,0400 Hours,District 1 (Central),URBANDALE,POLK,I-80,4600-B/I 80 W,Collision with fixed object:  Concrete traffic barrier (median or right side),On Roadway,Non-collision (single vehicle),Driving too fast for conditions,None Indicated,Weather conditions,Dark - roadway lighted,Ice/frost,Snow,"Surface condition (e.g., wet, icy)",Non-intersection:  Non-junction/no special feature,Paved,,Property Damage Only,0,0,0,0,0,0,4000,1,2,Westbound (WB),POINT (-93.777173302798 41.643379654455)
20251468604,2025-001013,02/13/2025,02-February,5-Thursday,09:38,0900 Hours,District 6 (East Central),DUBUQUE,DUBUQUE,77,HILLCREST RD AND CARTER RD,Collision with:  Vehicle in traffic,On Roadway,Broadside (front to side),Driving too fast for conditions,None Indicated,None apparent,Daylight,Slush,Clear,"Surface condition (e.g., wet, icy)",Intersection:  Four-way intersection,Paved,,Property Damage Only,0,0,0,0,0,0,1500,2,3,Southbound (SB),POINT (-90.714931981257 42.505553825139)
20251468684,25-00692,02/13/2025,02-February,5-Thursday,15:14,1500 Hours,District 1 (Central),WEST DES MOINES,DALLAS,I-80,8000 BLOCK OF I-80 EB,Collision with fixed object:  Concrete traffic barrier (median or right side),Shoulder,Non-collision (single vehicle),Driver Distraction:  Inattentive/lost in thought,None Indicated,None apparent,Daylight,Dry,Clear,"Surface condition (e.g., wet, icy)",Non-intersection:  Non-junction/no special feature,Paved,,Possible/Unknown,0,1,0,0,1,0,10000,1,1,Westbound (WB),POINT (-93.8262279882 41.583419090265)
20251468670,W25-012417,02/13/2025,02-February,5-Thursday,15:41,1500 Hours,District 2 (Northeast),WATERLOO,BLACK HAWK,77,BROADWAY ST. AND WAGNER RD,Collision with:  Vehicle in traffic,On Roadway,Broadside (front to side),Lost Control,Alcohol (Statutory),None apparent,Daylight,Ice/frost,Clear,None apparent,Non-intersection:  Non-junction/no special feature,Paved,,Property Damage Only,0,0,0,0,0,0,5500,2,2,Northbound (NB),POINT (-92.377052719337 42.541984404293)
20251468710,25-00341,02/13/2025,02-February,5-Thursday,06:05,0600 Hours,District 1 (Central),URBANDALE,POLK,I-80,MM126.2 I 80 W,Collision with:  Parked motor vehicle,On Roadway,Rear-end (front to rear),Ran off road - left,None Indicated,Weather conditions,Dark - roadway lighted,Ice/frost,Clear,"Surface condition (e.g., wet, icy)",Non-intersection:  Non-junction/no special feature,Paved,,Property Damage Only,0,0,0,0,0,0,21000,2,2,Westbound (WB),POINT (-93.777080887714 41.63368859902)
20251469625,25-00342,02/13/2025,02-February,5-Thursday,06:29,0600 Hours,District 1 (Central),URBANDALE,POLK,I-80,I80/35 WB MM126,Collision with:  Vehicle in traffic,On Roadway,Rear-end (front to rear),Driving too fast for conditions,None Indicated,Weather conditions,Dawn,Ice/frost,Cloudy,"Traffic backup, prior crash",Non-intersection:  Non-junction/no special feature,Paved,,Possible/Unknown,0,1,0,0,0,1,5000,2,2,Westbound (WB),POINT (-93.777097440072 41.635066580162)
20251468714,2025001347,02/13/2025,02-February,5-Thursday,22:08,2200 Hours,District 6 (East Central),IOWA CITY,JOHNSON,US 6,HWY 6/SYCAMORE ST,Collision with:  Vehicle in traffic,On Roadway,Broadside (front to side),Ran Traffic Signal,None Indicated,None apparent,Dark - roadway lighted,Wet,Clear,"Surface condition (e.g., wet, icy)",Intersection:  Four-way intersection,Paved,,Property Damage Only,0,0,0,0,0,0,4000,2,2,Southbound (SB),POINT (-91.511824650886 41.641056372855)
20251468451,25-001495,02/13/2025,02-February,5-Thursday,08:06,0800 Hours,District 4 (Southwest),COUNCIL BLUFFS,POTTAWATTAMIE,77,BENNETT AVE AND BONHAM AVE,Collision with:  Vehicle in traffic,On Roadway,Rear-end (front to rear),Followed too close,None Indicated,None apparent,Daylight,Snow,Clear,"Surface condition (e.g., wet, icy)",Intersection:  Four-way intersection,Paved,,Property Damage Only,0,0,0,0,0,0,2000,2,4,Northbound (NB),POINT (-95.818371665104 41.256132146263)
20251469107,W25-012415,02/13/2025,02-February,5-Thursday,15:35,1500 Hours,District 2 (Northeast),WATERLOO,BLACK HAWK,77,2500 BLK BALTIMORE ST,Non-collision events:  Overturn/rollover,On Roadway,Non-collision (single vehicle),Unknown,None Indicated,Unknown,Daylight,Snow,Clear,None apparent,Non-intersection:  Non-junction/no special feature,Paved,,Minor Injury,0,1,0,1,0,0,5000,1,1,Northbound (NB),POINT (-92.349575443092 42.468254184523)
20251468708,20250003755,02/13/2025,02-February,5-Thursday,04:50,0400 Hours,District 1 (Central),DES MOINES,POLK,I-235,I 235 W MEASURING 558 FEET SOUTH FROM LAUREL ST,Collision with fixed object:  Other traffic barrier (explain in narrative),On Roadway,Non-collision (single vehicle),Ran off road - right,None Indicated,Weather conditions,Dark - roadway lighted,Snow,Snow,"Surface condition (e.g., wet, icy)",Non-intersection:  Non-junction/no special feature,Paved,,Property Damage Only,0,0,0,0,0,0,5000,1,1,Westbound (WB),POINT (-93.626760041107 41.595911549985)
20251468465,2025004008,02/13/2025,02-February,5-Thursday,08:33,0800 Hours,District 4 (Southwest),,POTTAWATTAMIE,I-80,I 80 E 40MM,Non-collision events:  Overturn/rollover,On Roadway,Non-collision (single vehicle),Ran off road - right,None Indicated,None apparent,Daylight,Dry,Clear,None apparent,Non-intersection:  Non-junction/no special feature,Paved,,Possible/Unknown,0,1,0,0,1,0,5000,1,1,Southbound (SB),POINT (-95.338596649791 41.497491177463)
20251469698,250123111,02/13/2025,02-February,5-Thursday,09:25,0900 Hours,District 2 (Northeast),CEDAR FALLS,BLACK HAWK,77,UNIVERSITY AVE/HWY 58 ROUNDABOUT,Collision with:  Vehicle in traffic,On Roadway,"Sideswipe, same direction",Unknown,None Indicated,None apparent,Daylight,Wet,Clear,None apparent,Intersection:  Roundabout,Paved,,Property Damage Only,0,0,0,0,0,0,4500,2,9,Southbound (SB),POINT (-92.444912414402 42.513019338569)
20251468497,25-001498,02/13/2025,02-February,5-Thursday,08:42,0800 Hours,District 4 (Southwest),COUNCIL BLUFFS,POTTAWATTAMIE,I-29,I-29 NORTH 50.3 MM,Collision with fixed object:  Concrete traffic barrier (median or right side),On Roadway,Non-collision (single vehicle),Lost Control,None Indicated,None apparent,Daylight,Ice/frost,Clear,"Surface condition (e.g., wet, icy)",Non-intersection:  Non-junction/no special feature,Paved,,Property Damage Only,0,0,0,0,0,0,6000,1,1,Northbound (NB),POINT (-95.866405026215 41.232573580609)
20251468749,W25-012405,02/13/2025,02-February,5-Thursday,15:01,1500 Hours,District 2 (Northeast),WATERLOO,BLACK HAWK,US 63,US 63 N AND RAILROAD TRACKS,Collision with:  Vehicle in traffic,On Roadway,Rear-end (front to rear),Driving too fast for conditions,None Indicated,None apparent,Daylight,Wet,Clear,None apparent,Non-intersection:  Railroad grade crossing,Paved,,Property Damage Only,0,0,0,0,0,0,7000,2,3,Northbound (NB),POINT (-92.337712489978 42.520420093212)
20251469524,0,02/13/2025,02-February,5-Thursday,16:16,1600 Hours,District 5 (Southeast),OTTUMWA,WAPELLO,77,VENTURE DR AND VENTURE PL,Collision with:  Struck/struck by object/cargo/person from other vehicle,On Roadway,Broadside (front to side),FTYROW:  From stop sign,None Indicated,None apparent,Daylight,Snow,Clear,None apparent,Intersection:  Four-way intersection,Paved,,Possible/Unknown,0,1,0,0,1,0,4000,2,7,Southbound (SB),POINT (-92.455465105504 41.014900977602)
20251468789,W25-012416,02/13/2025,02-February,5-Thursday,15:48,1500 Hours,District 2 (Northeast),WATERLOO,BLACK HAWK,77,WEST 11TH ST AND EASTON AVE,Collision with:  Vehicle in traffic,On Roadway,Rear-end (front to rear),Lost Control,None Indicated,None apparent,Daylight,Snow,Clear,"Surface condition (e.g., wet, icy)",Non-intersection:  Non-junction/no special feature,Paved,,Property Damage Only,0,0,0,0,0,0,4000,2,2,Southbound (SB),POINT (-92.334988866308 42.473006632593)
20251468662,20250003846,02/13/2025,02-February,5-Thursday,18:49,1800 Hours,District 1 (Central),DES MOINES,POLK,77,NW MEREDITH DR AND IA 28 N,Collision with:  Vehicle in traffic,On Roadway,Broadside (front to side),FTYROW:  Making left turn,None Indicated,None apparent,Dark - roadway lighted,Snow,Clear,None apparent,Intersection:  Four-way intersection,Paved,,Property Damage Only,0,0,0,0,0,0,10000,2,3,Southbound (SB),POINT (-93.69765089179 41.643862803558)
20251468482,20250003767,02/13/2025,02-February,5-Thursday,08:05,0800 Hours,District 1 (Central),DES MOINES,POLK,77,3RD ST MEASURING 113 FEET NORTH FROM CROCKER ST,Collision with:  Vehicle in traffic,On Roadway,Rear-end (front to rear),Driving too fast for conditions,None Indicated,Weather conditions,Daylight,Ice/frost,Clear,"Surface condition (e.g., wet, icy)",Intersection:  T-intersection,Paved,,Property Damage Only,0,0,0,0,0,0,4000,2,2,Eastbound (EB),POINT (-93.621830823446 41.593659484568)
20251469283,2025004007,02/13/2025,02-February,5-Thursday,08:30,0800 Hours,District 1 (Central),DES MOINES,WARREN,77,SB R63 HIGHWAY S OF BEARSDLSEY ST,Collision with fixed object:  Traffic sign support,Roadside,Non-collision (single vehicle),Ran off road - right,None Indicated,None apparent,Daylight,Ice/frost,Clear,"Surface condition (e.g., wet, icy)",Non-intersection:  Non-junction/no special feature,Paved,,Property Damage Only,0,0,0,0,0,0,3250,1,1,Northbound (NB),POINT (-93.625727224668 41.493846248495)
20251469486,0,02/13/2025,02-February,5-Thursday,07:59,0700 Hours,District 4 (Southwest),WAUKEE,DALLAS,77,UNIVERSITY AVE,Collision with:  Vehicle in traffic,On Roadway,Rear-end (front to rear),Lost Control,None Indicated,Weather conditions,Daylight,Snow,Clear,"Surface condition (e.g., wet, icy)",Non-intersection:  Non-junction/no special feature,Paved,,Property Damage Only,0,0,0,0,0,0,3500,2,4,Westbound (WB),POINT (-93.851621199935 41.600482566253)
20251468599,FD25-0391,02/13/2025,02-February,5-Thursday,05:50,0500 Hours,District 1 (Central),FORT DODGE,WEBSTER,77,HAWKEYE AVE & 7TH AVE N,Collision with fixed object:  Utility pole/light support,On Roadway,Non-collision (single vehicle),Swerving/Evasive Action,None Indicated,Weather conditions,Dark - roadway lighted,Snow,Clear,"Surface condition (e.g., wet, icy)",Intersection:  T-intersection,Paved,,Possible/Unknown,0,1,0,0,1,0,5500,1,1,Southbound (SB),POINT (-94.20115373932 42.510680328363)
20251468683,25-00340,02/13/2025,02-February,5-Thursday,04:33,0400 Hours,District 1 (Central),URBANDALE,POLK,I-80,3900 BLOCK I 80 W,Collision with fixed object:  Curb/island/raised median,Shoulder,Non-collision (single vehicle),Ran off road - left,None Indicated,Weather conditions,Dark - roadway lighted,Ice/frost,Other (explain in narrative),"Surface condition (e.g., wet, icy)","Interchange-related:  Mainline, between ramps",Paved,,Possible/Unknown,0,1,0,0,1,0,3000,1,1,Westbound (WB),POINT (-93.777108907965 41.636021259729)
20251468787,MC2500491,02/13/2025,02-February,5-Thursday,12:00,1200 Hours,District 2 (Northeast),MASON CITY,CERRO GORDO,IA-122,SOUTH PIERCE AVE AND IA 122 E,Collision with:  Vehicle in traffic,On Roadway,Rear-end (front to rear),Followed too close,None Indicated,None apparent,Daylight,Wet,Clear,"Surface condition (e.g., wet, icy)",Intersection:  Four-way intersection,Paved,,Property Damage Only,0,0,0,0,0,0,5000,2,2,Southbound (SB),POINT (-93.221000507191 43.148325442398)
20251468924,2025001343,02/13/2025,02-February,5-Thursday,20:53,2000 Hours,District 6 (East Central),IOWA CITY,JOHNSON,77,ROCKY SHORE DR AND DILL ST,Collision with:  Vehicle in traffic,On Roadway,Rear-end (front to rear),Driving too fast for conditions,None Indicated,None apparent,Dark - roadway lighted,Ice/frost,Cloudy,None apparent,Non-intersection:  Non-junction/no special feature,Paved,,Property Damage Only,0,0,0,0,0,0,2000,2,5,Northbound (NB),POINT (-91.556819683331 41.667200718616)
20251469161,25-012512,02/13/2025,02-February,5-Thursday,21:35,2100 Hours,District 2 (Northeast),,BLACK HAWK,US 63,US 63 S,Collision with fixed object:  Ditch,On Roadway,Non-collision (single vehicle),Driving too fast for conditions,None Indicated,Weather conditions,Dark - roadway not lighted,Ice/frost,Clear,"Surface condition (e.g., wet, icy)",Intersection:  Four-way intersection,Paved,,Possible/Unknown,0,2,0,0,2,0,15000,1,2,Eastbound (EB),POINT (-92.337818941237 42.61401717264)
20251468685,25-00695,02/13/2025,02-February,5-Thursday,16:11,1600 Hours,District 1 (Central),WEST DES MOINES,POLK,77,VINE ST,Collision with:  Vehicle in traffic,On Roadway,Broadside (front to side),FTYROW:  From stop sign,None Indicated,Weather conditions,Daylight,Slush,Clear,"Surface condition (e.g., wet, icy)",Intersection:  Other intersection (explain in narrative),Paved,,Property Damage Only,0,0,0,0,0,0,5000,2,2,Southbound (SB),POINT (-93.709625253966 41.577289362175)
20251468698,25002166,02/13/2025,02-February,5-Thursday,21:09,2100 Hours,District 3 (Northwest),ORANGE CITY,SIOUX,77,FLORIDA AVE NW AND 6TH ST NW,Collision with fixed object:  Utility pole/light support,Other (explain in narrative),Non-collision (single vehicle),Lost Control,None Indicated,Weather conditions,Dark - roadway lighted,Snow,Clear,"Surface condition (e.g., wet, icy)",Intersection:  Four-way intersection,Paved,,Property Damage Only,0,0,0,0,0,0,3500,1,3,Northbound (NB),POINT (-96.063940214737 43.011640535985)
20251469063,25-00215,02/13/2025,02-February,5-Thursday,19:03,1900 Hours,District 1 (Central),CLIVE,POLK,I-80,RAMP US 6 E TO I 80 W,Collision with fixed object:  Guardrail - end,On Roadway,Non-collision (single vehicle),Driver Distraction:  Inattentive/lost in thought,None Indicated,None apparent,Dark - roadway lighted,Dry,Clear,None apparent,Non-intersection:  Non-junction/no special feature,Paved,,Property Damage Only,0,0,0,0,0,0,20000,1,1,Westbound (WB),POINT (-93.777953414163 41.614389360491)
20251469026,25012308,02/13/2025,02-February,5-Thursday,09:04,0900 Hours,District 2 (Northeast),CEDAR FALLS,BLACK HAWK,IA-27,HWY 58 NB MM 185.2,Collision with:  Vehicle in traffic,Median,Other (explain in narrative),Driving too fast for conditions,None Indicated,None apparent,Daylight,Ice/frost,Snow,"Surface condition (e.g., wet, icy)",Non-intersection:  Non-junction/no special feature,Paved,,Property Damage Only,0,0,0,0,0,0,7000,3,3,Northbound (NB),POINT (-92.428465859653 42.529148949878)
20251468609,2025-001024,02/13/2025,02-February,5-Thursday,15:06,1500 Hours,District 6 (East Central),DUBUQUE,DUBUQUE,77,MAIN ST AND WEST 14TH ST,Collision with:  Vehicle in traffic,On Roadway,Broadside (front to side),Ran Traffic Signal,None Indicated,None apparent,Daylight,Wet,Clear,"Surface condition (e.g., wet, icy)",Intersection:  Four-way intersection,Paved,,Property Damage Only,0,0,0,0,0,0,5000,2,9,Southbound (SB),POINT (-90.66981976538 42.505761645313)
20251468398,20250003760,02/13/2025,02-February,5-Thursday,05:44,0500 Hours,District 1 (Central),DES MOINES,POLK,I-235,RAMP I 235 E TO US 6 E,Collision with:  Vehicle in traffic,On Roadway,"Sideswipe, same direction",Lost Control,None Indicated,Weather conditions,Dark - roadway lighted,Ice/frost,Snow,"Surface condition (e.g., wet, icy)",Non-intersection:  Non-junction/no special feature,Paved,,Minor Injury,0,2,0,2,0,0,10000,2,2,Southbound (SB),POINT (-93.575509898303 41.624011853488)
20251469594,2502066,02/13/2025,02-February,5-Thursday,07:39,0700 Hours,District 5 (Southeast),WASHINGTON,WASHINGTON,77,SOUTH B AVE AND IA 92 E,Collision with fixed object:  Traffic signal support,On Roadway,Non-collision (single vehicle),Ran off road - left,None Indicated,None apparent,Daylight,Snow,Clear,None apparent,Intersection:  Four-way intersection,Paved,,Possible/Unknown,0,1,0,0,1,0,3600,1,1,Northbound (NB),POINT (-91.694360052865 41.296506476311)
20251468498,25-001500,02/13/2025,02-February,5-Thursday,09:20,0900 Hours,District 4 (Southwest),COUNCIL BLUFFS,POTTAWATTAMIE,77,200 BLK WEST BRDWAY,Collision with:  Vehicle in traffic,On Roadway,Rear-end (front to rear),Driving too fast for conditions,None Indicated,None apparent,Daylight,Wet,Clear,"Surface condition (e.g., wet, icy)",Non-intersection:  Non-junction/no special feature,Paved,,Property Damage Only,0,0,0,0,0,0,4000,2,2,Southbound (SB),POINT (-95.846279606273 41.262001708435)
20251468499,25-001502,02/13/2025,02-February,5-Thursday,10:00,1000 Hours,District 4 (Southwest),COUNCIL BLUFFS,POTTAWATTAMIE,I-80,4 MM I 80 W,Collision with fixed object:  Concrete traffic barrier (median or right side),Shoulder,Non-collision (single vehicle),Ran off road - left,None Indicated,None apparent,Daylight,Ice/frost,Clear,"Surface condition (e.g., wet, icy)",Non-intersection:  Non-junction/no special feature,Paved,,Property Damage Only,0,0,0,0,0,0,12000,1,1,Westbound (WB),POINT (-95.832970626961 41.232176809242)
20251469011,25-00236BP,02/13/2025,02-February,5-Thursday,08:55,0800 Hours,District 1 (Central),BELLE PLAINE,BENTON,IA-21,IA 21 N,Collision with:  Vehicle in traffic,On Roadway,Rear-end (front to rear),Followed too close,None Indicated,Weather conditions,Daylight,Ice/frost,Clear,"Surface condition (e.g., wet, icy)","Non-intersection:  Driveway access (related, not in)",Paved,,Property Damage Only,0,0,0,0,0,0,10100,2,2,Northbound (NB),POINT (-92.278191049906 41.894836381798)
20251468484,20250003776,02/13/2025,02-February,5-Thursday,09:41,0900 Hours,District 1 (Central),DES MOINES,POLK,IA-28,IA 28 N MEASURING 2084 FEET NORTH FROM WILLOWMERE DR,Collision with fixed object:  Bridge/bridge rail parapet,On Roadway,Non-collision (single vehicle),Unknown,None Indicated,Weather conditions,Daylight,Ice/frost,Clear,"Surface condition (e.g., wet, icy)",Non-intersection:  Non-junction/no special feature,Paved,,Possible/Unknown,0,1,0,0,1,0,1501,1,1,Northbound (NB),POINT (-93.703379684614 41.563294427151)