Iowa DOT Case Number,Law Enforcement Case Number,Date of Crash,Month of Crash,Day of Week,Time of Crash,Hour,DOT District,City Name,County Name,Route with System,Location Description,First Harmful Event,Location of First Harmful Event,Manner of Crash/Collision,Major Cause,Drug or Alcohol ,Environmental Conditions,Light Conditions,Surface Conditions,Weather Conditions,Roadway Contribution,Roadway Type,Roadway Surface,Work Zone,Crash Severity,Number of Fatalities,Number of Injuries,Number of Major Injuries,Number of Minor Injuries,Number of Possible Injuries,Number of Unknown Injuries,Amount of Property Damage,Number of Vehicles Involved,Total Number of Occupants,Travel Direction,Location
20251468901,,02/13/2025,02-February,5-Thursday,05:15,0500 Hours,District 2 (Northeast),,FRANKLIN,US 65,US 65 N,Collision with:  Animal,On Roadway,Non-collision (single vehicle),Animal,None Indicated,,Dark - roadway not lighted,Snow,Clear,,Non-intersection:  Non-junction/no special feature,Paved,,Property Damage Only,0,0,0,0,0,0,0,1,1,Northbound (NB),POINT (-93.202244841987 42.781265513522)
20251468399,20250003761,02/13/2025,02-February,5-Thursday,05:37,0500 Hours,District 1 (Central),DES MOINES,POLK,I-235,I 235 W,Collision with fixed object:  Concrete traffic barrier (median or right side),On Roadway,Non-collision (single vehicle),Lost Control,None Indicated,Weather conditions,Dark - roadway lighted,Ice/frost,Snow,"Surface condition (e.g., wet, icy)",Non-intersection:  Non-junction/no special feature,Paved,,Property Damage Only,0,0,0,0,0,0,4000,1,2,Westbound (WB),POINT (-93.625859900446 41.595889431941)
20251468390,20250003756,02/13/2025,02-February,5-Thursday,05:15,0500 Hours,District 1 (Central),DES MOINES,POLK,I-235,"RAMP 2ND AVE, N TO N TO STATE OF IOWA, I 235 W",Collision with fixed object:  Concrete traffic barrier (median or right side),On Roadway,Non-collision (single vehicle),Lost Control,None Indicated,Weather conditions,Dark - roadway lighted,Ice/frost,Snow,"Surface condition (e.g., wet, icy)",Non-intersection:  Non-junction/no special feature,Paved,,Property Damage Only,0,0,0,0,0,0,2000,1,1,Westbound (WB),POINT (-93.620977502079 41.596014986768)
20251468660,20250003838,02/13/2025,02-February,5-Thursday,16:50,1600 Hours,District 1 (Central),DES MOINES,POLK,77,6TH AVE MEASURING 34 FEET NORTH FROM SCHOOL ST,Collision with:  Vehicle in traffic,On Roadway,Broadside (front to side),Traveling wrong way or on wrong side of road,None Indicated,None apparent,Daylight,Slush,Clear,"Surface condition (e.g., wet, icy)",Intersection:  Other intersection (explain in narrative),Paved,,Property Damage Only,0,0,0,0,0,0,3000,2,4,Northbound (NB),POINT (-93.625662533391 41.595332057408)
20251469721,202501945,02/13/2025,02-February,5-Thursday,08:04,0800 Hours,District 6 (East Central),CEDAR RAPIDS,LINN,77,BLAIRS FERRY RD AND CENTER POINT RD NE,Collision with:  Vehicle in traffic,On Roadway,Rear-end (front to rear),Lost Control,None Indicated,None apparent,Daylight,Snow,Clear,"Surface condition (e.g., wet, icy)",Intersection:  Four-way intersection,Paved,,Property Damage Only,0,0,0,0,0,0,1500,2,2,Southbound (SB),POINT (-91.668688964364 42.034778763113)
20251468652,20250003801,02/13/2025,02-February,5-Thursday,13:15,1300 Hours,District 1 (Central),DES MOINES,POLK,US 69,MAURY ST AND US 69 N MEASURING 15 FEET NORTH FROM MAURY ST AND US 69 N,Collision with:  Vehicle in traffic,On Roadway,Rear-end (front to rear),Followed too close,None Indicated,None apparent,Daylight,Slush,Clear,"Surface condition (e.g., wet, icy)",Non-intersection:  Non-junction/no special feature,Paved,,Property Damage Only,0,0,0,0,0,0,3000,2,2,Northbound (NB),POINT (-93.596783952677 41.581308168191)
20251469559,0,02/13/2025,02-February,5-Thursday,18:14,1800 Hours,District 1 (Central),URBANDALE,POLK,I-80,3700 I-80/35 SB,Collision with:  Vehicle in traffic,On Roadway,"Sideswipe, same direction",Improper or erratic lane changing,None Indicated,None apparent,Dark - roadway lighted,Ice/frost,Clear,None apparent,Interchange-related:  On-ramp merge area,Paved,,Property Damage Only,0,0,0,0,0,0,2000,2,4,Westbound (WB),POINT (-93.777080660441 41.628671618431)
20251468700,25024420,02/13/2025,02-February,5-Thursday,06:07,0600 Hours,District 6 (East Central),,JOHNSON,I-380,I 380 S,Collision with:  Vehicle in traffic,On Roadway,"Sideswipe, same direction",Ran off road - right,None Indicated,None apparent,Dawn,Snow,Blowing snow,None apparent,Non-intersection:  Non-junction/no special feature,Paved,,Possible/Unknown,0,1,0,0,0,1,5000,2,1,Eastbound (EB),POINT (-91.642531666309 41.734859778112)
20251468643,202500491,02/13/2025,02-February,5-Thursday,08:48,0800 Hours,District 6 (East Central),,LINN,US 30,US 30 E MEASURING 1304 FEET EAST FROM OLD RIVER RD,Collision with fixed object:  Bridge/bridge rail parapet,On Roadway,Non-collision (single vehicle),Driving too fast for conditions,None Indicated,Weather conditions,Daylight,Snow,Clear,None apparent,Non-intersection:  Non-junction/no special feature,Paved,,Property Damage Only,0,0,0,0,0,0,10000,1,1,Southbound (SB),POINT (-91.550787083872 41.925850141503)
20251469557,0,02/13/2025,02-February,5-Thursday,17:38,1700 Hours,District 4 (Southwest),CLIVE,POLK,US 6,11800 BLK HICKMAN,Collision with:  Vehicle in traffic,On Roadway,Rear-end (front to rear),Other (explain in narrative):  No improper action,None Indicated,None apparent,Daylight,Wet,Snow,"Surface condition (e.g., wet, icy)",Intersection:  Four-way intersection,Paved,,Property Damage Only,0,0,0,0,0,0,1501,2,2,Southbound (SB),POINT (-93.781643503806 41.614832702007)
20251468617,OCFS2503925,02/13/2025,02-February,5-Thursday,11:46,1100 Hours,District 5 (Southeast),OTTUMWA,WAPELLO,77,MOWREY AVE AND NORTH JOHNSON AVE,Collision with:  Vehicle in traffic,On Roadway,Broadside (front to side),FTYROW:  From stop sign,None Indicated,None apparent,Daylight,Snow,Clear,None apparent,Intersection:  Four-way intersection,Paved,,Property Damage Only,0,0,0,0,0,0,3000,2,4,Northbound (NB),POINT (-92.440866119393 41.012831272746)
20251469373,0,02/13/2025,02-February,5-Thursday,18:10,1800 Hours,District 6 (East Central),NORTH LIBERTY,JOHNSON,77,CAMERON WAY,Collision with:  Vehicle in traffic,On Roadway,Head-on (front to front),Driving too fast for conditions,None Indicated,None apparent,Dark - roadway lighted,Ice/frost,Clear,"Surface condition (e.g., wet, icy)",Non-intersection:  Non-junction/no special feature,Paved,,Possible/Unknown,0,3,0,0,3,0,25000,2,4,Northbound (NB),POINT (-91.625365612221 41.752101785028)
20251468430,25-0060,02/13/2025,02-February,5-Thursday,01:29,0100 Hours,District 1 (Central),POLK CITY,POLK,77,NW 118TH AVE,Collision with:  Animal,Unknown,Non-collision (single vehicle),Animal,None Indicated,Animal in roadway,,,,,,Paved,,Property Damage Only,0,0,0,0,0,0,2500,1,1,Southbound (SB),POINT (-93.68855038843 41.776915743408)
20251468747,SO250021,02/13/2025,02-February,5-Thursday,13:43,1300 Hours,District 2 (Northeast),,WINNESHIEK,77,LOCUST RD,Collision with fixed object:  Ditch,Shoulder,Non-collision (single vehicle),Ran off road - right,Alcohol (Statutory),None apparent,Daylight,Dry,Clear,None apparent,Non-intersection:  Non-junction/no special feature,Paved,,Property Damage Only,0,0,0,0,0,0,3000,1,1,Northbound (NB),POINT (-91.759182305002 43.357586824358)
20251468508,25-1069,02/13/2025,02-February,5-Thursday,10:19,1000 Hours,District 1 (Central),BONDURANT,POLK,77,NE 2ND ST,Collision with:  Vehicle in traffic,On Roadway,Rear-end (front to rear),Followed too close,None Indicated,None apparent,Daylight,Snow,Clear,None apparent,Non-intersection:  Crossover-related,Unpaved,,Property Damage Only,0,0,0,0,0,0,4500,2,2,Northbound (NB),POINT (-93.44329407702 41.702689861703)
20251468489,2025003978,02/13/2025,02-February,5-Thursday,02:50,0200 Hours,District 4 (Southwest),,POTTAWATTAMIE,I-80,"RAMP I 80 W TO L 55, N WB OFF RAMP EXIT 23.",Collision with:  Vehicle in traffic,On Roadway,"Sideswipe, same direction",Illegally Parked/Unattended,None Indicated,None apparent,Dark - roadway not lighted,Snow,Clear,None apparent,Interchange-related:  Off-ramp,Paved,,Property Damage Only,0,0,0,0,0,0,2000,2,1,Westbound (WB),POINT (-95.610444676442 41.442212227514)
20251468707,20250003257,02/13/2025,02-February,5-Thursday,21:30,2100 Hours,District 1 (Central),DES MOINES,POLK,77,EAST WATROUS AVE,Collision with fixed object:  Utility pole/light support,Shoulder,Non-collision (single vehicle),"Operating vehicle in an reckless, erratic, careless, negligent manner",Refused,Weather conditions,Dark - roadway lighted,Snow,Cloudy,"Surface condition (e.g., wet, icy)",Non-intersection:  Non-junction/no special feature,Paved,,Property Damage Only,0,0,0,0,0,0,13000,1,1,Southbound (SB),POINT (-93.608301126272 41.548137009607)
20251468394,25-0074,02/13/2025,02-February,5-Thursday,01:40,0100 Hours,District 1 (Central),,WEBSTER,77,3300 M 190TH ST,Collision with:  Animal,Unknown,Non-collision (single vehicle),Animal,None Indicated,Animal in roadway,,,,,,Paved,,Property Damage Only,0,0,0,0,0,0,7000,1,2,Southbound (SB),POINT (-93.98698224042 42.515372831272)
20251469255,25-2281,02/13/2025,02-February,5-Thursday,08:10,0800 Hours,District 2 (Northeast),WAVERLY,BREMER,77,16TH ST SW,Collision with:  Vehicle in traffic,On Roadway,Rear-end (front to rear),Driver Distraction:  Inattentive/lost in thought,None Indicated,Weather conditions,Daylight,Ice/frost,Cloudy,"Surface condition (e.g., wet, icy)",Non-intersection:  Non-junction/no special feature,Paved,,Property Damage Only,0,0,0,0,0,0,9500,2,3,Northbound (NB),POINT (-92.489878309991 42.723762693334)
20251468697,25-1083,02/13/2025,02-February,5-Thursday,18:19,1800 Hours,District 1 (Central),,POLK,77,NE 27TH AVE AND NE 64TH ST,Collision with:  Vehicle in traffic,On Roadway,Broadside (front to side),Ran Stop Sign,None Indicated,None apparent,Dark - roadway lighted,Ice/frost,Clear,None apparent,Intersection:  Four-way intersection,Paved,,Property Damage Only,0,0,0,0,0,0,3000,2,3,Northbound (NB),POINT (-93.483889746905 41.618705432026)
20251469036,25-000662,02/13/2025,02-February,5-Thursday,18:18,1800 Hours,District 1 (Central),ANKENY,POLK,I-35,I 35 N MILE MARKER 91.7,Collision with:  Parked motor vehicle,On Roadway,"Sideswipe, same direction",Driver Distraction:  Other interior distraction,Under Influence of Alcohol/Drugs/Medications,None apparent,Dark - roadway lighted,Dry,Clear,None apparent,Non-intersection:  Non-junction/no special feature,Paved,,Property Damage Only,0,0,0,0,0,0,18000,2,1,Northbound (NB),POINT (-93.576382224427 41.71917682634)
20251468920,2025-3360,02/13/2025,02-February,5-Thursday,17:00,1700 Hours,District 6 (East Central),BETTENDORF,SCOTT,77,SPRUCE HILLS DR,Collision with:  Vehicle in traffic,On Roadway,Rear-end (front to rear),Followed too close,None Indicated,None apparent,Daylight,Dry,Clear,None apparent,Intersection:  Five points or more,Paved,,Property Damage Only,0,0,0,0,0,0,5500,2,2,Southbound (SB),POINT (-90.522339083578 41.554758549041)
20251469033,SOP202500118,02/13/2025,02-February,5-Thursday,00:00,0000 Hours,District 6 (East Central),,IOWA,I-80,I80 WB 209.35 MM,Collision with fixed object:  Cable barrier,Median,Non-collision (single vehicle),Ran off road - left,None Indicated,Weather conditions,Dark - roadway not lighted,Ice/frost,Cloudy,"Surface condition (e.g., wet, icy)",Non-intersection:  Non-junction/no special feature,Paved,,Property Damage Only,0,0,0,0,0,0,30000,1,1,Westbound (WB),POINT (-92.211810288125 41.696005106162)
20251469453,2.025e+009,02/13/2025,02-February,5-Thursday,08:00,0800 Hours,District 6 (East Central),COLESBURG,DELAWARE,77,POTTER ST AND DELAWARE ST,Collision with:  Vehicle in traffic,On Roadway,Broadside (front to side),Over correcting/over steering,None Indicated,Weather conditions,Daylight,Snow,Snow,"Surface condition (e.g., wet, icy)",Intersection:  T-intersection,Paved,,Property Damage Only,0,0,0,0,0,0,5300,2,2,Northbound (NB),POINT (-91.201652549362 42.636701627894)
20251468788,W25-012411,02/13/2025,02-February,5-Thursday,15:00,1500 Hours,District 2 (Northeast),WATERLOO,BLACK HAWK,77,IDAHO ST AND MARTIN LUTHER KING JUNIOR DR,Collision with:  Vehicle in traffic,On Roadway,"Sideswipe, same direction",Lost Control,None Indicated,None apparent,Daylight,Wet,Clear,None apparent,Intersection:  Four-way intersection,Paved,,Property Damage Only,0,0,0,0,0,0,11000,2,3,Northbound (NB),POINT (-92.307883347962 42.504051387965)
20251468922,2025001334,02/13/2025,02-February,5-Thursday,16:21,1600 Hours,District 6 (East Central),IOWA CITY,JOHNSON,77,SUMMIT ST AND COURT ST,Collision with:  Vehicle in traffic,On Roadway,Broadside (front to side),Ran Stop Sign,None Indicated,None apparent,Daylight,Wet,Clear,None apparent,Intersection:  T-intersection,Paved,,Property Damage Only,0,0,0,0,0,0,3500,2,4,Southbound (SB),POINT (-91.52119242101 41.656705128809)
20251469878,2025004037,02/13/2025,02-February,5-Thursday,14:45,1400 Hours,District 2 (Northeast),WATERLOO,BLACK HAWK,77,GREENHILL RD BY RAINBOW DRIVE,Collision with fixed object:  Curb/island/raised median,On Roadway,Non-collision (single vehicle),Lost Control,None Indicated,None apparent,Daylight,Slush,Clear,"Surface condition (e.g., wet, icy)",Non-intersection:  Non-junction/no special feature,Paved,,Property Damage Only,0,0,0,0,0,0,5300,1,1,Northbound (NB),POINT (-92.392260690447 42.513409641554)
20251468913,2025003982,02/13/2025,02-February,5-Thursday,05:59,0500 Hours,District 1 (Central),,POLK,I-80,INTERSTATE 80 EASTBOUND AT SECOND AVENUE,Collision with:  Parked motor vehicle,Shoulder,"Sideswipe, same direction",Driving too fast for conditions,None Indicated,None apparent,Dark - roadway lighted,Ice/frost,Clear,"Surface condition (e.g., wet, icy)",Non-intersection:  Non-junction/no special feature,Paved,,Minor Injury,0,1,0,1,0,0,18500,2,1,Southbound (SB),POINT (-93.619556466115 41.649399310886)
20251468492,25--001499,02/13/2025,02-February,5-Thursday,09:14,0900 Hours,District 4 (Southwest),COUNCIL BLUFFS,POTTAWATTAMIE,I-80,RAMP I 80 W TO I 29 N,Collision with:  Vehicle in traffic,On Roadway,Rear-end (front to rear),Followed too close,None Indicated,Weather conditions,Daylight,Ice/frost,Snow,"Surface condition (e.g., wet, icy)",Non-intersection:  Non-junction/no special feature,Paved,,Property Damage Only,0,0,0,0,0,0,10500,2,3,Westbound (WB),POINT (-95.836760850011 41.232092429123)
20251468705,P25-02636,02/13/2025,02-February,5-Thursday,20:29,2000 Hours,District 5 (Southeast),BURLINGTON,DES MOINES,77,OFF ROADWAY/ROADWAY NOT FOUND MEASURING 478 FEET SOUTH FROM COTTONWOOD COURT,Collision with fixed object:  Cable barrier,In parking lane/zone,Non-collision (single vehicle),Driving too fast for conditions,None Indicated,Weather conditions,Dark - roadway lighted,Ice/frost,Clear,"Surface condition (e.g., wet, icy)",Non-intersection:  Non-junction/no special feature,Paved,,Property Damage Only,0,0,0,0,0,0,2500,1,1,Northbound (NB),POINT (-91.139022023024 40.823044234918)
20251469553,0,02/13/2025,02-February,5-Thursday,08:43,0800 Hours,District 4 (Southwest),,HARRISON,77,174TH TRAIL MEASURING 1393 FEET SOUTH FROM LAREDO AVE,Collision with:  Vehicle in traffic,On Roadway,Head-on (front to front),Other (explain in narrative):  No improper action,None Indicated,None apparent,Daylight,Ice/frost,Clear,"Slippery, loose, or worn surface",Non-intersection:  Non-junction/no special feature,Unpaved,,Minor Injury,0,2,0,2,0,0,8500,2,2,Southbound (SB),POINT (-95.876337290477 41.761863842218)
20251468438,25024439,02/13/2025,02-February,5-Thursday,07:05,0700 Hours,District 6 (East Central),,JOHNSON,I-380,I 380 S,Collision with fixed object:  Other post/pole/support (explain in narrative),On Roadway,Non-collision (single vehicle),Ran off road - right,None Indicated,None apparent,Daylight,Ice/frost,Clear,"Surface condition (e.g., wet, icy)",Non-intersection:  Non-junction/no special feature,Paved,,Possible/Unknown,0,1,0,0,1,0,2250,1,1,Eastbound (EB),POINT (-91.642500521718 41.744901975473)
20251469273,25-001558,02/13/2025,02-February,5-Thursday,14:39,1400 Hours,District 3 (Northwest),SPENCER,CLAY,77,1ST AVE WEST,Collision with fixed object:  Fire hydrant,On Roadway,Non-collision (single vehicle),Lost Control,None Indicated,None apparent,Daylight,Snow,Clear,"Surface condition (e.g., wet, icy)",Intersection:  Four-way intersection,Paved,,Property Damage Only,0,0,0,0,0,0,1500,1,1,Northbound (NB),POINT (-95.146863041885 43.151652412625)
20251468713,20250003807,02/13/2025,02-February,5-Thursday,14:02,1400 Hours,District 1 (Central),DES MOINES,POLK,77,SW 7TH ST AND INDIANOLA RD,Collision with:  Vehicle in traffic,On Roadway,Rear-end (front to rear),Followed too close,None Indicated,None apparent,Daylight,Wet,Clear,None apparent,Intersection:  T-intersection,Paved,,Property Damage Only,0,0,0,0,0,0,4000,2,4,Northbound (NB),POINT (-93.621225941951 41.573117196528)
20251469354,2025-04685,02/13/2025,02-February,5-Thursday,10:46,1000 Hours,District 5 (Southeast),INDIANOLA,WARREN,77,500 BLOCK WEST SALEM AVE,Collision with:  Vehicle in traffic,On Roadway,Broadside (front to side),Ran Stop Sign,Refused,Weather conditions,Daylight,Ice/frost,Clear,"Surface condition (e.g., wet, icy)",Intersection:  Four-way intersection,Paved,,Property Damage Only,0,0,0,0,0,0,10800,2,2,Southbound (SB),POINT (-93.566868373866 41.360353805612)
20251468506,25-1063,02/13/2025,02-February,5-Thursday,09:18,0900 Hours,District 1 (Central),,POLK,US 69,NE 14TH ST NE 44TH AVE,Collision with:  Vehicle in traffic,On Roadway,"Angle, oncoming left turn",FTYROW:  Making left turn,None Indicated,Weather conditions,Daylight,Snow,Clear,"Surface condition (e.g., wet, icy)",Non-intersection:  Non-junction/no special feature,Paved,,Property Damage Only,0,0,0,0,0,0,4200,2,2,Northbound (NB),POINT (-93.600463604794 41.640493470573)
20251468558,W25-012313,02/13/2025,02-February,5-Thursday,09:28,0900 Hours,District 2 (Northeast),WATERLOO,BLACK HAWK,77,FRANKLIN ST AND BRDWAY ST AND US 63 N,Collision with:  Vehicle in traffic,On Roadway,Rear-end (front to rear),Driving too fast for conditions,None Indicated,None apparent,Daylight,Slush,Clear,"Surface condition (e.g., wet, icy)",Intersection:  Four-way intersection,Paved,,Property Damage Only,0,0,0,0,0,0,5000,2,2,Southbound (SB),POINT (-92.337695349224 42.503597145791)
20251468630,25-006136,02/13/2025,02-February,5-Thursday,16:41,1600 Hours,District 3 (Northwest),STORM LAKE,BUENA VISTA,77,ONEIDA ST,Collision with:  Vehicle in traffic,On Roadway,Rear-end (front to rear),Ran Stop Sign,None Indicated,None apparent,Daylight,Snow,Clear,None apparent,Intersection:  Four-way intersection,Paved,,Property Damage Only,0,0,0,0,0,0,5000,2,2,Northbound (NB),POINT (-95.195513003913 42.64226611295)
20251469267,202500001809,02/13/2025,02-February,5-Thursday,15:42,1500 Hours,District 6 (East Central),MARION,LINN,77,SOUTH 22ND ST AND IA 100 E,Collision with:  Vehicle in traffic,On Roadway,Broadside (front to side),Ran Traffic Signal,None Indicated,None apparent,Daylight,Dry,Clear,None apparent,Intersection:  Four-way intersection,Paved,,Property Damage Only,0,0,0,0,0,0,12500,2,3,Northbound (NB),POINT (-91.5888584923 42.015100711077)
20251468483,20250003774,02/13/2025,02-February,5-Thursday,09:07,0900 Hours,District 1 (Central),DES MOINES,POLK,I-235,I 235 W 500 FEET NORTH OF E UNIVERSITY AVE OFF RAMP,Collision with:  Vehicle in traffic,On Roadway,Rear-end (front to rear),Other (explain in narrative):  Other,None Indicated,None apparent,Daylight,Ice/frost,Clear,"Surface condition (e.g., wet, icy)",Non-intersection:  Non-junction/no special feature,Paved,,Minor Injury,0,1,0,1,0,0,2000,2,3,Westbound (WB),POINT (-93.580309924751 41.603739492191)
20251468473,25024544,02/13/2025,02-February,5-Thursday,10:24,1000 Hours,District 6 (East Central),,JOHNSON,I-80,I 80 E,Collision with:  Vehicle in traffic,On Roadway,"Sideswipe, same direction",Failed to keep in proper lane,None Indicated,Weather conditions,Daylight,Snow,Blowing snow,"Surface condition (e.g., wet, icy)",Non-intersection:  Non-junction/no special feature,Paved,,Property Damage Only,0,0,0,0,0,0,5000,2,2,Southbound (SB),POINT (-91.730461285195 41.694856841459)
20251468500,25-001503,02/13/2025,02-February,5-Thursday,10:12,1000 Hours,District 4 (Southwest),COUNCIL BLUFFS,POTTAWATTAMIE,I-80,I 80 W,Collision with fixed object:  Concrete traffic barrier (median or right side),On Roadway,Non-collision (single vehicle),Ran off road - right,None Indicated,Weather conditions,Daylight,Ice/frost,Clear,"Surface condition (e.g., wet, icy)",Non-intersection:  Non-junction/no special feature,Paved,,Possible/Unknown,0,1,0,0,1,0,5000,1,2,Westbound (WB),POINT (-95.834617857816 41.231920084966)
20251469431,2.50005e+007,02/13/2025,02-February,5-Thursday,17:12,1700 Hours,District 1 (Central),AMES,STORY,77,7TH ST AND US 69 N AND US 69 S,Collision with:  Vehicle in traffic,On Roadway,Broadside (front to side),FTYROW:  From stop sign,None Indicated,Visual obstruction,Daylight,Snow,Clear,None apparent,Intersection:  Four-way intersection,Paved,,Possible/Unknown,0,1,0,0,1,0,4500,2,4,Southbound (SB),POINT (-93.620269944944 42.027827799216)
20251468535,25-02138,02/13/2025,02-February,5-Thursday,09:08,0900 Hours,District 3 (Northwest),HULL,SIOUX,77,MILWAUKEE RD AND ELM ST,Collision with:  Vehicle in traffic,On Roadway,Broadside (front to side),Lost Control,None Indicated,None apparent,Daylight,Ice/frost,Clear,None apparent,Non-intersection:  Non-junction/no special feature,Paved,,Property Damage Only,0,0,0,0,0,0,13000,2,2,Northbound (NB),POINT (-96.129481138865 43.187028798271)
20251469025,25012300,02/13/2025,02-February,5-Thursday,08:25,0800 Hours,District 2 (Northeast),CEDAR FALLS,BLACK HAWK,US 218,RAMP IA 27 N TO US 218 S,Collision with fixed object:  Concrete traffic barrier (median or right side),On Roadway,Non-collision (single vehicle),Lost Control,None Indicated,Weather conditions,Daylight,Snow,Clear,"Surface condition (e.g., wet, icy)",Non-intersection:  Non-junction/no special feature,Paved,,Property Damage Only,0,0,0,0,0,0,2000,1,1,Eastbound (EB),POINT (-92.425834831628 42.534575294727)
20251468590,2025-1776,02/13/2025,02-February,5-Thursday,09:59,0900 Hours,District 6 (East Central),DURANT,CEDAR,77,6TH AVE AND 7TH ST,Collision with:  Vehicle in traffic,On Roadway,Broadside (front to side),FTYROW:  Other (explain in narrative),None Indicated,None apparent,Daylight,Snow,Clear,Other (explain in narrative),Intersection:  Four-way intersection,Paved,,Property Damage Only,0,0,0,0,0,0,3000,2,4,Northbound (NB),POINT (-90.911034106271 41.602992576125)
20251468915,2025003984,02/13/2025,02-February,5-Thursday,06:30,0600 Hours,District 1 (Central),,POLK,I-80,INTERSTATE 80 W-136.5MM,Collision with fixed object:  Concrete traffic barrier (median or right side),Median,Non-collision (single vehicle),Lost Control,None Indicated,Weather conditions,Dark - unknown roadway lighting,Ice/frost,Clear,"Surface condition (e.g., wet, icy)",Non-intersection:  Non-junction/no special feature,Paved,,Property Damage Only,0,0,0,0,0,0,12000,1,1,Westbound (WB),POINT (-93.600647486339 41.64995003536)
20251468816,25-00689,02/13/2025,02-February,5-Thursday,09:04,0900 Hours,District 1 (Central),WEST DES MOINES,POLK,I-35,500 I 35 SB,Collision with fixed object:  Concrete traffic barrier (median or right side),On Roadway,Other (explain in narrative),Driving too fast for conditions,None Indicated,None apparent,Daylight,Ice/frost,Clear,"Surface condition (e.g., wet, icy)",Non-intersection:  Non-junction/no special feature,Paved,,Property Damage Only,0,0,0,0,0,0,5700,3,3,Northbound (NB),POINT (-93.77725561363 41.578248175323)
20251468583,2025004005,02/13/2025,02-February,5-Thursday,08:41,0800 Hours,District 2 (Northeast),WATERLOO,BLACK HAWK,US 20,US 20 E,,Median,Non-collision (single vehicle),Driving too fast for conditions,None Indicated,Weather conditions,Daylight,Ice/frost,Clear,"Surface condition (e.g., wet, icy)",Non-intersection:  Non-junction/no special feature,Paved,,Property Damage Only,0,0,0,0,0,0,4000,1,1,Southbound (SB),POINT (-92.401365813843 42.45728802402)
20251468730,25-000649,02/13/2025,02-February,5-Thursday,12:08,1200 Hours,District 1 (Central),ANKENY,POLK,US 69,SE SHURFINE DR AND SW PRAIRIE TRAIL PARKWAY AND US 69 N,Collision with:  Vehicle in traffic,On Roadway,Broadside (front to side),Other (explain in narrative):  Other,None Indicated,Weather conditions,Daylight,Ice/frost,Clear,"Surface condition (e.g., wet, icy)",Intersection:  Four-way intersection,Paved,,Property Damage Only,0,0,0,0,0,0,3000,2,2,Northbound (NB),POINT (-93.60050272373 41.711910712592)
20251468805,25002277,02/13/2025,02-February,5-Thursday,06:30,0600 Hours,District 2 (Northeast),,BREMER,US 218,US 218 N,Collision with fixed object:  Traffic sign support,Shoulder,Non-collision (single vehicle),Ran off road - right,None Indicated,None apparent,Dawn,Dry,Clear,None apparent,Non-intersection:  Non-junction/no special feature,Paved,,Property Damage Only,0,0,0,0,0,0,2500,1,1,Northbound (NB),POINT (-92.544359163764 42.874598446664)
20251468578,SOI20250062,02/13/2025,02-February,5-Thursday,09:55,0900 Hours,District 1 (Central),,POWESHIEK,IA-85,IA 85 E,Collision with:  Vehicle in traffic,On Roadway,Head-on (front to front),Lost Control,None Indicated,Weather conditions,Daylight,Snow,Clear,"Surface condition (e.g., wet, icy)",Non-intersection:  Non-junction/no special feature,Paved,,Possible/Unknown,0,1,0,0,1,0,17000,2,2,Southbound (SB),POINT (-92.405492813497 41.585508341386)
20251468661,20250003840,02/13/2025,02-February,5-Thursday,17:41,1700 Hours,District 1 (Central),DES MOINES,POLK,77,SE 1ST ST AND JACKSON AVE AND EAST JACKSON AVE,Collision with:  Vehicle in traffic,On Roadway,Head-on (front to front),Ran Traffic Signal,None Indicated,None apparent,Daylight,Dry,Clear,None apparent,Intersection:  Four-way intersection,Paved,,Property Damage Only,0,0,0,0,0,0,3000,2,2,Northbound (NB),POINT (-93.613609165285 41.575644105476)
20251468928,25-000660,02/13/2025,02-February,5-Thursday,17:08,1700 Hours,District 1 (Central),ANKENY,POLK,IA-160,600 SE ORALABOR RD,Collision with:  Vehicle in traffic,On Roadway,Rear-end (front to rear),Driver Distraction:  Exterior distraction,None Indicated,Other (explain in narrative),Daylight,Slush,Clear,"Surface condition (e.g., wet, icy)",Non-intersection:  Other non-intersection (explain in narrative),Paved,,Property Damage Only,0,0,0,0,0,0,5000,2,2,Southbound (SB),POINT (-93.589974405718 41.702895125504)
20251468636,CLP25000358,02/13/2025,02-February,5-Thursday,15:15,1500 Hours,District 6 (East Central),CLINTON,CLINTON,77,900 BLK 15TH AVE S,Collision with:  Parked motor vehicle,On Roadway,"Sideswipe, same direction",Ran off road - straight,None Indicated,None apparent,Daylight,Slush,Clear,None apparent,Intersection:  T-intersection,Paved,,Property Damage Only,0,0,0,0,0,0,3000,2,1,Southbound (SB),POINT (-90.207986547013 41.830174068463)
20251468644,202500493,02/13/2025,02-February,5-Thursday,09:16,0900 Hours,District 6 (East Central),,LINN,US 30,US 30 W MEASURING 1492 FEET EAST FROM OLD RIVER RD,Collision with fixed object:  Bridge/bridge rail parapet,On Roadway,Non-collision (single vehicle),Other (explain in narrative):  No improper action,None Indicated,Weather conditions,Daylight,Ice/frost,Clear,"Surface condition (e.g., wet, icy)",Non-intersection:  Non-junction/no special feature,Paved,,Property Damage Only,0,0,0,0,0,0,10000,1,1,Westbound (WB),POINT (-91.550068183709 41.926174303488)