Iowa DOT Case Number,Law Enforcement Case Number,Date of Crash,Month of Crash,Day of Week,Time of Crash,Hour,DOT District,City Name,County Name,Route with System,Location Description,First Harmful Event,Location of First Harmful Event,Manner of Crash/Collision,Major Cause,Drug or Alcohol ,Environmental Conditions,Light Conditions,Surface Conditions,Weather Conditions,Roadway Contribution,Roadway Type,Roadway Surface,Work Zone,Crash Severity,Number of Fatalities,Number of Injuries,Number of Major Injuries,Number of Minor Injuries,Number of Possible Injuries,Number of Unknown Injuries,Amount of Property Damage,Number of Vehicles Involved,Total Number of Occupants,Travel Direction,Location
20251469482,0,02/13/2025,02-February,5-Thursday,19:37,1900 Hours,District 2 (Northeast),,FAYETTE,IA-150,IA 150 N,Collision with:  Animal,Unknown,Non-collision (single vehicle),Animal,None Indicated,Animal in roadway,,,,,,Paved,,Property Damage Only,0,0,0,0,0,0,5000,1,1,Northbound (NB),POINT (-91.838793614188 43.06736609589)
20251468586,25-000644,02/13/2025,02-February,5-Thursday,09:50,0900 Hours,District 1 (Central),ANKENY,POLK,77,DMACC BLVD AND S ANKENY BLVD,Collision with fixed object:  Other post/pole/support (explain in narrative),On Roadway,Non-collision (single vehicle),Ran off road - left,None Indicated,Weather conditions,Daylight,Snow,Snow,"Surface condition (e.g., wet, icy)",Non-intersection:  Non-junction/no special feature,Paved,,Property Damage Only,0,0,0,0,0,0,7000,1,1,Northbound (NB),POINT (-93.600679142072 41.708910437665)
20251468819,2025-10050,02/13/2025,02-February,5-Thursday,08:06,0800 Hours,District 6 (East Central),DAVENPORT,SCOTT,US 6,US 6 W,Collision with:  Vehicle in traffic,On Roadway,"Sideswipe, same direction",Other (explain in narrative):  No improper action,None Indicated,Weather conditions,Daylight,Snow,Cloudy,"Surface condition (e.g., wet, icy)",Intersection:  Four-way intersection,Paved,,Property Damage Only,0,0,0,0,0,0,10000,2,3,Westbound (WB),POINT (-90.57072372639 41.560402790728)
20251468748,W25-012404,02/13/2025,02-February,5-Thursday,14:59,1400 Hours,District 2 (Northeast),WATERLOO,BLACK HAWK,77,WASHINGTON AND W.11TH ST,Collision with:  Vehicle in traffic,On Roadway,"Sideswipe, same direction",Made improper turn,None Indicated,None apparent,Daylight,Dry,Clear,None apparent,Non-intersection:  Non-junction/no special feature,Paved,,Property Damage Only,0,0,0,0,0,0,6000,2,3,Eastbound (EB),POINT (-92.334581659091 42.488476329124)
20251468658,20250003827,02/13/2025,02-February,5-Thursday,15:50,1500 Hours,District 1 (Central),DES MOINES,POLK,77,FLEUR DR MEASURING 144 FEET SOUTH FROM BELL AVE,Collision with:  Vehicle in traffic,On Roadway,"Sideswipe, same direction",Passing:  With insufficient distance/inadequate visibility,None Indicated,None apparent,Daylight,Slush,Clear,"Surface condition (e.g., wet, icy)",Non-intersection:  Non-junction/no special feature,Paved,,Possible/Unknown,0,1,0,0,0,1,1500,2,2,Eastbound (EB),POINT (-93.645108049038 41.562312056177)
20251468766,2025004013,02/13/2025,02-February,5-Thursday,09:50,0900 Hours,District 6 (East Central),,JONES,US 151,US 151 N,Collision with fixed object:  Bridge/bridge rail parapet,On Roadway,Other (explain in narrative),Swerving/Evasive Action,None Indicated,Weather conditions,Daylight,Ice/frost,Clear,"Surface condition (e.g., wet, icy)",Non-intersection:  Non-junction/no special feature,Paved,,Property Damage Only,0,0,0,0,0,0,8000,2,2,Northbound (NB),POINT (-91.269493010598 42.085372376878)
20251468587,25-001546,02/13/2025,02-February,5-Thursday,14:30,1400 Hours,District 2 (Northeast),,FLOYD,77,PACKARD AVE,Collision with:  Vehicle in traffic,On Roadway,Head-on (front to front),Ran Stop Sign,None Indicated,None apparent,Daylight,Snow,Clear,"Surface condition (e.g., wet, icy)",Intersection:  Other intersection (explain in narrative),Paved,,Possible/Unknown,0,1,0,0,1,0,8000,2,2,Northbound (NB),POINT (-92.732319736085 43.059833468111)
20251469035,25-000656,02/13/2025,02-February,5-Thursday,16:34,1600 Hours,District 1 (Central),ANKENY,POLK,77,NE 126TH AVE AND NE DELAWARE RD,Collision with:  Vehicle in traffic,On Roadway,Broadside (front to side),FTYROW:  From stop sign,None Indicated,None apparent,Daylight,Snow,Clear,"Surface condition (e.g., wet, icy)",Intersection:  Other intersection (explain in narrative),Paved,,Possible/Unknown,0,1,0,0,1,0,41000,2,2,Northbound (NB),POINT (-93.58109727564 41.776797949633)
20251468462,25WC00979,02/13/2025,02-February,5-Thursday,08:35,0800 Hours,District 3 (Northwest),,WOODBURY,US 20,US 20 E,Collision with fixed object:  Guardrail - face,On Roadway,Non-collision (single vehicle),Ran off road - left,None Indicated,Weather conditions,Daylight,Ice/frost,Clear,"Surface condition (e.g., wet, icy)",Non-intersection:  Non-junction/no special feature,Paved,,Property Damage Only,0,0,0,0,0,0,5500,1,1,Southbound (SB),POINT (-96.191224938185 42.475045537926)
20251469176,S25-00933,02/13/2025,02-February,5-Thursday,19:20,1900 Hours,District 5 (Southeast),,DES MOINES,77,IRISH RIDGE RD AND UPPER FLINT RD MEASURING 873 FEET SOUTH FROM IRISH RIDGE RD,Collision with:  Animal,Unknown,Non-collision (single vehicle),Animal,None Indicated,Animal in roadway,,,,,,Paved,,Property Damage Only,0,0,0,0,0,0,5000,1,2,Northbound (NB),POINT (-91.136856735541 40.855905733406)
20251468914,2025003983,02/13/2025,02-February,5-Thursday,06:08,0600 Hours,District 1 (Central),,POLK,I-80,"INTERSTATE 80 AND 136.5 MILE MARKER, WESTBOUND",Collision with fixed object:  Concrete traffic barrier (median or right side),On Roadway,Non-collision (single vehicle),Driving too fast for conditions,None Indicated,Weather conditions,Dark - roadway lighted,Snow,Other (explain in narrative),"Surface condition (e.g., wet, icy)",Non-intersection:  Non-junction/no special feature,Paved,,Property Damage Only,0,0,0,0,0,0,2000,1,1,Westbound (WB),POINT (-93.60065949412 41.649949972599)
20251468841,25-003634,02/13/2025,02-February,5-Thursday,14:03,1400 Hours,District 5 (Southeast),,MARION,IA-5,IA 5 N,Collision with:  Vehicle in traffic,On Roadway,Rear-end (front to rear),Driving too fast for conditions,None Indicated,None apparent,Daylight,Wet,Clear,"Surface condition (e.g., wet, icy)",Interchange-related:  Off-ramp,Paved,,Property Damage Only,0,0,0,0,0,0,8000,2,2,Northbound (NB),POINT (-93.074249976951 41.301446321876)
20251468491,20251009,02/13/2025,02-February,5-Thursday,08:05,0800 Hours,District 6 (East Central),MOUNT VERNON,LINN,IA-1,IA 1 N & 1ST ST,Collision with:  Vehicle in traffic,On Roadway,Broadside (front to side),FTYROW:  Other (explain in narrative),None Indicated,None apparent,Daylight,Snow,Clear,None apparent,Intersection:  Four-way intersection,Paved,,Property Damage Only,0,0,0,0,0,0,15000,2,2,Northbound (NB),POINT (-91.417068558985 41.922201879622)
20251468682,25-00338,02/13/2025,02-February,5-Thursday,01:13,0100 Hours,District 1 (Central),URBANDALE,POLK,I-80,I 80 W MM 130.6,Collision with:  Parked motor vehicle,On Roadway,Rear-end (front to rear),Ran off road - left,None Indicated,Weather conditions,Dark - roadway lighted,Ice/frost,Blowing snow,"Surface condition (e.g., wet, icy)","Interchange-related:  Mainline, between ramps",Paved,,Minor Injury,0,1,0,1,0,0,25000,2,1,Westbound (WB),POINT (-93.710188946807 41.65277514492)
20251468656,20250003825,02/13/2025,02-February,5-Thursday,15:57,1500 Hours,District 1 (Central),DES MOINES,POLK,77,30TH ST AND URBANDALE AVE,Collision with:  Vehicle in traffic,On Roadway,"Sideswipe, opposite direction",Unknown,None Indicated,Weather conditions,Daylight,Snow,Clear,"Surface condition (e.g., wet, icy)",Intersection:  T-intersection,Paved,,Property Damage Only,0,0,0,0,0,0,1500,2,2,Northbound (NB),POINT (-93.658647887293 41.624862601735)
20251468653,20250003805,02/13/2025,02-February,5-Thursday,12:11,1200 Hours,District 1 (Central),DES MOINES,POLK,77,EAST PARK AVE AND US 69 N,Collision with:  Vehicle in traffic,On Roadway,Rear-end (front to rear),Followed too close,None Indicated,None apparent,Daylight,Snow,Clear,None apparent,Intersection:  Four-way intersection,Paved,,Possible/Unknown,0,2,0,0,1,1,2000,2,2,Southbound (SB),POINT (-93.596736635716 41.555313382039)
20251468523,2025003986,02/13/2025,02-February,5-Thursday,06:50,0600 Hours,District 6 (East Central),,JOHNSON,I-380,I 380 S 3.5,Collision with fixed object:  Cable barrier,On Roadway,Non-collision (single vehicle),Driving too fast for conditions,None Indicated,Weather conditions,Dawn,Ice/frost,Clear,"Surface condition (e.g., wet, icy)",Non-intersection:  Non-junction/no special feature,Paved,,Property Damage Only,0,0,0,0,0,0,4000,1,1,Eastbound (EB),POINT (-91.642526510878 41.74366835388)
20251468600,FD25-0394,02/13/2025,02-February,5-Thursday,09:45,0900 Hours,District 1 (Central),FORT DODGE,WEBSTER,77,500 BLOCK KENYON RD,Collision with fixed object:  Other fixed object (explain in narrative),Shoulder,Non-collision (single vehicle),Ran off road - right,None Indicated,None apparent,Daylight,Slush,Clear,"Slippery, loose, or worn surface",Non-intersection:  Non-junction/no special feature,Paved,,Property Damage Only,0,0,0,0,0,0,4000,1,1,Northbound (NB),POINT (-94.192466451109 42.489103332441)
20251468598,25-00346,02/13/2025,02-February,5-Thursday,12:19,1200 Hours,District 1 (Central),URBANDALE,POLK,77,PRAIRIE AVE AND 68TH ST,Collision with:  Vehicle in traffic,On Roadway,Broadside (front to side),Ran Stop Sign,None Indicated,None apparent,Daylight,Slush,Clear,None apparent,Intersection:  Four-way intersection,Paved,,Possible/Unknown,0,1,0,0,1,0,10000,2,2,Southbound (SB),POINT (-93.709799678048 41.634817300275)
20251468631,25-1764,02/13/2025,02-February,5-Thursday,17:10,1700 Hours,District 3 (Northwest),CARROLL,CARROLL,US 30,US 30 E,Collision with:  Vehicle in traffic,On Roadway,Rear-end (front to rear),Followed too close,None Indicated,None apparent,Daylight,Snow,Clear,None apparent,Non-intersection:  Non-junction/no special feature,Paved,,Property Damage Only,0,0,0,0,0,0,3000,2,2,Southbound (SB),POINT (-94.864484451434 42.064900858952)
20251468509,25000854,02/13/2025,02-February,5-Thursday,09:45,0900 Hours,District 3 (Northwest),HARTLEY,OBRIEN,77,1ST AVE EAST,Collision with:  Vehicle in traffic,On Roadway,Broadside (front to side),FTYROW:  From yield sign,None Indicated,None apparent,Daylight,Snow,Clear,"Surface condition (e.g., wet, icy)",Intersection:  Four-way intersection,Paved,,Property Damage Only,0,0,0,0,0,0,5100,2,3,Northbound (NB),POINT (-95.475572457813 43.182403876484)
20251468926,25-000657,02/13/2025,02-February,5-Thursday,16:55,1600 Hours,District 1 (Central),ANKENY,POLK,IA-160,900 BLOCK SE ORALABOR RD,Collision with:  Vehicle in traffic,On Roadway,Head-on (front to front),Lost Control,None Indicated,None apparent,Daylight,Ice/frost,Clear,None apparent,Non-intersection:  Non-junction/no special feature,Paved,,Property Damage Only,0,0,0,0,0,0,4000,2,3,Westbound (WB),POINT (-93.585564081016 41.702962718172)
20251469707,202501949,02/13/2025,02-February,5-Thursday,10:04,1000 Hours,District 6 (East Central),CEDAR RAPIDS,LINN,77,500 BLK 33RD AVE SW,Collision with fixed object:  Other post/pole/support (explain in narrative),Shoulder,Non-collision (single vehicle),Ran off road - right,None Indicated,None apparent,Daylight,Slush,Clear,"Surface condition (e.g., wet, icy)",Non-intersection:  Non-junction/no special feature,Paved,,Property Damage Only,0,0,0,0,0,0,14300,1,1,Southbound (SB),POINT (-91.674441100809 41.943358058797)
20251468637,FD25-0403,02/13/2025,02-February,5-Thursday,15:35,1500 Hours,District 1 (Central),FORT DODGE,WEBSTER,77,2900 BLOCK 5TH AVE SOUTH,Collision with:  Vehicle in traffic,On Roadway,Rear-end (front to rear),Lost Control,None Indicated,None apparent,Daylight,Snow,Clear,"Surface condition (e.g., wet, icy)",Non-intersection:  Non-junction/no special feature,Paved,,Property Damage Only,0,0,0,0,0,0,3500,2,2,Westbound (WB),POINT (-94.157939139921 42.501290933597)
20251469343,25-001172,02/13/2025,02-February,5-Thursday,18:45,1800 Hours,District 6 (East Central),,BENTON,77,22 AVE MEASURING 1692 FEET SOUTH FROM 22 AVE,Collision with:  Animal,Unknown,Non-collision (single vehicle),Animal,None Indicated,Animal in roadway,,,,,,Paved,,Property Damage Only,0,0,0,0,0,0,5000,1,1,Northbound (NB),POINT (-92.064893047636 42.263785603288)
20251468569,25-00686,02/13/2025,02-February,5-Thursday,06:10,0600 Hours,District 1 (Central),WEST DES MOINES,POLK,I-35,I 35 N,Collision with fixed object:  Curb/island/raised median,On Roadway,Non-collision (single vehicle),Lost Control,None Indicated,Weather conditions,Dawn,Ice/frost,Snow,"Surface condition (e.g., wet, icy)",Non-intersection:  Non-junction/no special feature,Paved,,Possible/Unknown,0,1,0,0,1,0,2000,1,1,Northbound (NB),POINT (-93.777102099633 41.574448160346)
20251468716,25SC03965,02/13/2025,02-February,5-Thursday,12:09,1200 Hours,District 3 (Northwest),SIOUX CITY,WOODBURY,US 20,SUNNYBROOK DR AND HWY 20 OFF RAMP,Collision with:  Vehicle in traffic,On Roadway,Broadside (front to side),Driving too fast for conditions,None Indicated,Weather conditions,Daylight,Wet,Clear,"Surface condition (e.g., wet, icy)",Non-intersection:  Non-junction/no special feature,Paved,,Property Damage Only,0,0,0,0,0,0,13500,2,2,Westbound (WB),POINT (-96.335140566848 42.453853166104)
20251469060,2025-3340,02/13/2025,02-February,5-Thursday,12:34,1200 Hours,District 6 (East Central),BETTENDORF,SCOTT,US 67,19TH ST AND US 67 N,Collision with:  Vehicle in traffic,On Roadway,"Sideswipe, same direction",Made improper turn,None Indicated,None apparent,Daylight,Wet,Clear,None apparent,Non-intersection:  Non-junction/no special feature,Paved,,Property Damage Only,0,0,0,0,0,0,43000,2,6,Northbound (NB),POINT (-90.505893912235 41.525312306121)
20251468638,N25000081,02/13/2025,02-February,5-Thursday,16:25,1600 Hours,District 6 (East Central),NORTH LIBERTY,JOHNSON,77,NORTH LIBERTY RD,Collision with:  Vehicle in traffic,On Roadway,Rear-end (front to rear),Followed too close,None Indicated,None apparent,Daylight,Dry,Clear,None apparent,Intersection:  T-intersection,Unpaved,,Property Damage Only,0,0,0,0,0,0,5500,2,3,Northbound (NB),POINT (-91.582959002504 41.751955796363)
20251469507,0,02/13/2025,02-February,5-Thursday,17:05,1700 Hours,District 5 (Southeast),KEOKUK,LEE,77,11TH/FRANKLIN,Collision with:  Vehicle in traffic,On Roadway,Broadside (front to side),FTYROW:  At uncontrolled intersection,None Indicated,None apparent,Daylight,Dry,Clear,None apparent,Intersection:  Other intersection (explain in narrative),Paved,,Property Damage Only,0,0,0,0,0,0,2000,2,2,Southbound (SB),POINT (-91.382071501666 40.404248129131)
20251468725,25-004195,02/13/2025,02-February,5-Thursday,07:23,0700 Hours,District 5 (Southeast),FORT MADISON,LEE,77,20TH ST AND AVE E,Collision with:  Vehicle in traffic,On Roadway,Rear-end (front to rear),Followed too close,None Indicated,Weather conditions,Daylight,Snow,Cloudy,"Surface condition (e.g., wet, icy)",Intersection:  Four-way intersection,Paved,,Property Damage Only,0,0,0,0,0,0,3000,2,2,Northbound (NB),POINT (-91.333455844503 40.633244440907)
20251469023,25012290,02/13/2025,02-February,5-Thursday,08:02,0800 Hours,District 2 (Northeast),CEDAR FALLS,BLACK HAWK,IA-27,IA 27 S,Collision with fixed object:  Concrete traffic barrier (median or right side),On Roadway,Non-collision (single vehicle),Lost Control,None Indicated,Weather conditions,Daylight,Snow,Clear,"Surface condition (e.g., wet, icy)",Non-intersection:  Non-junction/no special feature,Paved,,Property Damage Only,0,0,0,0,0,0,2500,1,2,Eastbound (EB),POINT (-92.43201112021 42.527581556498)
20251468709,FD25-0408,02/13/2025,02-February,5-Thursday,18:55,1800 Hours,District 1 (Central),FORT DODGE,WEBSTER,77,3000 BLOCK OF 1ST AVE SOUTH,Collision with:  Vehicle in traffic,On Roadway,Broadside (front to side),Driving too fast for conditions,None Indicated,Weather conditions,Dark - roadway lighted,Ice/frost,Snow,"Surface condition (e.g., wet, icy)",Non-intersection:  Non-junction/no special feature,Paved,,Property Damage Only,0,0,0,0,0,0,3700,2,2,Southbound (SB),POINT (-94.152402347616 42.505309261326)
20251469558,0,02/13/2025,02-February,5-Thursday,17:48,1700 Hours,District 1 (Central),URBANDALE,POLK,US 6,73RD ST AND US 6 W,Collision with:  Vehicle in traffic,On Roadway,Broadside (front to side),FTYROW:  Making left turn,None Indicated,None apparent,Dusk,Wet,Clear,None apparent,Intersection:  Four-way intersection,Paved,,Property Damage Only,0,0,0,0,0,0,15500,3,5,Westbound (WB),POINT (-93.71855766996 41.614766961341)
20251468781,25-4415,02/13/2025,02-February,5-Thursday,06:00,0600 Hours,District 1 (Central),PRAIRIE CITY,JASPER,77,SOUTH MARSHALL ST,Collision with:  Parked motor vehicle,On Roadway,Rear to side,Improper Backing,None Indicated,None apparent,Dark - roadway lighted,Snow,Clear,None apparent,Non-intersection:  Non-junction/no special feature,Paved,,Property Damage Only,0,0,0,0,0,0,3000,2,1,Northbound (NB),POINT (-93.235130535893 41.598127123849)
20251468541,25002348,02/13/2025,02-February,5-Thursday,09:50,0900 Hours,District 1 (Central),TOLEDO,TAMA,77,CARLETON ST,Collision with:  Vehicle in traffic,On Roadway,Rear-end (front to rear),Other (explain in narrative):  Other,None Indicated,None apparent,Daylight,Snow,Clear,"Surface condition (e.g., wet, icy)",Non-intersection:  Non-junction/no special feature,Paved,,Property Damage Only,0,0,0,0,0,0,4500,2,4,Southbound (SB),POINT (-92.58036702161 41.994556538368)
20251468785,MC2500416,02/13/2025,02-February,5-Thursday,14:04,1400 Hours,District 2 (Northeast),MASON CITY,CERRO GORDO,77,OFF ROADWAY/ROADWAY NOT FOUND MEASURING 145 FEET WEST FROM 4TH ST SW,Collision with fixed object:  Utility pole/light support,On Roadway,Non-collision (single vehicle),Driving too fast for conditions,None Indicated,None apparent,Daylight,Snow,Clear,Other (explain in narrative),Non-intersection:  Non-junction/no special feature,Paved,,Possible/Unknown,0,1,0,0,1,0,15000,1,1,Southbound (SB),POINT (-93.20401651017 43.148311961842)
20251468625,WPD-P250050,02/13/2025,02-February,5-Thursday,17:20,1700 Hours,District 6 (East Central),WILLIAMSBURG,IOWA,77,STATE ST AND CHATMAN ST,Collision with:  Vehicle in traffic,On Roadway,Broadside (front to side),FTYROW:  From stop sign,None Indicated,Weather conditions,Daylight,Snow,Clear,"Surface condition (e.g., wet, icy)",Intersection:  Four-way intersection,Paved,,Property Damage Only,0,0,0,0,0,0,8000,2,2,Southbound (SB),POINT (-92.011568970624 41.661806803371)
20251468786,MC2500489,02/13/2025,02-February,5-Thursday,06:51,0600 Hours,District 2 (Northeast),MASON CITY,CERRO GORDO,77,7TH ST SE AND SOUTH JERSEY AVE,Collision with:  Vehicle in traffic,On Roadway,Broadside (front to side),FTYROW:  From yield sign,None Indicated,None apparent,Dawn,Snow,Clear,"Surface condition (e.g., wet, icy)",Intersection:  Four-way intersection,Paved,,Property Damage Only,0,0,0,0,0,0,9000,2,3,Southbound (SB),POINT (-93.197277651641 43.14467681253)
20251468965,S25-000294,02/13/2025,02-February,5-Thursday,05:58,0500 Hours,District 4 (Southwest),,POTTAWATTAMIE,77,WABASH AVE AND OVERLAND TRAIL,Collision with fixed object:  Ditch,On Roadway,Non-collision (single vehicle),Driving too fast for conditions,None Indicated,Weather conditions,Dawn,Ice/frost,Snow,"Surface condition (e.g., wet, icy)",Non-intersection:  Non-junction/no special feature,Unpaved,,Property Damage Only,0,0,0,0,0,0,6000,1,1,Northbound (NB),POINT (-95.798965087832 41.211960975995)
20251468503,25-0756,02/13/2025,02-February,5-Thursday,08:15,0800 Hours,District 6 (East Central),HIAWATHA,LINN,77,BOYSON RD,Collision with:  Vehicle in traffic,On Roadway,Rear-end (front to rear),Other (explain in narrative):  Other,None Indicated,Weather conditions,Daylight,Snow,Clear,"Surface condition (e.g., wet, icy)",Non-intersection:  Non-junction/no special feature,Paved,,Property Damage Only,0,0,0,0,0,0,10000,2,2,Westbound (WB),POINT (-91.680657119182 42.047823080746)
20251468647,25-000826,02/13/2025,02-February,5-Thursday,05:03,0500 Hours,District 3 (Northwest),,CHEROKEE,IA-3,IA 3 E,Collision with:  Animal,Unknown,Non-collision (single vehicle),Animal,None Indicated,Animal in roadway,,,,,,Paved,,Property Damage Only,0,0,0,0,0,0,15000,1,1,Southbound (SB),POINT (-95.497416901069 42.748739117322)
20251468765,2025003972,02/13/2025,02-February,5-Thursday,00:25,0000 Hours,District 6 (East Central),,CEDAR,I-80,I 80 WB MM 257.5,Non-collision events:  Jackknife,Shoulder,Non-collision (single vehicle),Driving too fast for conditions,None Indicated,Weather conditions,Dark - roadway not lighted,Ice/frost,Clear,"Surface condition (e.g., wet, icy)",Non-intersection:  Non-junction/no special feature,Paved,,Property Damage Only,0,0,0,0,0,0,5000,1,1,Westbound (WB),POINT (-91.292288083428 41.663402814457)
20251469627,25-001485,02/13/2025,02-February,5-Thursday,09:55,0900 Hours,District 4 (Southwest),WINTERSET,MADISON,77,4TH AVE AND CARVER RD AND HUSKY DR,Collision with:  Vehicle in traffic,On Roadway,Rear-end (front to rear),Driving too fast for conditions,None Indicated,Weather conditions,Daylight,Snow,Clear,"Surface condition (e.g., wet, icy)",Intersection:  T-intersection,Paved,,Property Damage Only,0,0,0,0,0,0,4000,2,2,Northbound (NB),POINT (-94.018355662766 41.326366377811)
20251468720,25SC04034,02/13/2025,02-February,5-Thursday,22:50,2200 Hours,District 3 (Northwest),SIOUX CITY,WOODBURY,77,WEST 4TH ST AND WEST ST,Collision with fixed object:  Utility pole/light support,On Roadway,Non-collision (single vehicle),Lost Control,Alcohol (Statutory),None apparent,Dark - roadway lighted,Slush,Clear,None apparent,Non-intersection:  Non-junction/no special feature,Paved,,Property Damage Only,0,0,0,0,0,0,11000,1,1,Southbound (SB),POINT (-96.430133411539 42.500382188204)
20251468646,25-0001299,02/13/2025,02-February,5-Thursday,19:57,1900 Hours,District 3 (Northwest),ONAWA,MONONA,77,EMERALD ST,Collision with:  Vehicle in traffic,On Roadway,Broadside (front to side),Driving too fast for conditions,None Indicated,Weather conditions,Dark - roadway lighted,Ice/frost,Snow,"Surface condition (e.g., wet, icy)",Non-intersection:  Non-junction/no special feature,Paved,,Property Damage Only,0,0,0,0,0,0,2150,2,2,Southbound (SB),POINT (-96.094036060272 42.033334650644)
20251468515,202500001796,02/13/2025,02-February,5-Thursday,10:49,1000 Hours,District 6 (East Central),MARION,LINN,77,10TH AVE/KATZ DR,Collision with:  Vehicle in traffic,On Roadway,"Sideswipe, same direction",Other (explain in narrative):  Other,None Indicated,None apparent,Daylight,Snow,Clear,"Slippery, loose, or worn surface",Non-intersection:  Non-junction/no special feature,Paved,,Property Damage Only,0,0,0,0,0,0,2500,2,3,Westbound (WB),POINT (-91.572073434385 42.036048972148)
20251468391,20250003759,02/13/2025,02-February,5-Thursday,05:37,0500 Hours,District 1 (Central),DES MOINES,POLK,I-235,"RAMP 56TH ST, N TO N TO STATE OF IOWA, I 235 E",Collision with fixed object:  Other post/pole/support (explain in narrative),On Roadway,Non-collision (single vehicle),Ran off road - right,None Indicated,Weather conditions,Dark - roadway lighted,Snow,Snow,"Surface condition (e.g., wet, icy)",Interchange-related:  On-ramp merge area,Paved,,Property Damage Only,0,0,0,0,0,0,6000,1,1,Southbound (SB),POINT (-93.690962721599 41.592156894745)
20251468608,2025-001020,02/13/2025,02-February,5-Thursday,13:38,1300 Hours,District 6 (East Central),DUBUQUE,DUBUQUE,77,4200 BLOCK CHAVENELLE RD,Collision with fixed object:  Fire hydrant,Shoulder,Non-collision (single vehicle),Ran off road - right,None Indicated,None apparent,Daylight,Snow,Clear,"Surface condition (e.g., wet, icy)",Non-intersection:  Non-junction/no special feature,Paved,,Property Damage Only,0,0,0,0,0,0,3000,1,1,Southbound (SB),POINT (-90.744359680546 42.497122825513)
20251469347,CLP25000356,02/13/2025,02-February,5-Thursday,14:02,1400 Hours,District 6 (East Central),CLINTON,CLINTON,77,6TH AVE SOUTH,Collision with:  Vehicle in traffic,On Roadway,Broadside (front to side),FTYROW:  From stop sign,None Indicated,None apparent,Daylight,Slush,Clear,"Surface condition (e.g., wet, icy)",Intersection:  Four-way intersection,Paved,,Property Damage Only,0,0,0,0,0,0,14000,3,3,Southbound (SB),POINT (-90.198563238548 41.839994839876)
20251469544,2.50014e+007,02/13/2025,02-February,5-Thursday,15:41,1500 Hours,District 6 (East Central),,BUCHANAN,77,QUASQUETON AVE MEASURING 464 FEET NORTH FROM LINN-BUCHANAN RD,Collision with fixed object:  Embankment,Roadside,Non-collision (single vehicle),Driver Distraction:  Reaching for object(s)/fallen object(s),None Indicated,None apparent,Daylight,Dry,Clear,None apparent,Non-intersection:  Non-junction/no special feature,Paved,,Property Damage Only,0,0,0,0,0,0,7500,1,1,Northbound (NB),POINT (-91.773157406657 42.298933049274)
20251468767,2025004044,02/13/2025,02-February,5-Thursday,16:33,1600 Hours,District 6 (East Central),DAVENPORT,SCOTT,US 67,BRIDGE AVE AND US 67 N,Collision with:  Vehicle in traffic,On Roadway,Rear-end (front to rear),Lost Control,None Indicated,None apparent,Daylight,Dry,Clear,None apparent,Intersection:  T-intersection,Paved,,Property Damage Only,0,0,0,0,0,0,10000,2,5,Northbound (NB),POINT (-90.557782591017 41.527039033499)
20251468735,25000491,02/13/2025,02-February,5-Thursday,09:44,0900 Hours,District 1 (Central),AMES,STORY,77,NORTH DAKOTA AVE,Collision with:  Vehicle in traffic,On Roadway,Broadside (front to side),FTYROW:  From driveway,None Indicated,None apparent,Daylight,Snow,Clear,None apparent,"Non-intersection:  Driveway access (related, not in)",Paved,,Property Damage Only,0,0,0,0,0,0,10000,2,2,Northbound (NB),POINT (-93.678759792981 42.033405114875)
20251469432,2.50005e+007,02/13/2025,02-February,5-Thursday,18:49,1800 Hours,District 1 (Central),AMES,STORY,77,LINCOLN WAY,Collision with:  Vehicle in traffic,On Roadway,Rear-end (front to rear),Followed too close,None Indicated,None apparent,Dark - roadway lighted,Snow,Snow,"Surface condition (e.g., wet, icy)",Non-intersection:  Non-junction/no special feature,Paved,,Property Damage Only,0,0,0,0,0,0,3500,2,3,Southbound (SB),POINT (-93.649741513459 42.022747165325)
20251468772,25001175,02/13/2025,02-February,5-Thursday,07:37,0700 Hours,District 6 (East Central),,DELAWARE,77,210TH ST,Collision with:  Vehicle in traffic,Roadside,"Angle, oncoming left turn",FTYROW:  Making left turn,None Indicated,None apparent,Daylight,Snow,Clear,None apparent,"Non-intersection:  Driveway access (related, not in)",Paved,,Property Damage Only,0,0,0,0,0,0,32000,2,2,Southbound (SB),POINT (-91.427515451903 42.484176420699)
20251468616,FD25-0404,02/13/2025,02-February,5-Thursday,15:55,1500 Hours,District 1 (Central),FORT DODGE,WEBSTER,77,2200 BLK 12TH AVE SOUTH,Collision with:  Vehicle in traffic,On Roadway,Broadside (front to side),FTYROW:  Making left turn,None Indicated,None apparent,Daylight,Snow,Clear,"Surface condition (e.g., wet, icy)",Non-intersection:  Non-junction/no special feature,Paved,,Property Damage Only,0,0,0,0,0,0,5500,2,2,Southbound (SB),POINT (-94.167556618337 42.491629274207)