Iowa DOT Case Number,Law Enforcement Case Number,Date of Crash,Month of Crash,Day of Week,Time of Crash,Hour,DOT District,City Name,County Name,Route with System,Location Description,First Harmful Event,Location of First Harmful Event,Manner of Crash/Collision,Major Cause,Drug or Alcohol ,Environmental Conditions,Light Conditions,Surface Conditions,Weather Conditions,Roadway Contribution,Roadway Type,Roadway Surface,Work Zone,Crash Severity,Number of Fatalities,Number of Injuries,Number of Major Injuries,Number of Minor Injuries,Number of Possible Injuries,Number of Unknown Injuries,Amount of Property Damage,Number of Vehicles Involved,Total Number of Occupants,Travel Direction,Location
20251468545,20250003782,02/13/2025,02-February,5-Thursday,10:52,1000 Hours,District 1 (Central),DES MOINES,POLK,I-235,RAMP I 235 E TO US 6 W AND US 6 E,Collision with:  Vehicle in traffic,On Roadway,Rear-end (front to rear),Other (explain in narrative):  Other,None Indicated,Weather conditions,Daylight,Ice/frost,Clear,"Surface condition (e.g., wet, icy)",Intersection:  T-intersection,Paved,,Possible/Unknown,0,3,0,0,3,0,5000,2,4,Southbound (SB),POINT (-93.572985961138 41.627735429049)
20251468516,20250003785,02/13/2025,02-February,5-Thursday,11:02,1100 Hours,District 1 (Central),DES MOINES,POLK,77,EAST WATROUS AVE AND SE 14TH ST,Collision with:  Vehicle in traffic,On Roadway,Other (explain in narrative),Lost Control,None Indicated,Weather conditions,Daylight,Snow,Clear,"Surface condition (e.g., wet, icy)",Intersection:  Four-way intersection,Paved,,Property Damage Only,0,0,0,0,0,0,2500,2,2,Southbound (SB),POINT (-93.596885936614 41.548079734562)
20251468641,P25-02613,02/13/2025,02-February,5-Thursday,12:00,1200 Hours,District 5 (Southeast),BURLINGTON,DES MOINES,77,JEFFERSON ST MEASURING 192 FEET EAST FROM CENTRAL AVE,Collision with:  Vehicle in traffic,On Roadway,"Sideswipe, same direction",Passing:  On wrong side,None Indicated,None apparent,Daylight,Dry,Clear,None apparent,Non-intersection:  Non-junction/no special feature,Paved,,Property Damage Only,0,0,0,0,0,0,3000,2,2,Southbound (SB),POINT (-91.110888695449 40.811579320518)
20251469177,25-00211,02/13/2025,02-February,5-Thursday,07:47,0700 Hours,District 1 (Central),CLIVE,POLK,77,NW 100TH ST AND SWANSON,Collision with:  Vehicle in traffic,On Roadway,Broadside (front to side),Driving too fast for conditions,None Indicated,Weather conditions,Daylight,Ice/frost,Cloudy,"Surface condition (e.g., wet, icy)",Non-intersection:  Non-junction/no special feature,Paved,,Property Damage Only,0,0,0,0,0,0,2500,2,2,Northbound (NB),POINT (-93.755585040195 41.611656261042)
20251469357,C25000608,02/13/2025,02-February,5-Thursday,17:00,1700 Hours,District 6 (East Central),CORALVILLE,JOHNSON,77,10TH ST,Collision with:  Vehicle in traffic,On Roadway,Rear-end (front to rear),Followed too close,None Indicated,None apparent,Daylight,Dry,Clear,None apparent,"Non-intersection:  Driveway access (related, not in)",Paved,,Possible/Unknown,0,1,0,0,1,0,50,2,2,Southbound (SB),POINT (-91.602736564226 41.687961577569)
20251468567,25-001142,02/13/2025,02-February,5-Thursday,07:10,0700 Hours,District 5 (Southeast),,MONROE,77,MONROE WAPELLO RD AND IA 137 N,Collision with:  Vehicle in traffic,On Roadway,"Sideswipe, same direction",Lost Control,None Indicated,Weather conditions,Daylight,Snow,Clear,"Surface condition (e.g., wet, icy)",Intersection:  T-intersection,Paved,,Property Damage Only,0,0,0,0,0,0,12000,3,3,Northbound (NB),POINT (-92.640586246044 41.147036848348)
20251469705,202501943,02/13/2025,02-February,5-Thursday,07:01,0700 Hours,District 6 (East Central),CEDAR RAPIDS,LINN,77,33RD AVE SW AND 6TH ST SW,Collision with:  Vehicle in traffic,On Roadway,"Angle, oncoming left turn",FTYROW:  Making left turn,None Indicated,None apparent,Daylight,Snow,Clear,"Surface condition (e.g., wet, icy)",Intersection:  Four-way intersection,Paved,,Property Damage Only,0,0,0,0,0,0,12500,2,2,Northbound (NB),POINT (-91.676161372781 41.943008643237)
20251469479,0,02/13/2025,02-February,5-Thursday,08:45,0800 Hours,District 1 (Central),ANKENY,POLK,77,SW TRADITION DR AND SW WHITEBIRCH DR AND IA 415 N,Collision with fixed object:  Other post/pole/support (explain in narrative),On Roadway,Non-collision (single vehicle),Driving too fast for conditions,None Indicated,None apparent,Daylight,Snow,Clear,"Surface condition (e.g., wet, icy)",Intersection:  Four-way intersection,Paved,,Property Damage Only,0,0,0,0,0,0,3100,1,1,Northbound (NB),POINT (-93.621529070359 41.699675397905)
20251469268,202500001811,02/13/2025,02-February,5-Thursday,16:02,1600 Hours,District 6 (East Central),MARION,LINN,77,2100 BLK 26TH ST,Collision with fixed object:  Other fixed object (explain in narrative),Roadside,Non-collision (single vehicle),Driver Distraction:  Exterior distraction,None Indicated,None apparent,Daylight,Snow,Clear,"Surface condition (e.g., wet, icy)",Non-intersection:  Non-junction/no special feature,Paved,,Property Damage Only,0,0,0,0,0,0,14500,1,1,Northbound (NB),POINT (-91.584811093261 42.044573627357)
20251468659,20250003834,02/13/2025,02-February,5-Thursday,17:00,1700 Hours,District 1 (Central),DES MOINES,POLK,77,HUTTON ST MEASURING 198 FEET NORTH FROM GARFIELD AVE,Collision with:  Vehicle in traffic,On Roadway,"Sideswipe, same direction",Other (explain in narrative):  Other,None Indicated,None apparent,Daylight,Snow,Clear,None apparent,Non-intersection:  Non-junction/no special feature,Paved,,Property Damage Only,0,0,0,0,0,0,2000,2,2,Northbound (NB),POINT (-93.596376075317 41.603468119955)
20251468729,25-000639,02/13/2025,02-February,5-Thursday,07:33,0700 Hours,District 1 (Central),ANKENY,POLK,US 69,S ANKENY BLVD AND SE 8TH STREET,Collision with:  Vehicle in traffic,On Roadway,Rear-end (front to rear),Lost Control,None Indicated,None apparent,Daylight,Snow,Clear,"Surface condition (e.g., wet, icy)",Intersection:  Four-way intersection,Paved,,Property Damage Only,0,0,0,0,0,0,3000,2,2,Northbound (NB),POINT (-93.600419125611 41.723593298918)
20251468734,25000490,02/13/2025,02-February,5-Thursday,09:37,0900 Hours,District 1 (Central),AMES,STORY,77,SOUTH 4TH ST,Collision with:  Vehicle in traffic,On Roadway,Broadside (front to side),Driving too fast for conditions,None Indicated,None apparent,Daylight,Snow,Clear,"Surface condition (e.g., wet, icy)",Intersection:  T-intersection,Paved,,Property Damage Only,0,0,0,0,0,0,5000,2,2,Southbound (SB),POINT (-93.626804988312 42.01920002642)
20251468544,20250003769,02/13/2025,02-February,5-Thursday,08:15,0800 Hours,District 1 (Central),DES MOINES,POLK,I-235,I 235 WB AT 35TH STREET,Collision with:  Vehicle in traffic,On Roadway,Rear-end (front to rear),Driving too fast for conditions,None Indicated,None apparent,Daylight,Ice/frost,Clear,None apparent,Non-intersection:  Non-junction/no special feature,Paved,,Property Damage Only,0,0,0,0,0,0,7500,2,2,Southbound (SB),POINT (-93.666255661044 41.593077352305)
20251468654,20250003816,02/13/2025,02-February,5-Thursday,13:00,1300 Hours,District 1 (Central),DES MOINES,POLK,77,EAST THORNTON AVE AND SE 3RD ST,Collision with:  Vehicle in traffic,On Roadway,Rear-end (front to rear),Unknown,None Indicated,Unknown,Daylight,Slush,Snow,Unknown,Non-intersection:  Non-junction/no special feature,Paved,,Property Damage Only,0,0,0,0,0,0,1500,2,2,Northbound (NB),POINT (-93.611313940988 41.55103039455)
20251469710,25-0030,02/13/2025,02-February,5-Thursday,09:15,0900 Hours,District 1 (Central),GRANGER,DALLAS,IA-17,STATE ST AND NW 110TH AVE AND IA 17 N,Collision with:  Vehicle in traffic,On Roadway,Rear-end (front to rear),Other (explain in narrative):  No improper action,None Indicated,Weather conditions,Daylight,Dry,Snow,None apparent,Intersection:  Roundabout,Paved,,Property Damage Only,0,0,0,0,0,0,1500,2,2,Northbound (NB),POINT (-93.814669607984 41.76113011873)
20251468568,25-001444,02/13/2025,02-February,5-Thursday,09:45,0900 Hours,District 4 (Southwest),MISSOURI VALLEY,HARRISON,US 30,US 30 E,Collision with fixed object:  Traffic sign support,On Roadway,Non-collision (single vehicle),Ran off road - right,None Indicated,None apparent,Daylight,Snow,Clear,"Slippery, loose, or worn surface",Non-intersection:  Non-junction/no special feature,Paved,,Property Damage Only,0,0,0,0,0,0,2000,1,1,Southbound (SB),POINT (-95.885270009203 41.556387169083)
20251468746,CFS2501467,02/13/2025,02-February,5-Thursday,13:34,1300 Hours,District 2 (Northeast),DECORAH,WINNESHIEK,77,POOL ST,Collision with:  Vehicle in traffic,On Roadway,Head-on (front to front),FTYROW:  Making left turn,None Indicated,None apparent,Daylight,Snow,Clear,None apparent,Intersection:  Other intersection (explain in narrative),Paved,,Possible/Unknown,0,1,0,0,1,0,3500,2,2,Southbound (SB),POINT (-91.801210809325 43.313202014619)
20251469207,W25-00434,02/13/2025,02-February,5-Thursday,18:04,1800 Hours,District 5 (Southeast),WEST BURLINGTON,DES MOINES,77,103RD ST AND BEAVERDALE RD,Collision with fixed object:  Tree,On Roadway,Non-collision (single vehicle),Ran off road - left,None Indicated,None apparent,Daylight,Dry,Clear,None apparent,Intersection:  T-intersection,Paved,,Minor Injury,0,1,0,1,0,0,10000,1,1,Northbound (NB),POINT (-91.207861874387 40.830782245849)
20251468836,202500492,02/13/2025,02-February,5-Thursday,08:40,0800 Hours,District 6 (East Central),,LINN,US 30,US 30 W,Collision with fixed object:  Bridge/bridge rail parapet,On Roadway,Non-collision (single vehicle),Driving too fast for conditions,None Indicated,Weather conditions,Daylight,Ice/frost,Other (explain in narrative),"Surface condition (e.g., wet, icy)",Non-intersection:  Other non-intersection (explain in narrative),Paved,,Property Damage Only,0,0,0,0,0,0,6000,1,1,Westbound (WB),POINT (-91.550695551832 41.926164212436)
20251468755,25-000648,02/13/2025,02-February,5-Thursday,10:35,1000 Hours,District 1 (Central),ANKENY,POLK,77,EAST 1ST ST AND SE DELAWARE AVE AND NE DELAWARE AVE,Collision with:  Vehicle in traffic,On Roadway,Broadside (front to side),Ran Traffic Signal,None Indicated,None apparent,Daylight,Slush,Clear,"Surface condition (e.g., wet, icy)",Intersection:  Four-way intersection,Paved,,Possible/Unknown,0,1,0,0,1,0,3000,2,2,Northbound (NB),POINT (-93.581077198293 41.731898151028)
20251468597,25-00343,02/13/2025,02-February,5-Thursday,09:10,0900 Hours,District 1 (Central),URBANDALE,POLK,I-80,3900 BLK OF I 80 WB,Collision with:  Vehicle in traffic,On Roadway,Rear-end (front to rear),Driving too fast for conditions,None Indicated,None apparent,Daylight,Ice/frost,Clear,"Surface condition (e.g., wet, icy)",Non-intersection:  Non-junction/no special feature,Paved,,Property Damage Only,0,0,0,0,0,0,2000,2,2,Westbound (WB),POINT (-93.777120917542 41.637020971208)
20251469708,202501961,02/13/2025,02-February,5-Thursday,13:51,1300 Hours,District 6 (East Central),CEDAR RAPIDS,LINN,IA-922,4325 WILLIAMS BLVD SW,Collision with:  Vehicle in traffic,On Roadway,Broadside (front to side),Ran Traffic Signal,None Indicated,None apparent,Daylight,Wet,Clear,None apparent,Intersection:  Four-way intersection,Paved,,Property Damage Only,0,0,0,0,0,0,20500,2,2,Northbound (NB),POINT (-91.72659431368 41.9511446154)
20251468885,2025004042,02/13/2025,02-February,5-Thursday,15:01,1500 Hours,District 2 (Northeast),,CERRO GORDO,77,967 FEET EAST FROM WARBLER AVE ON 265TH ST,Collision with fixed object:  Ditch,On Roadway,Non-collision (single vehicle),Ran off road - right,Under Influence of Alcohol/Drugs/Medications,None apparent,Daylight,Dry,Clear,None apparent,Non-intersection:  Non-junction/no special feature,Paved,,Major Injury,0,2,2,0,0,0,4300,1,2,Southbound (SB),POINT (-93.063262237146 43.148089149268)
20251468481,202500001793,02/13/2025,02-February,5-Thursday,10:07,1000 Hours,District 6 (East Central),MARION,LINN,77,100 BLK MARION BLVD,Collision with:  Vehicle in traffic,On Roadway,Rear-end (front to rear),Followed too close,None Indicated,None apparent,Daylight,Snow,Clear,"Slippery, loose, or worn surface",Non-intersection:  Non-junction/no special feature,Paved,,Property Damage Only,0,0,0,0,0,0,8000,3,3,Northbound (NB),POINT (-91.610088985569 42.032345769505)
20251468380,2025-001003,02/13/2025,02-February,5-Thursday,00:50,0000 Hours,District 6 (East Central),DUBUQUE,DUBUQUE,77,KAUFMANN AVE MEASURING 801 FEET WEST FROM GRANDVIEW AVE NORTH,Collision with:  Parked motor vehicle,On Roadway,"Sideswipe, opposite direction",Lost Control,None Indicated,Weather conditions,Dark - roadway lighted,Snow,Snow,"Surface condition (e.g., wet, icy)",Non-intersection:  Non-junction/no special feature,Paved,,Property Damage Only,0,0,0,0,0,0,7000,2,2,Southbound (SB),POINT (-90.696358586021 42.515186600761)
20251469024,25012295,02/13/2025,02-February,5-Thursday,08:10,0800 Hours,District 2 (Northeast),CEDAR FALLS,BLACK HAWK,IA-27,HWY 58 NB MM 184,Collision with fixed object:  Curb/island/raised median,Median,Non-collision (single vehicle),Driving too fast for conditions,None Indicated,None apparent,Daylight,Ice/frost,Clear,"Surface condition (e.g., wet, icy)",Non-intersection:  Non-junction/no special feature,Paved,,Possible/Unknown,0,1,0,0,1,0,10000,1,1,Eastbound (EB),POINT (-92.43771431554 42.525673435163)
20251468531,25-001836,02/13/2025,02-February,5-Thursday,11:36,1100 Hours,District 1 (Central),IOWA FALLS,HARDIN,US 65,US 65 N,Collision with:  Vehicle in traffic,On Roadway,Rear-end (front to rear),Lost Control,None Indicated,Weather conditions,Daylight,Ice/frost,Clear,"Slippery, loose, or worn surface",Intersection:  Four-way intersection,Paved,,Property Damage Only,0,0,0,0,0,0,2200,2,2,Northbound (NB),POINT (-93.262964514273 42.519699607943)
20251469340,2025003998,02/13/2025,02-February,5-Thursday,07:39,0700 Hours,District 1 (Central),,POLK,I-80,I 80 WB @ 14TH STREET,Collision with fixed object:  Concrete traffic barrier (median or right side),On Roadway,Non-collision (single vehicle),Lost Control,None Indicated,None apparent,Daylight,Ice/frost,Clear,"Surface condition (e.g., wet, icy)",Non-intersection:  Non-junction/no special feature,Paved,,Property Damage Only,0,0,0,0,0,0,8000,1,1,Westbound (WB),POINT (-93.618873629718 41.649574125405)
20251468496,25-001497,02/13/2025,02-February,5-Thursday,08:31,0800 Hours,District 4 (Southwest),COUNCIL BLUFFS,POTTAWATTAMIE,77,2400 23RD AVE,Collision with fixed object:  Snow bank,On Roadway,Non-collision (single vehicle),Ran off road - right,None Indicated,None apparent,Daylight,Snow,Clear,"Surface condition (e.g., wet, icy)",Non-intersection:  Non-junction/no special feature,Paved,,Possible/Unknown,0,1,0,0,1,0,8000,1,1,Southbound (SB),POINT (-95.882877316799 41.240087612991)
20251468386,20250003751,02/13/2025,02-February,5-Thursday,01:40,0100 Hours,District 1 (Central),DES MOINES,POLK,77,37TH ST AND INGERSOLL AVE,Collision with fixed object:  Other post/pole/support (explain in narrative),On Roadway,Non-collision (single vehicle),Driving too fast for conditions,Alcohol (Statutory),None apparent,Dark - roadway lighted,Snow,Clear,None apparent,Non-intersection:  Non-junction/no special feature,Paved,,Property Damage Only,0,0,0,0,0,0,6000,1,1,Southbound (SB),POINT (-93.66677431595 41.586345937459)
20251468655,20250003821,02/13/2025,02-February,5-Thursday,15:24,1500 Hours,District 1 (Central),DES MOINES,POLK,I-235,I 235 E,Collision with:  Vehicle in traffic,On Roadway,Rear-end (front to rear),Other (explain in narrative):  Other,None Indicated,None apparent,Daylight,Dry,Clear,None apparent,Non-intersection:  Non-junction/no special feature,Paved,,Property Damage Only,0,0,0,0,0,0,7000,2,2,Southbound (SB),POINT (-93.580140634541 41.603596230849)
20251468927,25-000659,02/13/2025,02-February,5-Thursday,16:57,1600 Hours,District 1 (Central),ANKENY,POLK,77,2300-B SE DELAWARE AVE,Collision with:  Vehicle in traffic,On Roadway,Rear-end (front to rear),Other (explain in narrative):  Other,None Indicated,None apparent,Daylight,Snow,Clear,"Surface condition (e.g., wet, icy)",Non-intersection:  Non-junction/no special feature,Paved,,Property Damage Only,0,0,0,0,0,0,4500,2,3,Northbound (NB),POINT (-93.581158256874 41.706200610427)
20251468768,25-001143,02/13/2025,02-February,5-Thursday,07:39,0700 Hours,District 5 (Southeast),,MONROE,IA-137,IA 137 N,Collision with:  Vehicle in traffic,On Roadway,Rear-end (front to rear),Driving too fast for conditions,None Indicated,None apparent,Daylight,Snow,Clear,"Surface condition (e.g., wet, icy)",Non-intersection:  Non-junction/no special feature,Paved,,Possible/Unknown,0,1,0,0,1,0,4500,2,2,Northbound (NB),POINT (-92.640657844467 41.147019055751)
20251468717,25SC03996,02/13/2025,02-February,5-Thursday,16:47,1600 Hours,District 3 (Northwest),SIOUX CITY,WOODBURY,77,FLOYD BLVD,Collision with:  Vehicle in traffic,On Roadway,Broadside (front to side),FTYROW:  Making left turn,None Indicated,None apparent,Daylight,Wet,Clear,None apparent,Non-intersection:  Non-junction/no special feature,Paved,,Property Damage Only,0,0,0,0,0,0,3000,2,3,Northbound (NB),POINT (-96.375063421043 42.527141578672)
20251468736,39022500396,02/13/2025,02-February,5-Thursday,09:42,0900 Hours,District 4 (Southwest),,GUTHRIE,77,WHITE POLE RD,Collision with fixed object:  Guardrail - face,On Roadway,Non-collision (single vehicle),Driving too fast for conditions,None Indicated,Weather conditions,Daylight,Ice/frost,Clear,"Surface condition (e.g., wet, icy)",Non-intersection:  Non-junction/no special feature,Paved,,Property Damage Only,0,0,0,0,0,0,5000,1,2,Southbound (SB),POINT (-94.367223040107 41.517973857019)
20251468582,2025003980,02/13/2025,02-February,5-Thursday,05:50,0500 Hours,District 1 (Central),,POLK,I-80,INTERSTATE 80 E 132.3MM,Collision with:  Other non-fixed object (explain in narrative),Shoulder,"Sideswipe, same direction",Driving too fast for conditions,None Indicated,None apparent,Dark - roadway not lighted,Ice/frost,Clear,"Surface condition (e.g., wet, icy)",Non-intersection:  Non-junction/no special feature,Paved,,Major Injury,0,2,1,1,0,0,28000,2,2,Southbound (SB),POINT (-93.684161820027 41.651410807547)
20251468760,202500002016,02/13/2025,02-February,5-Thursday,09:10,0900 Hours,District 4 (Southwest),,DALLAS,I-80,I 80 W,Collision with:  Vehicle in traffic,On Roadway,Other (explain in narrative),Lost Control,None Indicated,None apparent,Daylight,Ice/frost,Clear,"Surface condition (e.g., wet, icy)",Non-intersection:  Non-junction/no special feature,Paved,,Possible/Unknown,0,1,0,0,1,0,5500,2,3,Westbound (WB),POINT (-93.968763313208 41.5451156778)
20251468514,W25-012285,02/13/2025,02-February,5-Thursday,07:39,0700 Hours,District 2 (Northeast),WATERLOO,BLACK HAWK,US 218,US 218 N MM 185,Collision with fixed object:  Guardrail - face,On Roadway,Non-collision (single vehicle),Lost Control,None Indicated,None apparent,Daylight,Ice/frost,Clear,"Surface condition (e.g., wet, icy)",Non-intersection:  Non-junction/no special feature,Paved,,Property Damage Only,0,0,0,0,0,0,5000,1,1,Northbound (NB),POINT (-92.391675872824 42.538559721431)
20251468866,2025-001032,02/13/2025,02-February,5-Thursday,16:30,1600 Hours,District 6 (East Central),DUBUQUE,DUBUQUE,US 61,US 61 S,Collision with:  Vehicle in traffic,On Roadway,"Sideswipe, same direction",Other (explain in narrative):  No improper action,None Indicated,None apparent,Daylight,Wet,Clear,None apparent,Interchange-related:  On-ramp merge area,Paved,,Property Damage Only,0,0,0,0,0,0,2500,2,2,Eastbound (EB),POINT (-90.665412145506 42.483248889217)
20251469062,25-00214,02/13/2025,02-February,5-Thursday,16:45,1600 Hours,District 4 (Southwest),CLIVE,DALLAS,US 6,US 6 E/NW 142ND ST,Collision with:  Vehicle in traffic,On Roadway,Rear-end (front to rear),Driver Distraction:  Inattentive/lost in thought,None Indicated,None apparent,Daylight,Dry,Clear,None apparent,Non-intersection:  Non-junction/no special feature,Paved,,Property Damage Only,0,0,0,0,0,0,10000,2,2,Southbound (SB),POINT (-93.815322457719 41.614832954194)
20251468480,202500001789,02/13/2025,02-February,5-Thursday,09:05,0900 Hours,District 6 (East Central),MARION,LINN,77,WINSLOW RD/ROLLING GLEN DR,Collision with:  Vehicle in traffic,On Roadway,Broadside (front to side),FTYROW:  Making left turn,None Indicated,None apparent,Daylight,Snow,Snow,"Slippery, loose, or worn surface",Intersection:  T-intersection,Paved,,Property Damage Only,0,0,0,0,0,0,5500,2,2,Northbound (NB),POINT (-91.589250982417 42.063433444336)
20251468557,W25-012307,02/13/2025,02-February,5-Thursday,09:04,0900 Hours,District 2 (Northeast),WATERLOO,BLACK HAWK,77,WEST 3RD ST AND US 63 S,Collision with:  Vehicle in traffic,On Roadway,Broadside (front to side),Driving too fast for conditions,None Indicated,None apparent,Daylight,Ice/frost,Clear,"Surface condition (e.g., wet, icy)",Intersection:  Four-way intersection,Paved,,Property Damage Only,0,0,0,0,0,0,2500,2,3,Northbound (NB),POINT (-92.371712641012 42.486668586885)
20251468923,2025001337,02/13/2025,02-February,5-Thursday,16:50,1600 Hours,District 6 (East Central),IOWA CITY,JOHNSON,IA-1,N DODGE ST/ACT CIRCLE,Collision with:  Vehicle in traffic,Outside trafficway,"Sideswipe, opposite direction",Lost Control,None Indicated,None apparent,Daylight,Snow,Clear,None apparent,Intersection:  T-intersection,Paved,,Property Damage Only,0,0,0,0,0,0,6000,2,6,Northbound (NB),POINT (-91.503870779613 41.683303247203)
20251469064,25-00216,02/13/2025,02-February,5-Thursday,17:45,1700 Hours,District 1 (Central),CLIVE,POLK,I-80,"I 80 E, MILE MARKER 124 NEAR UNIVERSITY OFF RAMP",Collision with:  Vehicle in traffic,On Roadway,Rear-end (front to rear),Other (explain in narrative):  Other,None Indicated,None apparent,Dusk,Dry,Clear,None apparent,"Interchange-related:  Off-ramp, diverge area",Paved,,Property Damage Only,0,0,0,0,0,0,1525,2,2,Southbound (SB),POINT (-93.776684105447 41.610632942938)
20251468778,25-000640,02/13/2025,02-February,5-Thursday,07:35,0700 Hours,District 1 (Central),ANKENY,POLK,IA-160,IA 160 E AND SE PEACHTREE DR,Collision with:  Vehicle in traffic,On Roadway,Other (explain in narrative),Other (explain in narrative):  Other,None Indicated,Weather conditions,Daylight,Ice/frost,Clear,"Surface condition (e.g., wet, icy)",Intersection:  Four-way intersection,Paved,,Property Damage Only,0,0,0,0,0,0,4500,3,5,Southbound (SB),POINT (-93.594036685349 41.702883205731)
20251468389,2025-001006,02/13/2025,02-February,5-Thursday,04:43,0400 Hours,District 6 (East Central),,DUBUQUE,US 52,"RAMP US 61 N TO OROURKE LANE, E MEASURING 700 FEET EAST FROM US 52 S",Collision with fixed object:  Ditch,Roadside,Non-collision (single vehicle),Ran off road - straight,None Indicated,Weather conditions,Dark - roadway not lighted,Snow,Clear,"Surface condition (e.g., wet, icy)",Interchange-related:  Off-ramp,Paved,,Property Damage Only,0,0,0,0,0,0,4500,1,1,Eastbound (EB),POINT (-90.681925560065 42.434046200244)
20251468443,2025-001007,02/13/2025,02-February,5-Thursday,05:59,0500 Hours,District 6 (East Central),DUBUQUE,DUBUQUE,US 61,US 61 N MEASURING 3509 FEET NORTH FROM US 52 S,Collision with:  Vehicle in traffic,On Roadway,Rear-end (front to rear),Lost Control,None Indicated,Weather conditions,Dawn,Ice/frost,Blowing snow,"Surface condition (e.g., wet, icy)",Non-intersection:  Non-junction/no special feature,Paved,,Possible/Unknown,0,1,0,0,1,0,23000,2,2,Northbound (NB),POINT (-90.66850950247 42.468318231187)
20251469856,2025004070,02/13/2025,02-February,5-Thursday,20:00,2000 Hours,District 4 (Southwest),,HARRISON,I-29,I 29 77MM SB,Collision with fixed object:  Cable barrier,Median,Non-collision (single vehicle),Ran off road - left,None Indicated,None apparent,Dark - roadway not lighted,Dry,Clear,None apparent,Non-intersection:  Non-junction/no special feature,Paved,,Minor Injury,0,1,0,1,0,0,32000,1,1,Eastbound (EB),POINT (-95.919926210669 41.567948829557)
20251469348,FD25-0406,02/13/2025,02-February,5-Thursday,16:30,1600 Hours,District 1 (Central),FORT DODGE,WEBSTER,77,2ND AVE S AND S 20TH ST,Collision with:  Vehicle in traffic,On Roadway,Broadside (front to side),FTYROW:  From yield sign,None Indicated,Weather conditions,Daylight,Dry,Snow,"Surface condition (e.g., wet, icy)",Intersection:  Four-way intersection,Paved,,Possible/Unknown,0,1,0,0,1,0,4000,2,3,Northbound (NB),POINT (-94.170808356172 42.50416807689)
20251468962,25000842,02/13/2025,02-February,5-Thursday,18:23,1800 Hours,District 3 (Northwest),,CHEROKEE,77,610TH ST,Collision with:  Animal,Unknown,Non-collision (single vehicle),Animal,None Indicated,Animal in roadway,,,,,,Paved,,Property Damage Only,0,0,0,0,0,0,1500,1,1,Southbound (SB),POINT (-95.68499070105 42.633265518553)
20251468384,2025-6228,02/13/2025,02-February,5-Thursday,01:44,0100 Hours,District 6 (East Central),,SCOTT,I-80,I 80 W,Collision with fixed object:  Cable barrier,Median,Non-collision (single vehicle),Driving too fast for conditions,None Indicated,Weather conditions,Dark - roadway not lighted,Ice/frost,Snow,"Surface condition (e.g., wet, icy)",Non-intersection:  Non-junction/no special feature,Paved,,Property Damage Only,0,0,0,0,0,0,18300,1,2,Westbound (WB),POINT (-90.803699704048 41.621724224772)
20251469397,2.50012e+007,02/13/2025,02-February,5-Thursday,15:12,1500 Hours,District 6 (East Central),MANCHESTER,DELAWARE,77,NEW ST,Collision with:  Vehicle in traffic,On Roadway,Rear-end (front to rear),Other (explain in narrative):  No improper action,None Indicated,None apparent,Daylight,Snow,Clear,None apparent,Non-intersection:  Non-junction/no special feature,Paved,,Property Damage Only,0,0,0,0,0,0,7300,2,2,Northbound (NB),POINT (-91.453846883884 42.490514467965)
20251468668,25-00699,02/13/2025,02-February,5-Thursday,18:50,1800 Hours,District 1 (Central),WEST DES MOINES,POLK,77,WISTFUL VISTA DR,Collision with:  Vehicle in traffic,On Roadway,"Sideswipe, same direction",Passing:  Other passing (explain in narrative),None Indicated,None apparent,Dark - roadway lighted,Ice/frost,Clear,"Surface condition (e.g., wet, icy)","Non-intersection:  Driveway access (related, not in)",Paved,,Property Damage Only,0,0,0,0,0,0,7000,2,2,Southbound (SB),POINT (-93.790283539735 41.569440361344)
20251468610,2025-001026,02/13/2025,02-February,5-Thursday,16:07,1600 Hours,District 6 (East Central),DUBUQUE,DUBUQUE,77,CEDAR CROSS RD MEASURING 131 FEET EAST FROM NIGHTENGALE LANE,Collision with:  Vehicle in traffic,On Roadway,Rear-end (front to rear),Driver Distraction:  Exterior distraction,None Indicated,Glare,Daylight,Dry,Clear,None apparent,Non-intersection:  Non-junction/no special feature,Paved,,Property Damage Only,0,0,0,0,0,0,8000,2,2,Northbound (NB),POINT (-90.716324704121 42.483680827221)
20251468556,W25-012284,02/13/2025,02-February,5-Thursday,07:34,0700 Hours,District 2 (Northeast),WATERLOO,BLACK HAWK,77,LANE ST AND VINE ST,Collision with:  Vehicle in traffic,On Roadway,Head-on (front to front),Crossed centerline (undivided),None Indicated,None apparent,Daylight,Snow,Clear,"Surface condition (e.g., wet, icy)",Intersection:  L-intersection,Paved,,Property Damage Only,0,0,0,0,0,0,4000,2,2,Northbound (NB),POINT (-92.325242555107 42.501498193471)
20251468933,25-001338,02/13/2025,02-February,5-Thursday,10:00,1000 Hours,District 4 (Southwest),,FREMONT,I-29,RAMP I 29 S TO IA 2 E,Collision with:  Vehicle in traffic,On Roadway,Rear-end (front to rear),Lost Control,None Indicated,Weather conditions,Daylight,Snow,Clear,"Surface condition (e.g., wet, icy)",Non-intersection:  Non-junction/no special feature,Paved,,Property Damage Only,0,0,0,0,0,0,7000,2,2,Eastbound (EB),POINT (-95.784408864223 40.68966753633)