Iowa DOT Case Number,Law Enforcement Case Number,Date of Crash,Month of Crash,Day of Week,Time of Crash,Hour,DOT District,City Name,County Name,Route with System,Location Description,First Harmful Event,Location of First Harmful Event,Manner of Crash/Collision,Major Cause,Drug or Alcohol ,Environmental Conditions,Light Conditions,Surface Conditions,Weather Conditions,Roadway Contribution,Roadway Type,Roadway Surface,Work Zone,Crash Severity,Number of Fatalities,Number of Injuries,Number of Major Injuries,Number of Minor Injuries,Number of Possible Injuries,Number of Unknown Injuries,Amount of Property Damage,Number of Vehicles Involved,Total Number of Occupants,Travel Direction,Location
20251469582,,02/13/2025,02-February,5-Thursday,07:50,0700 Hours,District 6 (East Central),CEDAR RAPIDS,LINN,77,40TH ST NE and C AVE NE,Collision with:  Vehicle in traffic,On Roadway,"Angle, oncoming left turn",Unknown,None Indicated,,Dawn,Snow,Snow,,Intersection:  Four-way intersection,Paved,,Property Damage Only,0,0,0,0,0,0,9500,2,2,Southbound (SB),POINT (-91.638449679437 42.019527464705)
20251468612,2025-001028,02/13/2025,02-February,5-Thursday,16:53,1600 Hours,District 6 (East Central),DUBUQUE,DUBUQUE,US 61,US 61 S,Collision with:  Vehicle in traffic,On Roadway,"Sideswipe, same direction",Other (explain in narrative):  No improper action,None Indicated,None apparent,Dusk,Wet,Clear,None apparent,Interchange-related:  On-ramp merge area,Paved,,Property Damage Only,0,0,0,0,0,0,3000,2,3,Eastbound (EB),POINT (-90.665412145506 42.483248889217)
20251468669,25SO-0259,02/13/2025,02-February,5-Thursday,20:15,2000 Hours,District 2 (Northeast),,HUMBOLDT,77,LONE TREE RD,Collision with:  Animal,Unknown,Non-collision (single vehicle),Animal,None Indicated,Animal in roadway,,,,,,Paved,,Property Damage Only,0,0,0,0,0,0,3000,1,2,Northbound (NB),POINT (-94.181207256596 42.710234361914)
20251468758,2025-00187,02/13/2025,02-February,5-Thursday,15:14,1500 Hours,District 4 (Southwest),WAUKEE,DALLAS,77,S WARRIOR LANE/ HICMAN,Collision with:  Vehicle in traffic,On Roadway,Rear-end (front to rear),Followed too close,None Indicated,Weather conditions,Daylight,Wet,Clear,Other (explain in narrative),Non-intersection:  Non-junction/no special feature,Paved,,Property Damage Only,0,0,0,0,0,0,3000,2,32,Northbound (NB),POINT (-93.872208495868 41.614415412454)
20251468671,2025-001030,02/13/2025,02-February,5-Thursday,15:07,1500 Hours,District 6 (East Central),DUBUQUE,DUBUQUE,77,WHITE ST,Collision with:  Parked motor vehicle,On Roadway,"Sideswipe, same direction",Failed to keep in proper lane,None Indicated,None apparent,Daylight,Slush,Clear,None apparent,Non-intersection:  Non-junction/no special feature,Paved,,Property Damage Only,0,0,0,0,0,0,1500,2,1,Northbound (NB),POINT (-90.669741778139 42.512117734946)
20251468397,20250003754,02/13/2025,02-February,5-Thursday,03:45,0300 Hours,District 1 (Central),DES MOINES,POLK,77,SW 13TH ST MEASURING 334 FEET NORTH FROM THORNTON AVE,Collision with:  Parked motor vehicle,On Roadway,"Sideswipe, same direction",Other (explain in narrative):  Other,None Indicated,None apparent,Dark - roadway lighted,Snow,Clear,"Surface condition (e.g., wet, icy)",Non-intersection:  Non-junction/no special feature,Paved,,Property Damage Only,0,0,0,0,0,0,2000,2,1,Northbound (NB),POINT (-93.632938091285 41.552759898371)
20251469706,202501946,02/13/2025,02-February,5-Thursday,08:38,0800 Hours,District 6 (East Central),CEDAR RAPIDS,LINN,77,29TH ST NW AND EDGEWOOD RD NW,Collision with:  Vehicle in traffic,On Roadway,"Sideswipe, same direction",Ran off road - right,None Indicated,None apparent,Daylight,Snow,Clear,"Surface condition (e.g., wet, icy)",Intersection:  Four-way intersection,Paved,,Property Damage Only,0,0,0,0,0,0,8000,2,2,Northbound (NB),POINT (-91.709842862638 41.996836499662)
20251469565,0,02/13/2025,02-February,5-Thursday,22:49,2200 Hours,District 2 (Northeast),,BREMER,77,212TH ST,Collision with:  Animal,Unknown,Non-collision (single vehicle),Animal,None Indicated,Animal in roadway,,,,,,Paved,,Property Damage Only,0,0,0,0,0,0,4500,1,1,Southbound (SB),POINT (-92.444030001993 42.741173036231)
20251468423,20250003762,02/13/2025,02-February,5-Thursday,06:14,0600 Hours,District 1 (Central),DES MOINES,POLK,I-235,"I 235 E MEASURING 2794 FEET EAST FROM RAMP KEOSAUQUA WAY, N TO N TO STATE OF IOWA, I 235 E",Collision with fixed object:  Curb/island/raised median,On Roadway,Non-collision (single vehicle),Ran off road - left,None Indicated,Weather conditions,Dark - roadway lighted,Ice/frost,Clear,"Surface condition (e.g., wet, icy)",Non-intersection:  Crossover-related,Paved,,Property Damage Only,0,0,0,0,0,0,3000,1,1,Southbound (SB),POINT (-93.625149996013 41.595686127837)
20251468645,202500497,02/13/2025,02-February,5-Thursday,10:03,1000 Hours,District 6 (East Central),,LINN,US 30,US 30 W MEASURING 1272 FEET EAST FROM OLD RIVER RD,Collision with fixed object:  Bridge/bridge rail parapet,On Roadway,Non-collision (single vehicle),Other (explain in narrative):  No improper action,None Indicated,Weather conditions,Daylight,Ice/frost,Clear,"Surface condition (e.g., wet, icy)",Non-intersection:  Non-junction/no special feature,Paved,,Possible/Unknown,0,1,0,0,1,0,10000,1,1,Westbound (WB),POINT (-91.550936894115 41.926158252537)
20251469325,25012149,02/13/2025,02-February,5-Thursday,09:43,0900 Hours,District 6 (East Central),EPWORTH,DUBUQUE,US 20,"RAMP US 20 W TO PLACID RD, N",Collision with:  Vehicle in traffic,On Roadway,Other (explain in narrative),Lost Control,None Indicated,Weather conditions,Daylight,Snow,Clear,"Surface condition (e.g., wet, icy)",Non-intersection:  Non-junction/no special feature,Paved,,Property Damage Only,0,0,0,0,0,0,2000,2,2,Westbound (WB),POINT (-90.928659795052 42.440006200552)
20251468846,25-876,02/13/2025,02-February,5-Thursday,12:58,1200 Hours,District 3 (Northwest),,IDA,77,QUAIL AVE,Collision with fixed object:  Ditch,On Roadway,Non-collision (single vehicle),Ran off road - right,Under Influence of Alcohol/Drugs/Medications,None apparent,Daylight,Dry,Clear,None apparent,Non-intersection:  Non-junction/no special feature,Paved,,Property Damage Only,0,0,0,0,0,0,1900,1,1,Northbound (NB),POINT (-95.342208607563 42.399200047528)
20251468675,20250003820,02/13/2025,02-February,5-Thursday,14:51,1400 Hours,District 1 (Central),DES MOINES,POLK,US 69,US 69 S MEASURING 376 FEET SOUTH FROM EAST EMMA AVE,Collision with:  Vehicle in traffic,On Roadway,Rear-end (front to rear),Followed too close,None Indicated,None apparent,Daylight,Wet,Clear,None apparent,Non-intersection:  Non-junction/no special feature,Paved,,Property Damage Only,0,0,0,0,0,0,1500,2,2,Eastbound (EB),POINT (-93.596918665833 41.542513038892)
20251468605,2025-001014,02/13/2025,02-February,5-Thursday,10:18,1000 Hours,District 6 (East Central),DUBUQUE,DUBUQUE,US 20,4400 BLOCK DODGE ST,Collision with:  Vehicle in traffic,On Roadway,"Sideswipe, same direction",Other (explain in narrative):  No improper action,None Indicated,None apparent,Daylight,Wet,Clear,"Surface condition (e.g., wet, icy)",Non-intersection:  Non-junction/no special feature,Paved,,Property Damage Only,0,0,0,0,0,0,1500,2,3,Southbound (SB),POINT (-90.740941224377 42.487969145435)
20251468607,2025-001017,02/13/2025,02-February,5-Thursday,06:19,0600 Hours,District 6 (East Central),DUBUQUE,DUBUQUE,77,ASBURY RD MEASURING 130 FEET EAST FROM CLARKE DR,Collision with:  Parked motor vehicle,On Roadway,Rear-end (front to rear),Lost Control,None Indicated,None apparent,Dark - roadway lighted,Slush,Clear,"Surface condition (e.g., wet, icy)",Non-intersection:  Non-junction/no special feature,Paved,,Possible/Unknown,0,1,0,0,0,1,19500,2,1,Northbound (NB),POINT (-90.701531410617 42.504907495705)
20251468588,W25-012288,02/13/2025,02-February,5-Thursday,07:57,0700 Hours,District 2 (Northeast),WATERLOO,BLACK HAWK,77,WAKONDA DR AND CANDLEWICK RD,Collision with:  Vehicle in traffic,On Roadway,Head-on (front to front),Crossed centerline (undivided),None Indicated,Glare,Daylight,Snow,Clear,None apparent,Intersection:  Other intersection (explain in narrative),Paved,,Property Damage Only,0,0,0,0,0,0,9000,2,3,Southbound (SB),POINT (-92.376096833721 42.527903173216)
20251468585,25-000641,02/13/2025,02-February,5-Thursday,07:57,0700 Hours,District 1 (Central),ANKENY,POLK,77,800-BLK SW PRAIRIE TRAIL PARKWAY,Collision with:  Parked motor vehicle,On Roadway,Rear-end (front to rear),Lost Control,None Indicated,Weather conditions,Daylight,Snow,Clear,"Surface condition (e.g., wet, icy)",Non-intersection:  Non-junction/no special feature,Paved,,Property Damage Only,0,0,0,0,0,0,8000,2,1,Southbound (SB),POINT (-93.608221506792 41.712077280181)
20251468837,202500495,02/13/2025,02-February,5-Thursday,09:40,0900 Hours,District 6 (East Central),,LINN,US 30,US 30 W,Collision with fixed object:  Bridge/bridge rail parapet,On Roadway,Non-collision (single vehicle),Driving too fast for conditions,None Indicated,Weather conditions,Daylight,Ice/frost,Other (explain in narrative),"Surface condition (e.g., wet, icy)",Non-intersection:  Other non-intersection (explain in narrative),Paved,,Property Damage Only,0,0,0,0,0,0,10000,1,1,Westbound (WB),POINT (-91.550864552785 41.926157339434)
20251468513,W25-012280,02/13/2025,02-February,5-Thursday,06:56,0600 Hours,District 2 (Northeast),WATERLOO,BLACK HAWK,US 218,US 218 N / 800 BLK WASHINGTON ST,Collision with:  Vehicle in traffic,On Roadway,Other (explain in narrative),Driving too fast for conditions,None Indicated,None apparent,Daylight,Snow,Clear,"Surface condition (e.g., wet, icy)",Non-intersection:  Non-junction/no special feature,Paved,,Possible/Unknown,0,2,0,0,2,0,3000,2,2,Northbound (NB),POINT (-92.340612528396 42.49238369768)
20251468657,20250003826,02/13/2025,02-February,5-Thursday,15:34,1500 Hours,District 1 (Central),DES MOINES,POLK,77,EAST PARK AVE AND INDIANOLA AVE,Collision with:  Vehicle in traffic,On Roadway,Rear-end (front to rear),Followed too close,None Indicated,None apparent,Daylight,Wet,Clear,None apparent,Intersection:  Four-way intersection,Paved,,Property Damage Only,0,0,0,0,0,0,1500,2,4,Northbound (NB),POINT (-93.598763521559 41.555347881947)
20251468474,25SC03959,02/13/2025,02-February,5-Thursday,10:15,1000 Hours,District 3 (Northwest),SIOUX CITY,WOODBURY,77,SUNNYBROOK DR AND SOUTH LAKEPORT ST,Collision with:  Vehicle in traffic,On Roadway,"Sideswipe, same direction",Improper or erratic lane changing,None Indicated,None apparent,Daylight,Slush,Clear,"Surface condition (e.g., wet, icy)",Intersection:  T-intersection,Paved,,Property Damage Only,0,0,0,0,0,0,2000,2,2,Northbound (NB),POINT (-96.345635607669 42.455473953439)
20251468635,CLP25000357,02/13/2025,02-February,5-Thursday,14:59,1400 Hours,District 6 (East Central),CLINTON,CLINTON,77,1100 BLK NORTH 11TH ST,Collision with:  Parked motor vehicle,On Roadway,Rear-end (front to rear),"Driver Distraction:  Adjusting devices (radio, climate)",None Indicated,None apparent,Daylight,Slush,Clear,None apparent,Non-intersection:  Non-junction/no special feature,Paved,,Property Damage Only,0,0,0,0,0,0,3000,2,2,Northbound (NB),POINT (-90.21136016108 41.857840617761)
20251468505,25-1061,02/13/2025,02-February,5-Thursday,09:20,0900 Hours,District 1 (Central),GRIMES,POLK,77,1100 SE GATEWAY DR,Collision with:  Vehicle in traffic,On Roadway,Broadside (front to side),FTYROW:  From stop sign,None Indicated,None apparent,Daylight,Wet,Clear,None apparent,Intersection:  Four-way intersection,Paved,,Property Damage Only,0,0,0,0,0,0,10000,2,2,Northbound (NB),POINT (-93.777614198634 41.680035577379)
20251468530,25-001505,02/13/2025,02-February,5-Thursday,11:38,1100 Hours,District 4 (Southwest),COUNCIL BLUFFS,POTTAWATTAMIE,77,44TH AVE,Collision with:  Vehicle in traffic,On Roadway,"Sideswipe, same direction",Other (explain in narrative):  No improper action,None Indicated,None apparent,Daylight,Wet,Clear,None apparent,Non-intersection:  Non-junction/no special feature,Paved,,Property Damage Only,0,0,0,0,0,0,4500,2,2,Southbound (SB),POINT (-95.871846336588 41.215433839337)
20251468606,2025-001016,02/13/2025,02-February,5-Thursday,11:35,1100 Hours,District 6 (East Central),DUBUQUE,DUBUQUE,77,MAIN ST AND WEST 9TH ST,Collision with:  Vehicle in traffic,On Roadway,Rear-end (front to rear),Lost Control,None Indicated,None apparent,Daylight,Slush,Clear,"Surface condition (e.g., wet, icy)",Intersection:  Four-way intersection,Paved,,Property Damage Only,0,0,0,0,0,0,2000,2,3,Southbound (SB),POINT (-90.667623200356 42.50166459369)
20251468798,25-002025,02/13/2025,02-February,5-Thursday,16:25,1600 Hours,District 3 (Northwest),SPIRIT LAKE,DICKINSON,77,HILL AVE AND 16TH ST,Collision with:  Vehicle in traffic,On Roadway,Rear to rear,Passing:  Through/around barrier,None Indicated,None apparent,Daylight,Snow,Clear,None apparent,Non-intersection:  Non-junction/no special feature,Paved,,Property Damage Only,0,0,0,0,0,0,3800,2,2,Northbound (NB),POINT (-95.102291678284 43.424553229237)
20251468651,2025-6305,02/13/2025,02-February,5-Thursday,14:47,1400 Hours,District 6 (East Central),DONAHUE,SCOTT,77,1000 BLOCK S MAIN ST,Collision with fixed object:  Ditch,On Roadway,Non-collision (single vehicle),Driver Distraction:  Inattentive/lost in thought,None Indicated,None apparent,Daylight,Snow,Clear,None apparent,Non-intersection:  Non-junction/no special feature,Paved,,Property Damage Only,0,0,0,0,0,0,5200,1,1,Northbound (NB),POINT (-90.675472960481 41.686515016039)
20251468719,25SC04008,02/13/2025,02-February,5-Thursday,18:25,1800 Hours,District 3 (Northwest),SIOUX CITY,WOODBURY,77,3RD ST AND WESLEY PARKWAY,Collision with:  Vehicle in traffic,On Roadway,Rear-end (front to rear),Lost Control,None Indicated,None apparent,Dark - roadway lighted,Wet,Clear,None apparent,Intersection:  Four-way intersection,Paved,,Possible/Unknown,0,1,0,0,1,0,2500,2,2,Northbound (NB),POINT (-96.411523436006 42.493374555829)
20251468618,2025-001031,02/13/2025,02-February,5-Thursday,17:52,1700 Hours,District 6 (East Central),DUBUQUE,DUBUQUE,77,ASBURY RD,Collision with:  Vehicle in traffic,On Roadway,Broadside (front to side),FTYROW:  Other (explain in narrative),None Indicated,None apparent,Dark - roadway lighted,Dry,Clear,None apparent,Non-intersection:  Non-junction/no special feature,Paved,,Property Damage Only,0,0,0,0,0,0,5000,2,2,Northbound (NB),POINT (-90.721873548224 42.512806226608)
20251468613,25-000255,02/13/2025,02-February,5-Thursday,13:36,1300 Hours,District 1 (Central),ALTOONA,POLK,77,1ST AVE SOUTH AND 8TH ST SW AND 8TH ST SE,Collision with:  Vehicle in traffic,On Roadway,Rear-end (front to rear),Driving too fast for conditions,None Indicated,None apparent,Daylight,Snow,Clear,"Surface condition (e.g., wet, icy)",Intersection:  Four-way intersection,Paved,,Property Damage Only,0,0,0,0,0,0,5000,2,3,Northbound (NB),POINT (-93.464614247307 41.644032167646)
20251468667,25-00696,02/13/2025,02-February,5-Thursday,16:20,1600 Hours,District 1 (Central),WEST DES MOINES,DALLAS,I-80,I 80 W,Collision with:  Vehicle in traffic,On Roadway,Rear-end (front to rear),Followed too close,None Indicated,None apparent,Daylight,Dry,Clear,None apparent,Non-intersection:  Non-junction/no special feature,Paved,,Property Damage Only,0,0,0,0,0,0,7000,2,2,Westbound (WB),POINT (-93.826990532112 41.583008283299)
20251469278,25009100,02/13/2025,02-February,5-Thursday,11:54,1100 Hours,District 1 (Central),MARSHALLTOWN,MARSHALL,77,LINCOLN WAY,Collision with fixed object:  Tree,Outside trafficway,Non-collision (single vehicle),Lost Control,None Indicated,None apparent,Daylight,Dry,Snow,"Surface condition (e.g., wet, icy)",Non-intersection:  Non-junction/no special feature,Paved,,Property Damage Only,0,0,0,0,0,0,6000,1,1,Southbound (SB),POINT (-92.949350954318 42.040084343709)
20251468702,2025-6225,02/13/2025,02-February,5-Thursday,00:52,0000 Hours,District 6 (East Central),,SCOTT,I-80,I 80 W,Collision with fixed object:  Utility pole/light support,Outside trafficway,Non-collision (single vehicle),Ran off road - right,None Indicated,Weather conditions,Dark - roadway lighted,Ice/frost,Severe winds,"Surface condition (e.g., wet, icy)",Non-intersection:  Non-junction/no special feature,Paved,,Property Damage Only,0,0,0,0,0,0,11000,1,1,Westbound (WB),POINT (-90.789496713281 41.617966364075)
20251468753,2025003976,02/13/2025,02-February,5-Thursday,02:21,0200 Hours,District 6 (East Central),,SCOTT,I-80,I 80 WB MM 284,Collision with fixed object:  Fence,Other (explain in narrative),Non-collision (single vehicle),Driving too fast for conditions,None Indicated,Weather conditions,Dark - roadway not lighted,Wet,Clear,"Surface condition (e.g., wet, icy)",Non-intersection:  Non-junction/no special feature,Paved,,Property Damage Only,0,0,0,0,0,0,4000,1,1,Westbound (WB),POINT (-90.799380047207 41.620272592785)
20251468579,202500001787,02/13/2025,02-February,5-Thursday,08:15,0800 Hours,District 6 (East Central),MARION,LINN,77,29TH AVE/35TH ST,Collision with:  Vehicle in traffic,On Roadway,Rear-end (front to rear),Driving too fast for conditions,None Indicated,None apparent,Daylight,Snow,Clear,"Surface condition (e.g., wet, icy)",Intersection:  Roundabout,Paved,,Property Damage Only,0,0,0,0,0,0,9000,2,2,Northbound (NB),POINT (-91.57448197307 42.050443976233)
20251469630,25-002134,02/13/2025,02-February,5-Thursday,07:20,0700 Hours,District 3 (Northwest),SIOUX CENTER,SIOUX,77,4TH ST NW,Collision with:  Vehicle in traffic,On Roadway,Other (explain in narrative),Other (explain in narrative):  Other,None Indicated,None apparent,Dawn,Ice/frost,Clear,"Surface condition (e.g., wet, icy)","Non-intersection:  Driveway access (related, not in)",Paved,,Property Damage Only,0,0,0,0,0,0,2500,2,2,Southbound (SB),POINT (-96.181515006058 43.080822163785)
20251469413,0,02/14/2025,02-February,6-Friday,11:15,1100 Hours,District 5 (Southeast),FORT MADISON,LEE,77,AVE F AND 15TH ST,Collision with:  Vehicle in traffic,On Roadway,Broadside (front to side),FTYROW:  From stop sign,None Indicated,None apparent,Daylight,Dry,Clear,None apparent,Intersection:  Four-way intersection,Paved,,Property Damage Only,0,0,0,0,0,0,10000,2,2,Westbound (WB),POINT (-91.324521024617 40.632124220103)
20251469217,PDI20250121,02/14/2025,02-February,6-Friday,15:43,1500 Hours,District 1 (Central),GRINNELL,POWESHIEK,77,PENROSE ST,Collision with fixed object:  Mailbox,On Roadway,Non-collision (single vehicle),Driving too fast for conditions,None Indicated,None apparent,Daylight,Ice/frost,Cloudy,"Surface condition (e.g., wet, icy)",Non-intersection:  Non-junction/no special feature,Paved,,Property Damage Only,0,0,0,0,0,0,20300,1,3,Northbound (NB),POINT (-92.707983954626 41.756675879383)
20251468968,2025-001055,02/14/2025,02-February,6-Friday,16:15,1600 Hours,District 6 (East Central),DUBUQUE,DUBUQUE,77,KEY WAY AND JOHN F KENNEDY RD,Collision with:  Vehicle in traffic,On Roadway,Broadside (front to side),Lost Control,None Indicated,None apparent,Daylight,Snow,Snow,"Surface condition (e.g., wet, icy)",Intersection:  T-intersection,Paved,,Possible/Unknown,0,1,0,0,0,1,2000,2,2,Northbound (NB),POINT (-90.720516800192 42.510617979223)
20251468887,25-001539,02/14/2025,02-February,6-Friday,11:29,1100 Hours,District 4 (Southwest),COUNCIL BLUFFS,POTTAWATTAMIE,77,RAILRD HIGHWAY,Collision with:  Animal,On Roadway,Non-collision (single vehicle),Animal,None Indicated,None apparent,Daylight,Wet,Freezing rain/drizzle,None apparent,Non-intersection:  Non-junction/no special feature,Paved,,Minor Injury,0,1,0,1,0,0,1000,1,1,Northbound (NB),POINT (-95.805927072606 41.281564185807)
20251469489,0,02/14/2025,02-February,6-Friday,18:32,1800 Hours,District 4 (Southwest),WEST DES MOINES,DALLAS,77,1440 SE BISHOP DR,Collision with fixed object:  Utility pole/light support,On Roadway,Non-collision (single vehicle),Lost Control,Alcohol (Statutory),None apparent,Dusk,Wet,Clear,None apparent,Non-intersection:  Non-junction/no special feature,Paved,,Property Damage Only,0,0,0,0,0,0,15500,1,1,Southbound (SB),POINT (-93.837379615746 41.598794754953)
20251468890,FD25-0420,02/14/2025,02-February,6-Friday,13:41,1300 Hours,District 1 (Central),FORT DODGE,WEBSTER,77,11 N 25TH ST,Collision with:  Vehicle in traffic,On Roadway,Rear-end (front to rear),Other (explain in narrative):  Other,None Indicated,Weather conditions,Daylight,Snow,Snow,"Surface condition (e.g., wet, icy)",Non-intersection:  Non-junction/no special feature,Paved,,Property Damage Only,0,0,0,0,0,0,5500,2,2,Northbound (NB),POINT (-94.163130058383 42.504912692623)
20251468989,FD25-0423,02/14/2025,02-February,6-Friday,17:09,1700 Hours,District 1 (Central),FORT DODGE,WEBSTER,77,SOUTH 15TH ST,Collision with:  Vehicle in traffic,On Roadway,Rear-end (front to rear),Other (explain in narrative):  Other,None Indicated,Weather conditions,Dusk,Snow,Cloudy,"Surface condition (e.g., wet, icy)",Non-intersection:  Non-junction/no special feature,Paved,,Property Damage Only,0,0,0,0,0,0,1500,2,2,Eastbound (EB),POINT (-94.177726262412 42.501179337584)
20251469434,2.50005e+007,02/14/2025,02-February,6-Friday,11:31,1100 Hours,District 1 (Central),AMES,STORY,77,SEAGRAVE BLVD AND MORTENSEN RD,Collision with:  Vehicle in traffic,On Roadway,Rear-end (front to rear),Other (explain in narrative):  Other,None Indicated,None apparent,Daylight,Snow,Clear,None apparent,Intersection:  Four-way intersection,Paved,,Property Damage Only,0,0,0,0,0,0,8500,2,2,Northbound (NB),POINT (-93.671455321911 42.012021457473)
20251468947,25-001328,02/14/2025,02-February,6-Friday,17:30,1700 Hours,District 3 (Northwest),,MONONA,I-29,I 29 S,Collision with:  Struck/struck by object/cargo/person from other vehicle,On Roadway,Non-collision (single vehicle),Equipment failure,None Indicated,None apparent,Dusk,Dry,Clear,None apparent,Non-intersection:  Non-junction/no special feature,Paved,,Property Damage Only,0,0,0,0,0,0,5000,2,2,Eastbound (EB),POINT (-96.178259449485 42.084809838469)
20251468821,2025001362,02/14/2025,02-February,6-Friday,10:25,1000 Hours,District 6 (East Central),IOWA CITY,JOHNSON,IA-1,200 BLK OF S GOVERNOR ST,Collision with:  Vehicle in traffic,On Roadway,"Sideswipe, same direction",Other (explain in narrative):  Other,None Indicated,None apparent,Daylight,Dry,Cloudy,None apparent,"Non-intersection:  Driveway access (related, not in)",Paved,,Property Damage Only,0,0,0,0,0,0,6500,2,2,Northbound (NB),POINT (-91.522878672884 41.658068836717)
20251469511,2.50011e+007,02/14/2025,02-February,6-Friday,16:11,1600 Hours,District 1 (Central),,HAMILTON,I-35,I 35 S,Collision with:  Vehicle in traffic,On Roadway,"Sideswipe, same direction",Improper or erratic lane changing,None Indicated,Weather conditions,Daylight,Snow,Snow,"Surface condition (e.g., wet, icy)",Non-intersection:  Non-junction/no special feature,Paved,,Property Damage Only,0,0,0,0,0,0,2500,2,2,Eastbound (EB),POINT (-93.571420379956 42.231284184808)
20251469520,0,02/14/2025,02-February,6-Friday,01:37,0100 Hours,District 2 (Northeast),WATERLOO,BLACK HAWK,77,LAFAYETTE ST,Collision with:  Non-motorist (see non-motorist section - NOT a unit),On Roadway,Non-collision (single vehicle),Driving too fast for conditions,Alcohol (Statutory),None apparent,Dark - roadway lighted,Snow,Clear,"Surface condition (e.g., wet, icy)",Non-intersection:  Non-junction/no special feature,Paved,,Property Damage Only,0,0,0,0,0,0,20000,1,2,Northbound (NB),POINT (-92.294742136216 42.47989868332)
20251469488,0,02/14/2025,02-February,6-Friday,16:09,1600 Hours,District 4 (Southwest),WAUKEE,DALLAS,77,ALICES RD,Collision with:  Vehicle in traffic,On Roadway,Rear-end (front to rear),Other (explain in narrative):  Other,None Indicated,None apparent,Daylight,Wet,Cloudy,None apparent,Non-intersection:  Non-junction/no special feature,Paved,,Property Damage Only,0,0,0,0,0,0,4500,2,2,Northbound (NB),POINT (-93.852860182426 41.6289540031)
20251469421,0,02/14/2025,02-February,6-Friday,16:04,1600 Hours,District 1 (Central),,STORY,I-35,I 35 S,Collision with fixed object:  Guardrail - face,On Roadway,Non-collision (single vehicle),Lost Control,None Indicated,Weather conditions,Daylight,Ice/frost,Snow,"Surface condition (e.g., wet, icy)",Non-intersection:  Non-junction/no special feature,Paved,,Property Damage Only,0,0,0,0,0,0,5000,1,1,Eastbound (EB),POINT (-93.55907023453 42.104652580616)
20251469345,25-001203,02/14/2025,02-February,6-Friday,18:56,1800 Hours,District 6 (East Central),,BENTON,77,33 AVE AND US 30 E MEASURING 176 FEET WEST FROM US 30 E,Collision with fixed object:  Ditch,Shoulder,Non-collision (single vehicle),Ran off road - right,None Indicated,Weather conditions,Dark - roadway lighted,Ice/frost,Clear,"Surface condition (e.g., wet, icy)",Non-intersection:  Non-junction/no special feature,Unpaved,,Property Damage Only,0,0,0,0,0,0,6300,1,2,Northbound (NB),POINT (-91.853329928436 41.96378368783)
20251468864,25WC01005,02/14/2025,02-February,6-Friday,12:45,1200 Hours,District 3 (Northwest),,WOODBURY,US 20,US 20 W,Non-collision events:  Other non-collision (explain in narrative),On Roadway,Non-collision (single vehicle),Driving too fast for conditions,None Indicated,None apparent,Daylight,Slush,Cloudy,"Surface condition (e.g., wet, icy)",Non-intersection:  Non-junction/no special feature,Paved,,Property Damage Only,0,0,0,0,0,0,15000,1,1,Westbound (WB),POINT (-96.062813981594 42.481866111661)
20251468812,20250003877,02/14/2025,02-February,6-Friday,08:08,0800 Hours,District 1 (Central),DES MOINES,POLK,77,EAST HOLCOMB AVE AND OXFORD ST,Collision with:  Vehicle in traffic,On Roadway,Broadside (front to side),Ran Stop Sign,None Indicated,None apparent,Daylight,Ice/frost,Clear,"Surface condition (e.g., wet, icy)",Intersection:  Four-way intersection,Paved,,Property Damage Only,0,0,0,0,0,0,3600,2,2,Southbound (SB),POINT (-93.616479341008 41.616341479151)
20251469497,0,02/14/2025,02-February,6-Friday,13:00,1300 Hours,District 6 (East Central),INDEPENDENCE,BUCHANAN,77,15FT EAST OF 12TH AVE NE AND 3FT NORTH OF CENTER OF 1ST ST EAST,Collision with:  Vehicle in traffic,On Roadway,Rear-end (front to rear),Animal,None Indicated,None apparent,Daylight,Snow,Clear,"Surface condition (e.g., wet, icy)",Non-intersection:  Non-junction/no special feature,Paved,,Property Damage Only,0,0,0,0,0,0,14000,3,3,Southbound (SB),POINT (-91.878739268524 42.468784706782)
20251468891,FD25-0421,02/14/2025,02-February,6-Friday,14:06,1400 Hours,District 1 (Central),FORT DODGE,WEBSTER,77,1ST AVE SOUTH AND SOUTH 12TH ST,Collision with:  Vehicle in traffic,On Roadway,Rear-end (front to rear),Lost Control,None Indicated,Weather conditions,Daylight,Snow,Snow,"Surface condition (e.g., wet, icy)",Intersection:  Roundabout,Paved,,Property Damage Only,0,0,0,0,0,0,3000,2,2,Eastbound (EB),POINT (-94.182742211515 42.505144220478)
20251468802,25-02175,02/14/2025,02-February,6-Friday,06:27,0600 Hours,District 3 (Northwest),,SIOUX,US 75,US 75 N MEASURING 744 FEET NORTH FROM 360TH ST,Collision with:  Vehicle in traffic,On Roadway,Head-on (front to front),Crossed centerline (undivided),None Indicated,None apparent,Dark - roadway not lighted,Ice/frost,Clear,None apparent,Non-intersection:  Non-junction/no special feature,Paved,,Minor Injury,0,2,0,2,0,0,20000,2,4,Northbound (NB),POINT (-96.176476537988 43.129925988178)