Iowa DOT Case Number,Law Enforcement Case Number,Date of Crash,Month of Crash,Day of Week,Time of Crash,Hour,DOT District,City Name,County Name,Route with System,Location Description,First Harmful Event,Location of First Harmful Event,Manner of Crash/Collision,Major Cause,Drug or Alcohol ,Environmental Conditions,Light Conditions,Surface Conditions,Weather Conditions,Roadway Contribution,Roadway Type,Roadway Surface,Work Zone,Crash Severity,Number of Fatalities,Number of Injuries,Number of Major Injuries,Number of Minor Injuries,Number of Possible Injuries,Number of Unknown Injuries,Amount of Property Damage,Number of Vehicles Involved,Total Number of Occupants,Travel Direction,Location
20251469229,25SC04080,02/14/2025,02-February,6-Friday,13:40,1300 Hours,District 3 (Northwest),SIOUX CITY,WOODBURY,77,REBECCA ST AND WEST 21ST ST,Collision with:  Vehicle in traffic,On Roadway,"Sideswipe, same direction",Other (explain in narrative):  Other,None Indicated,None apparent,Daylight,Wet,Cloudy,None apparent,Intersection:  Four-way intersection,Paved,,Property Damage Only,0,0,0,0,0,0,1750,2,2,Northbound (NB),POINT (-96.425622598595 42.512250064948)
20251468942,20250003872,02/14/2025,02-February,6-Friday,06:22,0600 Hours,District 1 (Central),DES MOINES,POLK,77,WOODLAND AVE AND MLK JR PARKWAY,Collision with:  Vehicle in traffic,On Roadway,Rear-end (front to rear),Lost Control,None Indicated,None apparent,Dark - roadway lighted,Ice/frost,Clear,"Surface condition (e.g., wet, icy)",Intersection:  Four-way intersection,Paved,,Property Damage Only,0,0,0,0,0,0,12000,2,2,Southbound (SB),POINT (-93.644848285902 41.588047274779)
20251468969,25-181,02/14/2025,02-February,6-Friday,17:41,1700 Hours,District 6 (East Central),,SCOTT,I-80,I 80 E,Collision with:  Vehicle in traffic,On Roadway,Rear-end (front to rear),Lost Control,None Indicated,Weather conditions,Dusk,Snow,Cloudy,None apparent,Non-intersection:  Non-junction/no special feature,Paved,,Property Damage Only,0,0,0,0,0,0,9000,2,7,Southbound (SB),POINT (-90.763904149214 41.612526626068)
20251469201,25-002084,02/14/2025,02-February,6-Friday,23:00,2300 Hours,District 3 (Northwest),,DICKINSON,77,11735 240TH AVE,Collision with fixed object:  Ditch,Shoulder,Non-collision (single vehicle),Ran off road - right,None Indicated,None apparent,Dark - roadway not lighted,Slush,Clear,None apparent,Non-intersection:  Non-junction/no special feature,Paved,,Property Damage Only,0,0,0,0,0,0,12500,1,1,Northbound (NB),POINT (-95.126403434284 43.477726249353)
20251468795,25-001534,02/14/2025,02-February,6-Friday,07:58,0700 Hours,District 4 (Southwest),COUNCIL BLUFFS,POTTAWATTAMIE,77,WEST BRDWAY AND SOUTH 25TH ST AND NORTH 25TH ST,Collision with:  Vehicle in traffic,On Roadway,Rear-end (front to rear),Followed too close,None Indicated,None apparent,Daylight,Wet,Cloudy,None apparent,Intersection:  Four-way intersection,Paved,,Property Damage Only,0,0,0,0,0,0,4000,2,3,Northbound (NB),POINT (-95.881905469917 41.261943330593)
20251468782,25001101,02/14/2025,02-February,6-Friday,04:55,0400 Hours,District 1 (Central),WEBSTER CITY,HAMILTON,IA-17,IA 17 N,Collision with:  Animal,On Roadway,Non-collision (single vehicle),Animal,None Indicated,Animal in roadway,Dark - roadway not lighted,Dry,Clear,None apparent,Non-intersection:  Non-junction/no special feature,Paved,,Property Damage Only,0,0,0,0,0,0,1500,1,1,Northbound (NB),POINT (-93.807423762767 42.433825884798)
20251469165,S25-012753,02/14/2025,02-February,6-Friday,19:25,1900 Hours,District 2 (Northeast),,BLACK HAWK,US 218,US 218 N,Collision with fixed object:  Ditch,On Roadway,Non-collision (single vehicle),Ran off road - right,None Indicated,Weather conditions,Dark - roadway not lighted,Ice/frost,Cloudy,"Surface condition (e.g., wet, icy)",Interchange-related:  On-ramp merge area,Paved,,Property Damage Only,0,0,0,0,0,0,1700,1,1,Northbound (NB),POINT (-92.445386282901 42.619019181059)
20251469041,2025-6466,02/14/2025,02-February,6-Friday,15:41,1500 Hours,District 6 (East Central),DAVENPORT,SCOTT,77,IA 461 S AND WEST 65TH ST AND VETRANS MEMORIAL PARKWAY,Collision with:  Vehicle in traffic,On Roadway,"Angle, oncoming left turn",Made improper turn,None Indicated,None apparent,Daylight,Slush,Cloudy,"Surface condition (e.g., wet, icy)",Non-intersection:  Non-junction/no special feature,Paved,,Property Damage Only,0,0,0,0,0,0,15000,2,3,Southbound (SB),POINT (-90.571433697298 41.585617592399)
20251468948,2025-3407,02/14/2025,02-February,6-Friday,16:10,1600 Hours,District 6 (East Central),BETTENDORF,SCOTT,77,DEVILS GLEN RD AND MIDDLE RD,Collision with:  Vehicle in traffic,On Roadway,Rear-end (front to rear),Driver Distraction:  Other interior distraction,None Indicated,None apparent,Daylight,Snow,Blowing snow,None apparent,Intersection:  Four-way intersection,Paved,,Property Damage Only,0,0,0,0,0,0,8000,3,4,Southbound (SB),POINT (-90.483699557208 41.551550318578)
20251469879,2025004172,02/14/2025,02-February,6-Friday,16:45,1600 Hours,District 2 (Northeast),WATERLOO,BLACK HAWK,US 218,US 218 N/ 186MM,Collision with:  Vehicle in traffic,On Roadway,Rear-end (front to rear),Other (explain in narrative):  No improper action,None Indicated,Weather conditions,Daylight,Snow,Blowing snow,"Traffic backup, prior crash",Non-intersection:  Non-junction/no special feature,Paved,,Property Damage Only,0,0,0,0,0,0,9500,2,4,Northbound (NB),POINT (-92.395982460077 42.539014779646)
20251468956,25-00713,02/14/2025,02-February,6-Friday,20:24,2000 Hours,District 4 (Southwest),WEST DES MOINES,DALLAS,77,UNIVERSITY AVE,Collision with:  Vehicle in traffic,On Roadway,Rear-end (front to rear),Lost Control,None Indicated,None apparent,Dark - roadway lighted,Wet,Clear,"Surface condition (e.g., wet, icy)",Intersection:  T-intersection,Paved,,Property Damage Only,0,0,0,0,0,0,8000,2,3,Southbound (SB),POINT (-93.81503271331 41.600396506385)
20251468900,2025-001056,02/14/2025,02-February,6-Friday,16:15,1600 Hours,District 6 (East Central),DUBUQUE,DUBUQUE,77,WEST 3RD ST,Collision with fixed object:  Traffic sign support,On Roadway,Non-collision (single vehicle),Driving too fast for conditions,None Indicated,Weather conditions,Daylight,Snow,Snow,"Surface condition (e.g., wet, icy)",Non-intersection:  Non-junction/no special feature,Paved,,Property Damage Only,0,0,0,0,0,0,5750,1,2,Southbound (SB),POINT (-90.676070098498 42.49474016093)
20251468963,25000867,02/14/2025,02-February,6-Friday,18:19,1800 Hours,District 3 (Northwest),,CHEROKEE,IA-31,IA 31 N,Collision with:  Animal,Unknown,Non-collision (single vehicle),Animal,None Indicated,Animal in roadway,,,,,,Paved,,Property Damage Only,0,0,0,0,0,0,1500,1,3,Northbound (NB),POINT (-95.558065327072 42.633947690456)
20251469067,25-00224,02/14/2025,02-February,6-Friday,21:42,2100 Hours,District 1 (Central),WEST DES MOINES,POLK,77,UNIVERSITY AVE/NW 118TH ST,Collision with:  Vehicle in traffic,On Roadway,Broadside (front to side),Ran Traffic Signal,None Indicated,None apparent,Dark - roadway lighted,Dry,Clear,None apparent,Intersection:  T-intersection,Paved,,Property Damage Only,0,0,0,0,0,0,3500,2,2,Southbound (SB),POINT (-93.781505360882 41.600404131804)
20251469078,2025001379,02/14/2025,02-February,6-Friday,21:00,2100 Hours,District 6 (East Central),IOWA CITY,JOHNSON,77,MARKET ST AND MADISON ST,Collision with:  Vehicle in traffic,On Roadway,Rear-end (front to rear),Unknown,None Indicated,None apparent,Dark - roadway lighted,Wet,Cloudy,"Surface condition (e.g., wet, icy)",Intersection:  T-intersection,Paved,,Possible/Unknown,0,1,0,0,0,1,3000,2,5,Northbound (NB),POINT (-91.537669562496 41.663626087857)
20251469555,0,02/14/2025,02-February,6-Friday,18:30,1800 Hours,District 2 (Northeast),,BREMER,77,KILLDEER AVE,Non-collision events:  Other non-collision (explain in narrative),On Roadway,Non-collision (single vehicle),Lost Control,None Indicated,Weather conditions,Dark - roadway not lighted,Snow,Blowing snow,"Surface condition (e.g., wet, icy)",Non-intersection:  Non-junction/no special feature,Unpaved,,Property Damage Only,0,0,0,0,0,0,1700,1,1,Northbound (NB),POINT (-92.357008488232 42.856571542215)
20251469082,CLP25000368,02/14/2025,02-February,6-Friday,21:16,2100 Hours,District 6 (East Central),CLINTON,CLINTON,77,MILL CREEK PARKWAY,Collision with fixed object:  Ditch,On Roadway,Non-collision (single vehicle),Driving too fast for conditions,None Indicated,Weather conditions,Dark - roadway not lighted,Snow,Snow,"Surface condition (e.g., wet, icy)",Non-intersection:  Non-junction/no special feature,Paved,,Property Damage Only,0,0,0,0,0,0,4000,1,1,Northbound (NB),POINT (-90.23968636593 41.8398024746)
20251469420,0,02/14/2025,02-February,6-Friday,01:12,0100 Hours,District 1 (Central),COLO,STORY,77,3RD ST,Collision with:  Parked motor vehicle,Outside trafficway,"Sideswipe, same direction","Operating vehicle in an reckless, erratic, careless, negligent manner",None Indicated,None apparent,Dark - roadway not lighted,Snow,Clear,"Surface condition (e.g., wet, icy)",Intersection:  Other intersection (explain in narrative),Paved,,Minor Injury,0,3,0,2,0,1,8500,3,3,Northbound (NB),POINT (-93.314053360974 42.020049479408)
20251468935,25-001547,02/14/2025,02-February,6-Friday,15:31,1500 Hours,District 4 (Southwest),COUNCIL BLUFFS,POTTAWATTAMIE,77,AVE G AND SOUTHBOUND FRONTAGE,Collision with:  Vehicle in traffic,On Roadway,Broadside (front to side),FTYROW:  From stop sign,None Indicated,None apparent,Daylight,Dry,Cloudy,None apparent,Intersection:  T-intersection,Paved,,Property Damage Only,0,0,0,0,0,0,7000,2,3,Southbound (SB),POINT (-95.908626450932 41.268052559403)
20251469578,0,02/14/2025,02-February,6-Friday,16:50,1600 Hours,District 6 (East Central),DAVENPORT,SCOTT,77,WEST 49TH ST,Collision with:  Vehicle in traffic,On Roadway,Head-on (front to front),Driving too fast for conditions,None Indicated,Weather conditions,Daylight,Snow,Snow,"Slippery, loose, or worn surface",Non-intersection:  Non-junction/no special feature,Paved,,Property Damage Only,0,0,0,0,0,0,3000,2,2,Southbound (SB),POINT (-90.614339190002 41.570088727395)
20251469416,2.50134e+006,02/14/2025,02-February,6-Friday,16:23,1600 Hours,District 5 (Southeast),,WAPELLO,77,LAKE RD,Collision with fixed object:  Fence,On Roadway,Non-collision (single vehicle),Ran off road - left,None Indicated,Weather conditions,Daylight,Snow,Clear,"Surface condition (e.g., wet, icy)",Non-intersection:  Non-junction/no special feature,Paved,,Property Damage Only,0,0,0,0,0,0,1570,1,1,Northbound (NB),POINT (-92.458003874753 40.972124030317)
20251469438,2.50005e+007,02/14/2025,02-February,6-Friday,19:10,1900 Hours,District 1 (Central),AMES,STORY,77,SOUTH DAKOTA AVE AND MORTENSEN RD,Collision with:  Vehicle in traffic,On Roadway,"Angle, oncoming left turn",Unknown,None Indicated,None apparent,Dark - roadway lighted,Snow,Cloudy,"Surface condition (e.g., wet, icy)",Intersection:  Four-way intersection,Paved,,Property Damage Only,0,0,0,0,0,0,4000,2,3,Southbound (SB),POINT (-93.67864197444 42.012105285079)
20251469392,0,02/14/2025,02-February,6-Friday,15:23,1500 Hours,District 5 (Southeast),INDIANOLA,WARREN,IA-92,1100 BLK E 2ND AVE,Collision with:  Vehicle in traffic,On Roadway,Rear-end (front to rear),Followed too close,None Indicated,None apparent,Daylight,Slush,Cloudy,"Surface condition (e.g., wet, icy)",Non-intersection:  Non-junction/no special feature,Paved,,Property Damage Only,0,0,0,0,0,0,5000,2,2,Southbound (SB),POINT (-93.548389760774 41.358083346625)
20251469200,2025004171,02/14/2025,02-February,6-Friday,17:00,1700 Hours,District 6 (East Central),,SCOTT,I-80,"RAMP 20 AVE, N TO N TO STATE OF IOWA, I 80 E",Collision with:  Vehicle in traffic,On Roadway,Rear-end (front to rear),Lost Control,None Indicated,Weather conditions,Dusk,Snow,Snow,"Surface condition (e.g., wet, icy)",Non-intersection:  Non-junction/no special feature,Paved,,Possible/Unknown,0,1,0,0,1,0,11000,2,2,Southbound (SB),POINT (-90.853862380505 41.632858442349)
20251468917,202500511,02/14/2025,02-February,6-Friday,16:38,1600 Hours,District 6 (East Central),,LINN,77,MOUNT VERNON RD,Collision with:  Animal,Unknown,Non-collision (single vehicle),Animal,None Indicated,Animal in roadway,,,,,,Paved,,Property Damage Only,0,0,0,0,0,0,2000,1,2,Southbound (SB),POINT (-91.575011415844 41.976436356411)
20251469228,25SC04078,02/14/2025,02-February,6-Friday,13:15,1300 Hours,District 3 (Northwest),SIOUX CITY,WOODBURY,77,SOUTH LAKEPORT ST AND SOUTH PALMETTO ST AND MORNINGSIDE AVE,Collision with:  Vehicle in traffic,On Roadway,Rear-end (front to rear),Other (explain in narrative):  Other,None Indicated,None apparent,Daylight,Wet,Cloudy,None apparent,Intersection:  Four-way intersection,Paved,,Property Damage Only,0,0,0,0,0,0,5500,2,3,Northbound (NB),POINT (-96.346505035829 42.470414125775)
20251469545,2.50014e+007,02/14/2025,02-February,6-Friday,05:00,0500 Hours,District 6 (East Central),,BUCHANAN,US 20,"US 20 E MEASURING 16491 FEET WEST FROM RAMP US 20 W TO IOWA AVE, N",Collision with fixed object:  Ditch,On Roadway,Non-collision (single vehicle),Driver Distraction:  Inattentive/lost in thought,None Indicated,None apparent,Dark - roadway not lighted,Dry,Clear,None apparent,Non-intersection:  Non-junction/no special feature,Paved,,Property Damage Only,0,0,0,0,0,0,7400,1,1,Southbound (SB),POINT (-91.979166729342 42.450090571671)
20251468806,25009233,02/14/2025,02-February,6-Friday,07:29,0700 Hours,District 1 (Central),MARSHALLTOWN,MARSHALL,IA-14,IA 14 N,Collision with:  Vehicle in traffic,On Roadway,"Angle, oncoming left turn",FTYROW:  Making left turn,None Indicated,None apparent,Daylight,Ice/frost,Clear,None apparent,Intersection:  T-intersection,Paved,,Property Damage Only,0,0,0,0,0,0,3000,2,10,Northbound (NB),POINT (-92.908024843615 42.051659161388)
20251468897,2025-001049,02/14/2025,02-February,6-Friday,15:51,1500 Hours,District 6 (East Central),DUBUQUE,DUBUQUE,77,ELM ST,Collision with fixed object:  Curb/island/raised median,On Roadway,Non-collision (single vehicle),Ran off road - right,None Indicated,Weather conditions,Daylight,Snow,Snow,"Surface condition (e.g., wet, icy)",Non-intersection:  Non-junction/no special feature,Paved,,Property Damage Only,0,0,0,0,0,0,5000,1,1,Northbound (NB),POINT (-90.662464099322 42.505557740882)
20251468727,25SC04045,02/14/2025,02-February,6-Friday,05:59,0500 Hours,District 3 (Northwest),SIOUX CITY,WOODBURY,77,FLOYD BLVD,Collision with:  Vehicle in traffic,On Roadway,"Angle, oncoming left turn",FTYROW:  Making left turn,None Indicated,None apparent,Dark - roadway lighted,Slush,Clear,None apparent,Intersection:  Four-way intersection,Paved,,Property Damage Only,0,0,0,0,0,0,13500,2,3,Eastbound (EB),POINT (-96.393408354042 42.488690361732)
20251469231,25SC04110,02/14/2025,02-February,6-Friday,18:33,1800 Hours,District 3 (Northwest),SIOUX CITY,WOODBURY,77,14TH ST,Collision with:  Vehicle in traffic,On Roadway,Rear-end (front to rear),Followed too close,None Indicated,None apparent,Dark - roadway lighted,Wet,Clear,None apparent,Non-intersection:  Non-junction/no special feature,Paved,,Possible/Unknown,0,1,0,0,0,1,4000,2,2,Southbound (SB),POINT (-96.405621868407 42.505012973847)
20251468811,20250003876,02/14/2025,02-February,6-Friday,08:36,0800 Hours,District 1 (Central),DES MOINES,POLK,77,24TH ST MEASURING 223 FEET NORTH FROM COLLEGE AVE,Collision with:  Parked motor vehicle,On Roadway,"Sideswipe, same direction",Unknown,None Indicated,None apparent,Daylight,Snow,Clear,None apparent,Non-intersection:  Non-junction/no special feature,Paved,,Property Damage Only,0,0,0,0,0,0,3000,2,1,Northbound (NB),POINT (-93.649442644863 41.608323710989)
20251468906,20250-6429,02/14/2025,02-February,6-Friday,11:06,1100 Hours,District 6 (East Central),BETTENDORF,SCOTT,77,DEVILS GLEN RD,Collision with:  Vehicle in traffic,On Roadway,"Angle, oncoming left turn",Made improper turn,None Indicated,None apparent,Daylight,Dry,Cloudy,None apparent,Intersection:  Four-way intersection,Paved,,Property Damage Only,0,0,0,0,0,0,7000,2,2,Northbound (NB),POINT (-90.483424815564 41.573762847833)
20251469049,W25-012608,02/14/2025,02-February,6-Friday,09:14,0900 Hours,District 2 (Northeast),WATERLOO,BLACK HAWK,US 218,WEST 9TH ST AND US 218 S,Collision with:  Vehicle in traffic,On Roadway,Rear-end (front to rear),Driving too fast for conditions,None Indicated,None apparent,Daylight,Ice/frost,Cloudy,"Surface condition (e.g., wet, icy)",Intersection:  Other intersection (explain in narrative),Paved,,Property Damage Only,0,0,0,0,0,0,2000,2,3,Eastbound (EB),POINT (-92.337274269324 42.489302456782)
20251469435,2.50005e+007,02/14/2025,02-February,6-Friday,14:56,1400 Hours,District 1 (Central),AMES,STORY,77,MORTENSEN PARKWAY AND UNIVERSITY BLVD,Collision with:  Vehicle in traffic,On Roadway,Rear-end (front to rear),Driving too fast for conditions,None Indicated,Weather conditions,Daylight,Snow,Snow,"Surface condition (e.g., wet, icy)",Intersection:  T-intersection,Paved,,Property Damage Only,0,0,0,0,0,0,6000,2,3,Eastbound (EB),POINT (-93.639402196492 42.008304627363)
20251468959,25-001185,02/14/2025,02-February,6-Friday,16:16,1600 Hours,District 5 (Southeast),,CLARKE,US 34,US 34 E AND 180TH AVE,Collision with:  Vehicle in traffic,On Roadway,Rear-end (front to rear),Followed too close,None Indicated,None apparent,Daylight,Wet,Clear,None apparent,Intersection:  Four-way intersection,Paved,,Minor Injury,0,1,0,1,0,0,10000,2,3,Southbound (SB),POINT (-93.865084216064 41.027542927082)
20251468936,25-001548,02/14/2025,02-February,6-Friday,15:49,1500 Hours,District 4 (Southwest),COUNCIL BLUFFS,POTTAWATTAMIE,77,NORTH 29TH ST,Collision with:  Vehicle in traffic,On Roadway,Broadside (front to side),Ran Stop Sign,None Indicated,None apparent,Daylight,Wet,Cloudy,None apparent,Intersection:  Four-way intersection,Paved,,Property Damage Only,0,0,0,0,0,0,10000,2,4,Northbound (NB),POINT (-95.890775824902 41.262801529126)
20251468980,CLP25000366,02/14/2025,02-February,6-Friday,20:33,2000 Hours,District 6 (East Central),CLINTON,CLINTON,77,SOUTH 4TH ST AND 3RD AVE S,Collision with:  Vehicle in traffic,On Roadway,Broadside (front to side),Ran Stop Sign,Refused,Weather conditions,Dark - roadway lighted,Snow,Clear,"Surface condition (e.g., wet, icy)",Intersection:  Four-way intersection,Paved,,Minor Injury,0,1,0,1,0,0,10000,2,2,Eastbound (EB),POINT (-90.193256739247 41.843197304501)
20251469528,0,02/14/2025,02-February,6-Friday,19:40,1900 Hours,District 5 (Southeast),PLEASANT PLAIN,JEFFERSON,77,PLEASANT PLAIN RD,Collision with:  Struck/struck by object/cargo/person from other vehicle,On Roadway,Non-collision (single vehicle),Lost Control,None Indicated,Weather conditions,Dark - roadway lighted,Snow,Clear,"Surface condition (e.g., wet, icy)",Non-intersection:  Non-junction/no special feature,Paved,,Property Damage Only,0,0,0,0,0,0,2500,1,2,Northbound (NB),POINT (-91.855270077447 41.146449391984)
20251469274,25-001727,02/14/2025,02-February,6-Friday,14:19,1400 Hours,District 4 (Southwest),,CASS,I-80,I 80 E,Collision with fixed object:  Cable barrier,Shoulder,Non-collision (single vehicle),Other (explain in narrative):  Other,None Indicated,Unknown,Daylight,Wet,Clear,Unknown,Non-intersection:  Non-junction/no special feature,Paved,,Property Damage Only,0,0,0,0,0,0,11000,1,1,Southbound (SB),POINT (-94.951335001424 41.497096933978)
20251469182,W25-012713,02/14/2025,02-February,6-Friday,16:28,1600 Hours,District 2 (Northeast),WATERLOO,BLACK HAWK,US 218,US 218 N/AIRPORT BLVD,Collision with fixed object:  Bridge/bridge rail parapet,Shoulder,Non-collision (single vehicle),Lost Control,None Indicated,Weather conditions,Daylight,Snow,Snow,"Surface condition (e.g., wet, icy)",Non-intersection:  Non-junction/no special feature,Paved,,Property Damage Only,0,0,0,0,0,0,14000,1,1,Northbound (NB),POINT (-92.393644233427 42.53902044248)
20251468810,20250003870,02/14/2025,02-February,6-Friday,06:24,0600 Hours,District 1 (Central),DES MOINES,POLK,77,SE 5TH ST MEASURING 84 FEET SOUTH FROM CUMMINS RD,Collision with:  Vehicle in traffic,On Roadway,Rear-end (front to rear),FTYROW:  From driveway,None Indicated,Weather conditions,Dark - roadway lighted,Ice/frost,Clear,"Surface condition (e.g., wet, icy)","Non-intersection:  Driveway access (related, not in)",Paved,,Possible/Unknown,0,1,0,0,1,0,8000,2,3,Northbound (NB),POINT (-93.606454307727 41.528853059568)
20251468990,2501666,02/14/2025,02-February,6-Friday,13:00,1300 Hours,District 3 (Northwest),,CRAWFORD,77,IA 39 N AND WOLF ST,Collision with fixed object:  Other post/pole/support (explain in narrative),Roadside,Non-collision (single vehicle),Driving too fast for conditions,None Indicated,Weather conditions,Daylight,Snow,"Sleet, hail","Surface condition (e.g., wet, icy)",Non-intersection:  Non-junction/no special feature,Paved,,Property Damage Only,0,0,0,0,0,0,5000,1,1,Southbound (SB),POINT (-95.323649839595 42.097675731737)
20251469403,0,02/14/2025,02-February,6-Friday,14:44,1400 Hours,District 6 (East Central),,DUBUQUE,77,MUD LAKE RD,Collision with fixed object:  Ditch,On Roadway,Non-collision (single vehicle),Ran off road - right,None Indicated,None apparent,Daylight,Wet,Cloudy,None apparent,Non-intersection:  Non-junction/no special feature,Paved,,Property Damage Only,0,0,0,0,0,0,6200,1,1,Northbound (NB),POINT (-90.723923111138 42.594758065402)
20251468940,C25000629,02/14/2025,02-February,6-Friday,16:23,1600 Hours,District 6 (East Central),CORALVILLE,JOHNSON,77,707 5TH ST,Collision with fixed object:  Utility pole/light support,Roadside,Non-collision (single vehicle),Operator inexperience,None Indicated,Weather conditions,Daylight,Snow,Snow,"Surface condition (e.g., wet, icy)",Non-intersection:  Non-junction/no special feature,Paved,,Property Damage Only,0,0,0,0,0,0,3500,1,2,Southbound (SB),POINT (-91.575409824961 41.674476044919)
20251469637,24000509,02/14/2025,02-February,6-Friday,13:45,1300 Hours,District 1 (Central),AMES,STORY,US 69,US 69 N,Collision with:  Vehicle in traffic,On Roadway,Broadside (front to side),FTYROW:  From driveway,None Indicated,None apparent,Daylight,Dry,Cloudy,None apparent,"Non-intersection:  Driveway access (related, not in)",Paved,,Property Damage Only,0,0,0,0,0,0,7000,2,2,Northbound (NB),POINT (-93.610350565219 42.018802345365)
20251468852,W25-012663,02/14/2025,02-February,6-Friday,12:45,1200 Hours,District 2 (Northeast),WATERLOO,BLACK HAWK,77,1800 BLK LA PORTE RD,Collision with:  Vehicle in traffic,On Roadway,"Sideswipe, same direction",Made improper turn,None Indicated,None apparent,Daylight,Snow,Clear,None apparent,Non-intersection:  Non-junction/no special feature,Paved,,Property Damage Only,0,0,0,0,0,0,7000,2,3,Northbound (NB),POINT (-92.322355346428 42.469060110342)
20251468981,SOI20250064,02/14/2025,02-February,6-Friday,21:01,2100 Hours,District 1 (Central),MALCOM,POWESHIEK,77,3RD ST,Collision with fixed object:  Building,On Roadway,Non-collision (single vehicle),Improper Backing,Under Influence of Alcohol/Drugs/Medications,Weather conditions,Dark - roadway not lighted,Snow,Clear,"Surface condition (e.g., wet, icy)",Non-intersection:  Non-junction/no special feature,Paved,,Property Damage Only,0,0,0,0,0,0,5500,1,1,Southbound (SB),POINT (-92.552036119469 41.707085232581)
20251468934,25-001545,02/14/2025,02-February,6-Friday,15:38,1500 Hours,District 4 (Southwest),COUNCIL BLUFFS,POTTAWATTAMIE,77,S 27TH & 2ND AVE,Collision with:  Vehicle in traffic,On Roadway,Broadside (front to side),Ran Stop Sign,None Indicated,None apparent,Daylight,Wet,Cloudy,"Surface condition (e.g., wet, icy)",Intersection:  Four-way intersection,Paved,,Possible/Unknown,0,1,0,0,1,0,9500,2,2,Northbound (NB),POINT (-95.886770116676 41.259659842263)
20251468813,20250003892,02/14/2025,02-February,6-Friday,11:45,1100 Hours,District 1 (Central),DES MOINES,POLK,77,"31ST ST AND RAMP 31ST ST, N TO N TO STATE OF IOWA, I 235 E AND RAMP I 235 E TO 31ST ST, N",Collision with:  Vehicle in traffic,On Roadway,Rear-end (front to rear),Driver Distraction:  Other interior distraction,None Indicated,Weather conditions,Daylight,Slush,Cloudy,"Surface condition (e.g., wet, icy)",Intersection:  Four-way intersection,Paved,,Possible/Unknown,0,1,0,0,1,0,4500,2,2,Northbound (NB),POINT (-93.659364715941 41.592702746856)
20251469512,2.50011e+007,02/14/2025,02-February,6-Friday,17:13,1700 Hours,District 1 (Central),,HAMILTON,I-35,I 35 S,Collision with fixed object:  Cable barrier,Roadside,Non-collision (single vehicle),Ran off road - left,None Indicated,Weather conditions,Daylight,Snow,Snow,"Surface condition (e.g., wet, icy)",Non-intersection:  Non-junction/no special feature,Paved,,Property Damage Only,0,0,0,0,0,0,4500,1,1,Eastbound (EB),POINT (-93.570977496147 42.238617480832)
20251468950,25-00709,02/14/2025,02-February,6-Friday,15:16,1500 Hours,District 1 (Central),WEST DES MOINES,DALLAS,77,JORDAN CREEK PARKWAY,Collision with fixed object:  Curb/island/raised median,On Roadway,Non-collision (single vehicle),Swerving/Evasive Action,None Indicated,None apparent,Daylight,Wet,Clear,None apparent,Non-intersection:  Non-junction/no special feature,Paved,,Property Damage Only,0,0,0,0,0,0,2000,1,1,Eastbound (EB),POINT (-93.80939435209 41.571703340878)
20251469551,0,02/14/2025,02-February,6-Friday,12:22,1200 Hours,District 1 (Central),,HAMILTON,I-35,I 35 S,Collision with fixed object:  Ditch,On Roadway,Non-collision (single vehicle),Ran off road - right,None Indicated,Severe crosswind,Daylight,Dry,Severe winds,None apparent,Non-intersection:  Non-junction/no special feature,Paved,,Property Damage Only,0,0,0,0,0,0,4500,1,2,Eastbound (EB),POINT (-93.570602564501 42.402566756147)
20251469300,2025004160,02/14/2025,02-February,6-Friday,13:40,1300 Hours,District 6 (East Central),TIFFIN,JOHNSON,I-380,I 380 SB 0MM,Collision with fixed object:  Guardrail - end,On Roadway,Non-collision (single vehicle),Improper or erratic lane changing,None Indicated,None apparent,Daylight,Snow,Cloudy,None apparent,Non-intersection:  Non-junction/no special feature,Paved,,Property Damage Only,0,0,0,0,0,0,9000,1,1,Eastbound (EB),POINT (-91.642001776174 41.701213053197)
20251469510,2.50011e+007,02/14/2025,02-February,6-Friday,13:59,1300 Hours,District 1 (Central),,HAMILTON,I-35,I 35 S,Collision with fixed object:  Cable barrier,Roadside,Non-collision (single vehicle),Ran off road - left,None Indicated,Weather conditions,Daylight,Snow,Snow,"Surface condition (e.g., wet, icy)",Non-intersection:  Non-junction/no special feature,Paved,,Property Damage Only,0,0,0,0,0,0,2000,1,1,Eastbound (EB),POINT (-93.570303838736 42.352116454017)
20251468957,25-00714,02/14/2025,02-February,6-Friday,20:30,2000 Hours,District 1 (Central),WEST DES MOINES,DALLAS,77,SOUTH 68TH ST/MILLS CIVIC PKWY,Collision with:  Vehicle in traffic,On Roadway,Rear-end (front to rear),Driving too fast for conditions,None Indicated,None apparent,Dark - roadway lighted,Wet,Cloudy,"Surface condition (e.g., wet, icy)",Intersection:  Four-way intersection,Paved,,Minor Injury,0,1,0,1,0,0,550,2,3,Eastbound (EB),POINT (-93.79992868177 41.561816583759)
20251468916,2025004150,02/14/2025,02-February,6-Friday,12:14,1200 Hours,District 1 (Central),,JASPER,I-80,"INTERSTATE 80 AND 158 MILE MARKER, WESTBOUND",Collision with fixed object:  Fence,On Roadway,Non-collision (single vehicle),Driver Distraction:  Other interior distraction,None Indicated,None apparent,Daylight,Dry,Cloudy,None apparent,Non-intersection:  Non-junction/no special feature,Paved,,Property Damage Only,0,0,0,0,0,0,4500,1,1,Westbound (WB),POINT (-93.195590324483 41.696785170897)