Iowa DOT Case Number,Law Enforcement Case Number,Date of Crash,Month of Crash,Day of Week,Time of Crash,Hour,DOT District,City Name,County Name,Route with System,Location Description,First Harmful Event,Location of First Harmful Event,Manner of Crash/Collision,Major Cause,Drug or Alcohol ,Environmental Conditions,Light Conditions,Surface Conditions,Weather Conditions,Roadway Contribution,Roadway Type,Roadway Surface,Work Zone,Crash Severity,Number of Fatalities,Number of Injuries,Number of Major Injuries,Number of Minor Injuries,Number of Possible Injuries,Number of Unknown Injuries,Amount of Property Damage,Number of Vehicles Involved,Total Number of Occupants,Travel Direction,Location
20251469184,SOP202500126,02/16/2025,02-February,1-Sunday,18:37,1800 Hours,District 6 (East Central),,IOWA,IA-149,290TH ST & N AVE,Collision with:  Animal,Unknown,Non-collision (single vehicle),Animal,None Indicated,Animal in roadway,,,,,,Paved,,Property Damage Only,0,0,0,0,0,0,2500,1,1,Northbound (NB),POINT (-92.045522129887 41.58301134981)
20251469258,SOP202500125,02/16/2025,02-February,1-Sunday,11:20,1100 Hours,District 6 (East Central),,IOWA,77,2400 BLK 210TH STREET,Collision with fixed object:  Ditch,On Roadway,Non-collision (single vehicle),Ran off road - left,None Indicated,None apparent,Daylight,Gravel,Clear,None apparent,Non-intersection:  Non-junction/no special feature,Unpaved,,Minor Injury,0,1,0,1,0,0,6000,1,1,Southbound (SB),POINT (-92.013185087431 41.702262170448)
20251469743,2025-10734,02/16/2025,02-February,1-Sunday,15:48,1500 Hours,District 6 (East Central),DAVENPORT,SCOTT,77,EASTERN AVE AND VETRANS MEMORIAL PARKWAY,Collision with:  Vehicle in traffic,On Roadway,Rear-end (front to rear),Lost Control,None Indicated,Weather conditions,Daylight,Ice/frost,Clear,"Surface condition (e.g., wet, icy)",Intersection:  Four-way intersection,Paved,,Possible/Unknown,0,1,0,0,1,0,4500,3,5,Northbound (NB),POINT (-90.551343304465 41.590622039539)
20251469205,25005822,02/16/2025,02-February,1-Sunday,17:25,1700 Hours,District 5 (Southeast),MUSCATINE,MUSCATINE,77,MAIN ST AND HERSHEY AVE,Collision with:  Vehicle in traffic,On Roadway,Head-on (front to front),Ran Stop Sign,None Indicated,None apparent,Daylight,Dry,Clear,None apparent,Intersection:  Four-way intersection,Paved,,Property Damage Only,0,0,0,0,0,0,2800,2,3,Southbound (SB),POINT (-91.058915011786 41.415370920534)
20251469239,25SC04270,02/16/2025,02-February,1-Sunday,16:24,1600 Hours,District 3 (Northwest),SIOUX CITY,WOODBURY,77,16TH ST,Collision with:  Vehicle in traffic,On Roadway,Broadside (front to side),FTYROW:  From stop sign,Alcohol (Statutory),None apparent,Daylight,Dry,Clear,None apparent,Intersection:  Four-way intersection,Paved,,Property Damage Only,0,0,0,0,0,0,4500,2,2,Southbound (SB),POINT (-96.402241233109 42.507076473901)
20251469181,25-16556,02/16/2025,02-February,1-Sunday,17:19,1700 Hours,District 3 (Northwest),SPENCER,CLAY,US 18,US 18 E,Collision with:  Vehicle in traffic,On Roadway,Rear-end (front to rear),Swerving/Evasive Action,None Indicated,None apparent,Daylight,Snow,Clear,None apparent,Non-intersection:  Non-junction/no special feature,Paved,,Property Damage Only,0,0,0,0,0,0,6500,2,3,Southbound (SB),POINT (-95.143851984274 43.129197770925)
20251469305,25-1859,02/16/2025,02-February,1-Sunday,11:07,1100 Hours,District 3 (Northwest),CARROLL,CARROLL,77,7TH ST,Collision with:  Vehicle in traffic,On Roadway,"Sideswipe, same direction",Ran Stop Sign,None Indicated,None apparent,Daylight,Snow,Clear,None apparent,Intersection:  Four-way intersection,Paved,,Property Damage Only,0,0,0,0,0,0,6000,2,2,Southbound (SB),POINT (-94.865360715772 42.066345598216)
20251469191,20250004068,02/16/2025,02-February,1-Sunday,14:09,1400 Hours,District 1 (Central),DES MOINES,POLK,77,"RAMP I 235 E TO 7TH ST, N AND 7TH ST AND SCHOOL ST",Collision with:  Vehicle in traffic,On Roadway,Broadside (front to side),Ran Traffic Signal,None Indicated,None apparent,Daylight,Dry,Clear,None apparent,Intersection:  Four-way intersection,Paved,,Property Damage Only,0,0,0,0,0,0,13000,2,3,Southbound (SB),POINT (-93.626813497154 41.59523571557)
20251469155,25-001371,02/16/2025,02-February,1-Sunday,13:10,1300 Hours,District 3 (Northwest),ONAWA,MONONA,77,IOWA AVE FRONTAGE,Collision with:  Parked motor vehicle,Other (explain in narrative),Broadside (front to side),Driver Distraction:  Other electronic device activity,None Indicated,None apparent,Daylight,Snow,Clear,None apparent,Non-intersection:  Non-junction/no special feature,Paved,,Property Damage Only,0,0,0,0,0,0,18000,3,1,Westbound (WB),POINT (-96.094710416573 42.026823673023)
20251469443,2.50005e+007,02/16/2025,02-February,1-Sunday,14:30,1400 Hours,District 1 (Central),AMES,STORY,US 69,US 69 N,Non-collision events:  Other non-collision (explain in narrative),On Roadway,Rear-end (front to rear),Driving too fast for conditions,None Indicated,None apparent,Daylight,Snow,Clear,"Surface condition (e.g., wet, icy)",Intersection:  Four-way intersection,Paved,,Property Damage Only,0,0,0,0,0,0,3700,2,4,Northbound (NB),POINT (-93.609913634546 42.007204175927)
20251469136,W25-013183,02/16/2025,02-February,1-Sunday,08:53,0800 Hours,District 2 (Northeast),WATERLOO,BLACK HAWK,77,WEST PARK AVENUE & WASHINGTON ST,Collision with:  Vehicle in traffic,On Roadway,"Angle, oncoming left turn",Made improper turn,None Indicated,None apparent,Daylight,Snow,Clear,"Surface condition (e.g., wet, icy)",Intersection:  Four-way intersection,Paved,,Property Damage Only,0,0,0,0,0,0,6500,2,3,Northbound (NB),POINT (-92.343152204045 42.493893250573)
20251469250,2025-10712,02/16/2025,02-February,1-Sunday,11:41,1100 Hours,District 6 (East Central),DAVENPORT,SCOTT,77,WEST 53RD ST MEASURING 233 FEET EAST FROM LINWOOD AVE,Collision with fixed object:  Utility pole/light support,Shoulder,Non-collision (single vehicle),Other (explain in narrative):  No improper action,None Indicated,None apparent,Daylight,Dry,Clear,None apparent,Non-intersection:  Non-junction/no special feature,Paved,,Property Damage Only,0,0,0,0,0,0,2000,1,1,Southbound (SB),POINT (-90.612918446888 41.574472357452)
20251469375,0,02/16/2025,02-February,1-Sunday,19:20,1900 Hours,District 6 (East Central),BETTENDORF,SCOTT,77,WINDSOR DR AND SOUTH HAMPTON DR,Collision with:  Parked motor vehicle,Shoulder,Head-on (front to front),Driver Distraction:  Other interior distraction,None Indicated,None apparent,Dark - roadway lighted,Dry,Clear,None apparent,Intersection:  T-intersection,Paved,,Property Damage Only,0,0,0,0,0,0,9000,2,1,Northbound (NB),POINT (-90.504378890932 41.555666834126)
20251469493,2.025e+011,02/16/2025,02-February,1-Sunday,07:28,0700 Hours,District 4 (Southwest),DEXTER,DALLAS,77,STATE ST,Collision with fixed object:  Utility pole/light support,On Roadway,Non-collision (single vehicle),Ran off road - right,None Indicated,None apparent,Dawn,Snow,Cloudy,"Surface condition (e.g., wet, icy)",Non-intersection:  Non-junction/no special feature,Paved,,Possible/Unknown,0,1,0,0,1,0,10000,1,1,Southbound (SB),POINT (-94.23941417125 41.518179498746)
20251469139,20250004052,02/16/2025,02-February,1-Sunday,11:10,1100 Hours,District 1 (Central),DES MOINES,POLK,77,JOHNSON ST MEASURING 317 FEET EAST FROM SW 14TH ST,Collision with:  Parked motor vehicle,On Roadway,Rear to side,Improper Backing,None Indicated,None apparent,Daylight,Snow,Clear,None apparent,"Non-intersection:  Driveway access (related, not in)",Paved,,Property Damage Only,0,0,0,0,0,0,1500,2,2,Southbound (SB),POINT (-93.634176824943 41.521227423651)
20251469214,25-002397,02/16/2025,02-February,1-Sunday,03:21,0300 Hours,District 5 (Southeast),NEW LONDON,HENRY,77,SOUTH COTTONWOOD ST,Collision with:  Parked motor vehicle,On Roadway,Rear-end (front to rear),Other (explain in narrative):  Other,None Indicated,None apparent,Dark - roadway lighted,Dry,Clear,None apparent,Non-intersection:  Non-junction/no special feature,Paved,,Property Damage Only,0,0,0,0,0,0,12000,2,1,Northbound (NB),POINT (-91.395679955938 40.923104421914)
20251469406,0,02/16/2025,02-February,1-Sunday,13:29,1300 Hours,District 6 (East Central),ASBURY,DUBUQUE,77,HEACOCK RD,Collision with fixed object:  Utility pole/light support,On Roadway,Non-collision (single vehicle),Driving too fast for conditions,None Indicated,Weather conditions,Daylight,Snow,Snow,"Surface condition (e.g., wet, icy)",Non-intersection:  Non-junction/no special feature,Unpaved,,Property Damage Only,0,0,0,0,0,0,6200,1,1,Northbound (NB),POINT (-90.759916050662 42.500751035432)
20251469246,25SC04285,02/16/2025,02-February,1-Sunday,18:30,1800 Hours,District 3 (Northwest),SIOUX CITY,WOODBURY,77,18TH ST,Collision with:  Parked motor vehicle,On Roadway,Rear-end (front to rear),Lost Control,None Indicated,None apparent,Dark - roadway lighted,Dry,Clear,None apparent,Non-intersection:  Non-junction/no special feature,Paved,,Possible/Unknown,0,1,0,0,0,1,8000,2,1,Southbound (SB),POINT (-96.40112334262 42.509126694539)
20251469113,2025001427,02/16/2025,02-February,1-Sunday,02:15,0200 Hours,District 6 (East Central),IOWA CITY,JOHNSON,77,100 N LINN ST,Collision with:  Parked motor vehicle,On Roadway,Rear-end (front to rear),Improper Backing,None Indicated,None apparent,Dark - roadway lighted,Slush,Cloudy,None apparent,Non-intersection:  Alley,Paved,,Property Damage Only,0,0,0,0,0,0,1500,2,2,Northbound (NB),POINT (-91.53159330671 41.663035214951)
20251469680,2501733,02/16/2025,02-February,1-Sunday,14:43,1400 Hours,District 3 (Northwest),,CRAWFORD,77,140TH ST MEASURING 1290 FEET EAST FROM A AVE,Collision with:  Vehicle in traffic,On Roadway,Head-on (front to front),Driver Distraction:  Exterior distraction,None Indicated,None apparent,Daylight,Gravel,Clear,None apparent,Non-intersection:  Non-junction/no special feature,Unpaved,,Minor Injury,0,1,0,1,0,0,25000,2,3,Northbound (NB),POINT (-95.594240239221 42.210944828688)
20251469175,2509557,02/16/2025,02-February,1-Sunday,15:10,1500 Hours,District 6 (East Central),,CLINTON,US 30,250TH AVE AND US 30 E MEASURING 629 FEET WEST FROM US 30 E,Collision with fixed object:  Ditch,Other (explain in narrative),Non-collision (single vehicle),Ran off road - right,None Indicated,Weather conditions,Daylight,Ice/frost,Clear,"Surface condition (e.g., wet, icy)",Non-intersection:  Non-junction/no special feature,Paved,,Possible/Unknown,0,1,0,0,1,0,10000,1,1,Southbound (SB),POINT (-90.607000547019 41.825676951808)
20251469378,0,02/16/2025,02-February,1-Sunday,21:23,2100 Hours,District 6 (East Central),,SCOTT,77,UTICA RIDGE RD AND 210 ST,Collision with:  Vehicle in traffic,On Roadway,"Angle, oncoming left turn",Ran Stop Sign,None Indicated,Weather conditions,Dark - roadway lighted,Ice/frost,Clear,"Surface condition (e.g., wet, icy)",Intersection:  Four-way intersection,Paved,,Major Injury,0,5,1,2,2,0,21500,2,7,Northbound (NB),POINT (-90.502455493704 41.611482062657)
20251469451,0,02/16/2025,02-February,1-Sunday,14:29,1400 Hours,District 6 (East Central),BETTENDORF,SCOTT,77,DEVILS GLEN RD AND BELMONT RD,Collision with:  Vehicle in traffic,On Roadway,Broadside (front to side),Ran Traffic Signal,None Indicated,None apparent,Daylight,Wet,Clear,None apparent,Intersection:  T-intersection,Paved,,Property Damage Only,0,0,0,0,0,0,6000,2,5,Southbound (SB),POINT (-90.483600073282 41.556276454287)
20251469138,2025-001101,02/16/2025,02-February,1-Sunday,12:19,1200 Hours,District 6 (East Central),DUBUQUE,DUBUQUE,77,SPRUCE ST AND WILBUR ST,Collision with fixed object:  Utility pole/light support,Shoulder,Non-collision (single vehicle),Ran off road - left,None Indicated,None apparent,Daylight,Wet,Clear,None apparent,Intersection:  T-intersection,Paved,,Property Damage Only,0,0,0,0,0,0,1500,1,3,Northbound (NB),POINT (-90.673483089719 42.500514026918)
20251469204,25005794,02/16/2025,02-February,1-Sunday,14:47,1400 Hours,District 5 (Southeast),MUSCATINE,MUSCATINE,US 61,4700 BLK US 61 S,Collision with fixed object:  Ditch,On Roadway,Non-collision (single vehicle),Lost Control,None Indicated,None apparent,Daylight,Ice/frost,Clear,"Surface condition (e.g., wet, icy)",Non-intersection:  Non-junction/no special feature,Paved,,Property Damage Only,0,0,0,0,0,0,10000,1,1,Eastbound (EB),POINT (-91.125370629282 41.373680994775)
20251469382,0,02/16/2025,02-February,1-Sunday,18:03,1800 Hours,District 5 (Southeast),WILTON,MUSCATINE,77,EAST 3RD ST AND CHESTNUT ST,Collision with:  Non-motorist (see non-motorist section - NOT a unit),Other (explain in narrative),Non-collision (single vehicle),Other (explain in narrative):  Other,None Indicated,None apparent,Dark - roadway lighted,Dry,Clear,None apparent,Non-intersection:  Other non-intersection (explain in narrative),Paved,,Minor Injury,0,1,0,1,0,0,0,1,1,Southbound (SB),POINT (-91.015499788939 41.587398145933)
20251469252,2025004247,02/16/2025,02-February,1-Sunday,16:15,1600 Hours,District 5 (Southeast),,CLARKE,I-35,I 35 SB AT 42MM,Collision with:  Vehicle in traffic,On Roadway,"Sideswipe, same direction",Driver Distraction:  Inattentive/lost in thought,None Indicated,None apparent,Daylight,Dry,Clear,None apparent,Non-intersection:  Non-junction/no special feature,Paved,,Property Damage Only,0,0,0,0,0,0,4000,2,2,Eastbound (EB),POINT (-93.787100391865 41.152321939864)
20251469148,25-00731,02/16/2025,02-February,1-Sunday,12:24,1200 Hours,District 1 (Central),WEST DES MOINES,DALLAS,77,JORDAN CREEK PARKWAY AND CODY DR,Collision with:  Vehicle in traffic,On Roadway,Rear-end (front to rear),Followed too close,None Indicated,None apparent,Daylight,Dry,Clear,None apparent,Non-intersection:  Non-junction/no special feature,Paved,,Property Damage Only,0,0,0,0,0,0,10000,2,4,Northbound (NB),POINT (-93.809074064063 41.576794679301)
20251469620,25-4704,02/16/2025,02-February,1-Sunday,12:00,1200 Hours,District 1 (Central),NEWTON,JASPER,77,SOUTH 3RD AVE WEST,Collision with:  Parked motor vehicle,On Roadway,Rear to side,Improper Backing,None Indicated,None apparent,Daylight,Dry,Clear,None apparent,"Non-intersection:  Driveway access (related, not in)",Paved,,Property Damage Only,0,0,0,0,0,0,2500,2,2,Southbound (SB),POINT (-93.05644850853 41.697595265808)
20251469193,20250004074,02/16/2025,02-February,1-Sunday,15:22,1500 Hours,District 1 (Central),DES MOINES,POLK,I-235,"RAMP MLK JR PARKWAY, S TO S TO STATE OF IOWA, I 235 E",Collision with:  Vehicle in traffic,On Roadway,Broadside (front to side),Ran Traffic Signal,None Indicated,None apparent,Daylight,Dry,Clear,None apparent,Intersection:  Four-way intersection,Paved,,Property Damage Only,0,0,0,0,0,0,46500,3,5,Southbound (SB),POINT (-93.63544262484 41.595431540399)
20251469424,0,02/16/2025,02-February,1-Sunday,21:33,2100 Hours,District 1 (Central),,STORY,77,NORTH DAYTON AVE AND 180TH ST,Collision with fixed object:  Ditch,On Roadway,Non-collision (single vehicle),Ran Stop Sign,Under Influence of Alcohol/Drugs/Medications,None apparent,Dark - roadway not lighted,Dry,Clear,None apparent,Intersection:  T-intersection,Paved,,Major Injury,0,1,1,0,0,0,6500,1,1,Southbound (SB),POINT (-93.581500375759 42.092175230497)
20251469211,OCFS2504204,02/16/2025,02-February,1-Sunday,12:55,1200 Hours,District 5 (Southeast),OTTUMWA,WAPELLO,77,SOUTH JEFFERSON ST,Collision with:  Vehicle in traffic,On Roadway,Broadside (front to side),Ran Stop Sign,None Indicated,None apparent,Daylight,Dry,Clear,None apparent,Intersection:  Four-way intersection,Paved,,Possible/Unknown,0,1,0,0,1,0,15000,2,2,Northbound (NB),POINT (-92.408466706008 41.015930503327)
20251469885,25-0830,02/16/2025,02-February,1-Sunday,15:23,1500 Hours,District 6 (East Central),HIAWATHA,LINN,77,BLAIRS FERRY RD NE,Collision with:  Vehicle in traffic,On Roadway,"Sideswipe, same direction",FTYROW:  Other (explain in narrative),None Indicated,None apparent,Daylight,Snow,Snow,None apparent,Non-intersection:  Non-junction/no special feature,Paved,,Property Damage Only,0,0,0,0,0,0,2500,2,2,Westbound (WB),POINT (-91.675671019299 42.034814515998)
20251469158,25-4686,02/16/2025,02-February,1-Sunday,11:12,1100 Hours,District 1 (Central),NEWTON,JASPER,US 6,US 6 E,Collision with:  Vehicle in traffic,On Roadway,Head-on (front to front),Failed to keep in proper lane,None Indicated,None apparent,Daylight,Dry,Clear,None apparent,Intersection:  Four-way intersection,Paved,,Property Damage Only,0,0,0,0,0,0,2000,2,2,Southbound (SB),POINT (-93.032978166711 41.69915362576)
20251469186,25-00734,02/16/2025,02-February,1-Sunday,15:12,1500 Hours,District 1 (Central),WEST DES MOINES,POLK,77,WESTOWN PL,Collision with:  Vehicle in traffic,On Roadway,Broadside (front to side),Ran Traffic Signal,None Indicated,None apparent,Daylight,Dry,Clear,None apparent,Intersection:  Four-way intersection,Paved,,Possible/Unknown,0,2,0,0,2,0,10000,2,2,Southbound (SB),POINT (-93.751879496835 41.596413357122)
20251469171,25-000927,02/16/2025,02-February,1-Sunday,14:40,1400 Hours,District 1 (Central),,GREENE,77,W AVE,Collision with fixed object:  Ditch,Roadside,Non-collision (single vehicle),Passing:  Other passing (explain in narrative),None Indicated,Unknown,Daylight,Ice/frost,Clear,"Surface condition (e.g., wet, icy)","Non-intersection:  Driveway access (related, not in)",Paved,,Property Damage Only,0,0,0,0,0,0,5000,1,2,Northbound (NB),POINT (-94.203242916142 41.985576779687)
20251469251,2025004242,02/16/2025,02-February,1-Sunday,13:20,1300 Hours,District 4 (Southwest),,UNION,US 34,US 34 WB AND MM 92,Collision with:  Animal,Unknown,Non-collision (single vehicle),Animal,None Indicated,Animal in roadway,,,,,,Paved,,Property Damage Only,0,0,0,0,0,0,5000,1,1,Southbound (SB),POINT (-94.217613140876 41.045985534641)
20251469547,2.02501e+008,02/16/2025,02-February,1-Sunday,13:00,1300 Hours,District 6 (East Central),,LINN,77,ELLIS RD MEASURING 241 FEET WEST FROM HECK LANE,Collision with fixed object:  Ditch,On Roadway,Non-collision (single vehicle),Ran off road - left,None Indicated,Weather conditions,Daylight,Snow,Clear,"Surface condition (e.g., wet, icy)",Non-intersection:  Non-junction/no special feature,Paved,,Property Damage Only,0,0,0,0,0,0,3000,1,4,Southbound (SB),POINT (-91.795014579041 42.000518240637)
20251469317,S25-01126,02/16/2025,02-February,1-Sunday,12:35,1200 Hours,District 1 (Central),,BOONE,US 30,RAMP US 30 E TO IA 17 N,Collision with:  Vehicle in traffic,On Roadway,Rear-end (front to rear),Followed too close,None Indicated,None apparent,Daylight,Dry,Clear,None apparent,Intersection:  Four-way intersection,Paved,,Property Damage Only,0,0,0,0,0,0,6000,2,5,Southbound (SB),POINT (-93.815548458573 42.033109092172)
20251469151,20250004054,02/16/2025,02-February,1-Sunday,11:31,1100 Hours,District 1 (Central),DES MOINES,POLK,77,7TH ST AND GRAND AVE,Collision with:  Vehicle in traffic,On Roadway,Broadside (front to side),Ran Traffic Signal,None Indicated,None apparent,Daylight,Dry,Clear,None apparent,Intersection:  Four-way intersection,Paved,,Possible/Unknown,0,1,0,0,1,0,7000,2,2,Westbound (WB),POINT (-93.626534709497 41.587500011239)
20251469198,20250004097,02/16/2025,02-February,1-Sunday,19:25,1900 Hours,District 1 (Central),DES MOINES,POLK,77,EAST WALNUT ST AND US 69 N,Collision with:  Vehicle in traffic,On Roadway,Rear-end (front to rear),Improper or erratic lane changing,None Indicated,None apparent,Dark - roadway lighted,Dry,Clear,None apparent,Intersection:  Four-way intersection,Paved,,Minor Injury,0,1,0,1,0,0,3000,2,3,Northbound (NB),POINT (-93.594541119025 41.591822252546)
20251469218,25-001591,02/16/2025,02-February,1-Sunday,13:39,1300 Hours,District 4 (Southwest),COUNCIL BLUFFS,POTTAWATTAMIE,77,KEELINE AVE AND EAST PIERCE ST,Collision with:  Vehicle in traffic,On Roadway,Rear-end (front to rear),Followed too close,None Indicated,None apparent,Daylight,Dry,Clear,None apparent,Intersection:  Four-way intersection,Paved,,Property Damage Only,0,0,0,0,0,0,16000,2,4,Southbound (SB),POINT (-95.833949313615 41.269988551695)
20251469202,25001591,02/16/2025,02-February,1-Sunday,01:08,0100 Hours,District 1 (Central),,WRIGHT,I-35,I 35 N,Non-collision events:  Other non-collision (explain in narrative),On Roadway,"Sideswipe, same direction",Ran off road - right,None Indicated,Weather conditions,Dark - roadway not lighted,Ice/frost,Blowing snow,"Surface condition (e.g., wet, icy)",Non-intersection:  Non-junction/no special feature,Paved,,Property Damage Only,0,0,0,0,0,0,25000,2,2,Northbound (NB),POINT (-93.562367949938 42.560624439278)
20251469147,25-00730,02/16/2025,02-February,1-Sunday,08:22,0800 Hours,District 1 (Central),WEST DES MOINES,DALLAS,77,SOUTH JORDAN CREEK PARKWAY AND COACHLIGHT DR,Collision with:  Vehicle in traffic,On Roadway,Broadside (front to side),Made improper turn,None Indicated,None apparent,Daylight,Dry,Clear,None apparent,Intersection:  Four-way intersection,Paved,,Property Damage Only,0,0,0,0,0,0,8000,2,4,Southbound (SB),POINT (-93.809431727395 41.564127990403)
20251469360,0,02/16/2025,02-February,1-Sunday,14:50,1400 Hours,District 6 (East Central),DAVENPORT,SCOTT,77,VETRANS MEMORIAL PARKWAY,Collision with:  Vehicle in traffic,On Roadway,Rear-end (front to rear),Unknown,None Indicated,,Daylight,Ice/frost,Snow,,Intersection:  Four-way intersection,Paved,,Property Damage Only,0,0,0,0,0,0,2000,2,3,Westbound (WB),POINT (-90.508546259976 41.591674416154)
20251469446,2.50047e+007,02/16/2025,02-February,1-Sunday,09:12,0900 Hours,District 1 (Central),,JASPER,US 6,US 6 E,Collision with fixed object:  Ditch,On Roadway,Non-collision (single vehicle),Ran off road - left,None Indicated,None apparent,Daylight,Snow,Blowing snow,"Surface condition (e.g., wet, icy)",Non-intersection:  Non-junction/no special feature,Paved,,Property Damage Only,0,0,0,0,0,0,5000,1,1,Southbound (SB),POINT (-92.912294375362 41.705204707033)
20251469380,2.025e+009,02/16/2025,02-February,1-Sunday,17:15,1700 Hours,District 6 (East Central),IOWA CITY,JOHNSON,77,COLLEGE ST,Collision with:  Vehicle in traffic,On Roadway,Other (explain in narrative),FTYROW:  From driveway,None Indicated,None apparent,Daylight,Dry,Clear,None apparent,Non-intersection:  Driveway access (within),Paved,,Property Damage Only,0,0,0,0,0,0,13500,2,3,Southbound (SB),POINT (-91.520986474146 41.658882136377)
20251469172,25-001595,02/16/2025,02-February,1-Sunday,16:00,1600 Hours,District 4 (Southwest),COUNCIL BLUFFS,POTTAWATTAMIE,77,AVE G,Collision with:  Vehicle in traffic,On Roadway,Broadside (front to side),FTYROW:  From stop sign,None Indicated,None apparent,Daylight,Dry,Clear,None apparent,Intersection:  Four-way intersection,Paved,,Property Damage Only,0,0,0,0,0,0,7000,2,4,Southbound (SB),POINT (-95.901979863755 41.268103344337)
20251469188,25026543,02/16/2025,02-February,1-Sunday,19:15,1900 Hours,District 6 (East Central),,JOHNSON,US 218,US 218 N,Collision with:  Vehicle in traffic,On Roadway,Rear-end (front to rear),"Driver Distraction:  Adjusting devices (radio, climate)",None Indicated,None apparent,Dark - roadway not lighted,Dry,Clear,None apparent,Non-intersection:  Non-junction/no special feature,Paved,,Property Damage Only,0,0,0,0,0,0,6000,2,2,Northbound (NB),POINT (-91.54685912663 41.595704501791)
20251469755,25-001758,02/16/2025,02-February,1-Sunday,02:00,0200 Hours,District 2 (Northeast),,CHICKASAW,77,VANDERBILT AND 175TH,Collision with fixed object:  Ditch,On Roadway,Non-collision (single vehicle),Ran off road - straight,None Indicated,None apparent,Dark - roadway not lighted,Snow,Clear,None apparent,Non-intersection:  Non-junction/no special feature,Unpaved,,Minor Injury,0,1,0,1,0,0,1500,1,1,Northbound (NB),POINT (-92.120980785331 43.104550541386)
20251469249,2025-10704,02/16/2025,02-February,1-Sunday,09:54,0900 Hours,District 6 (East Central),DAVENPORT,SCOTT,77,EAST 39TH ST AND ELMORE AVE,Collision with:  Vehicle in traffic,On Roadway,Broadside (front to side),FTYROW:  Making left turn,None Indicated,None apparent,Daylight,Dry,Clear,None apparent,Intersection:  T-intersection,Paved,,Property Damage Only,0,0,0,0,0,0,9000,2,2,Northbound (NB),POINT (-90.527140228429 41.560283780349)
20251469197,20250004095,02/16/2025,02-February,1-Sunday,18:08,1800 Hours,District 1 (Central),DES MOINES,POLK,77,2617 ARNOLD RD,Collision with fixed object:  Utility pole/light support,On Roadway,Non-collision (single vehicle),Lost Control,None Indicated,None apparent,Dark - roadway lighted,Snow,Clear,"Surface condition (e.g., wet, icy)",Non-intersection:  Non-junction/no special feature,Paved,,Property Damage Only,0,0,0,0,0,0,2500,1,1,Northbound (NB),POINT (-93.652701377879 41.62086129795)
20251469183,W25-013263,02/16/2025,02-February,1-Sunday,15:34,1500 Hours,District 2 (Northeast),WATERLOO,BLACK HAWK,77,IOWA ST AND DANE ST,Collision with:  Vehicle in traffic,On Roadway,Broadside (front to side),Made improper turn,None Indicated,None apparent,Daylight,Dry,Clear,None apparent,Intersection:  T-intersection,Paved,,Property Damage Only,0,0,0,0,0,0,4000,2,2,Northbound (NB),POINT (-92.334378059526 42.507675573472)
20251469240,25SC04289,02/16/2025,02-February,1-Sunday,19:30,1900 Hours,District 3 (Northwest),SIOUX CITY,WOODBURY,IA-376,IA 376 S,Collision with:  Non-motorist (see non-motorist section - NOT a unit),On Roadway,Non-collision (single vehicle),Other (explain in narrative):  No improper action,None Indicated,None apparent,Dark - roadway lighted,Snow,Clear,None apparent,Intersection:  Four-way intersection,Paved,,Minor Injury,0,1,0,1,0,0,1000,1,1,Eastbound (EB),POINT (-96.380431654367 42.48765156836)
20251469187,25005777,02/16/2025,02-February,1-Sunday,08:30,0800 Hours,District 5 (Southeast),,MUSCATINE,77,NORTH ISETT AVE,Collision with fixed object:  Utility pole/light support,Shoulder,Non-collision (single vehicle),Driver Distraction:  Other electronic device activity,None Indicated,None apparent,Daylight,Dry,Clear,None apparent,Non-intersection:  Non-junction/no special feature,Paved,,Property Damage Only,0,0,0,0,0,0,5500,1,1,Northbound (NB),POINT (-91.048762298259 41.461125278075)
20251469654,2501730,02/16/2025,02-February,1-Sunday,01:00,0100 Hours,District 3 (Northwest),MANILLA,CRAWFORD,77,3RD AVE AND 6TH ST IN MANILLA,Collision with:  Parked motor vehicle,On Roadway,"Sideswipe, opposite direction",Lost Control,None Indicated,None apparent,Dark - roadway not lighted,Snow,Cloudy,"Surface condition (e.g., wet, icy)",Intersection:  Four-way intersection,Paved,,Property Damage Only,0,0,0,0,0,0,8000,2,1,Northbound (NB),POINT (-95.230795220639 41.890743404685)
20251469142,25001950,02/16/2025,02-February,1-Sunday,05:09,0500 Hours,District 2 (Northeast),,HANCOCK,77,120TH ST,Collision with fixed object:  Snow bank,On Roadway,Non-collision (single vehicle),Lost Control,None Indicated,Weather conditions,Dark - roadway not lighted,Snow,Snow,Obstruction in roadway,Non-intersection:  Non-junction/no special feature,Paved,,Possible/Unknown,0,1,0,0,1,0,5000,1,1,Southbound (SB),POINT (-93.945410528521 42.936834945289)
20251469199,20250004105,02/16/2025,02-February,1-Sunday,19:47,1900 Hours,District 1 (Central),DES MOINES,POLK,I-235,63RD ST BRIDGE SOUTH INTERSECTION,Collision with:  Vehicle in traffic,On Roadway,"Angle, oncoming left turn",Unknown,None Indicated,None apparent,Dark - roadway lighted,Dry,Clear,None apparent,Intersection:  Four-way intersection,Paved,,Minor Injury,0,2,0,2,0,0,6000,2,3,Southbound (SB),POINT (-93.703446106046 41.592630632177)