Iowa DOT Case Number,Law Enforcement Case Number,Date of Crash,Month of Crash,Day of Week,Time of Crash,Hour,DOT District,City Name,County Name,Route with System,Location Description,First Harmful Event,Location of First Harmful Event,Manner of Crash/Collision,Major Cause,Drug or Alcohol ,Environmental Conditions,Light Conditions,Surface Conditions,Weather Conditions,Roadway Contribution,Roadway Type,Roadway Surface,Work Zone,Crash Severity,Number of Fatalities,Number of Injuries,Number of Major Injuries,Number of Minor Injuries,Number of Possible Injuries,Number of Unknown Injuries,Amount of Property Damage,Number of Vehicles Involved,Total Number of Occupants,Travel Direction,Location
20251469567,0,02/17/2025,02-February,2-Monday,09:03,0900 Hours,District 2 (Northeast),WAVERLY,BREMER,77,10TH AVE SW,Collision with:  Vehicle in traffic,On Roadway,Broadside (front to side),Ran Stop Sign,None Indicated,Weather conditions,Daylight,Snow,Clear,"Surface condition (e.g., wet, icy)",Intersection:  Four-way intersection,Paved,,Property Damage Only,0,0,0,0,0,0,6500,2,3,Westbound (WB),POINT (-92.490303121492 42.715137311252)
20251469844,2025004265,02/17/2025,02-February,2-Monday,07:47,0700 Hours,District 4 (Southwest),,POTTAWATTAMIE,I-29,I 29 SB 72.5MM,Collision with:  Vehicle in traffic,On Roadway,"Sideswipe, same direction",Driving too fast for conditions,None Indicated,Weather conditions,Daylight,Snow,Snow,"Surface condition (e.g., wet, icy)",Non-intersection:  Non-junction/no special feature,Paved,,Property Damage Only,0,0,0,0,0,0,12000,2,2,Eastbound (EB),POINT (-95.903420824353 41.506261879369)
20251469286,25-001607,02/17/2025,02-February,2-Monday,08:39,0800 Hours,District 4 (Southwest),COUNCIL BLUFFS,POTTAWATTAMIE,US 275,3900 BLOCK OF VETS,Collision with:  Vehicle in traffic,On Roadway,Broadside (front to side),FTYROW:  At uncontrolled intersection,None Indicated,Weather conditions,Daylight,Snow,Blowing snow,"Surface condition (e.g., wet, icy)","Non-intersection:  Driveway access (related, not in)",Paved,,Possible/Unknown,0,1,0,0,1,0,3000,2,2,Eastbound (EB),POINT (-95.914776901272 41.207743658774)
20251469399,0,02/17/2025,02-February,2-Monday,17:14,1700 Hours,District 3 (Northwest),SIOUX CITY,WOODBURY,77,FLOYD BLVD,Collision with:  Vehicle in traffic,On Roadway,Rear-end (front to rear),Driver Distraction:  Other interior distraction,None Indicated,None apparent,Daylight,Dry,Clear,None apparent,Non-intersection:  Non-junction/no special feature,Paved,,Property Damage Only,0,0,0,0,0,0,9000,2,2,Northbound (NB),POINT (-96.393529901489 42.502175483994)
20251469747,2025004277,02/17/2025,02-February,2-Monday,09:22,0900 Hours,District 4 (Southwest),,POTTAWATTAMIE,I-880,I 880 E,Collision with:  Vehicle in traffic,On Roadway,Rear-end (front to rear),Passing:  With insufficient distance/inadequate visibility,None Indicated,Weather conditions,Daylight,Snow,Blowing snow,"Surface condition (e.g., wet, icy)",Non-intersection:  Non-junction/no special feature,Paved,,Property Damage Only,0,0,0,0,0,0,16000,2,2,Southbound (SB),POINT (-95.689220958453 41.498270758093)
20251469316,25SC04330,02/17/2025,02-February,2-Monday,12:46,1200 Hours,District 3 (Northwest),SIOUX CITY,WOODBURY,77,2800 BLK REBECCA ST,Collision with:  Vehicle in traffic,On Roadway,Broadside (front to side),FTYROW:  From driveway,None Indicated,None apparent,Daylight,Slush,Clear,None apparent,"Non-intersection:  Driveway access (related, not in)",Paved,,Property Damage Only,0,0,0,0,0,0,6500,2,4,Northbound (NB),POINT (-96.42569014921 42.520162947995)
20251468902,,02/17/2025,02-February,2-Monday,06:05,0600 Hours,District 6 (East Central),DAVENPORT,SCOTT,IA-461,IA 461 N,Collision with:  Other non-fixed object (explain in narrative),Unknown,Non-collision (single vehicle),Unknown,None Indicated,,,,,,,Paved,,Property Damage Only,0,0,0,0,0,0,2000,1,1,Northbound (NB),POINT (-90.571034304526 41.587950799518)
20251469331,25-000927,02/17/2025,02-February,2-Monday,13:26,1300 Hours,District 3 (Northwest),,OBRIEN,77,NW BLVD,Collision with:  Vehicle in traffic,On Roadway,Broadside (front to side),FTYROW:  From stop sign,None Indicated,None apparent,Daylight,Dry,Clear,None apparent,Intersection:  Four-way intersection,Paved,,Possible/Unknown,0,2,0,0,2,0,10000,2,2,Northbound (NB),POINT (-95.822176377082 43.244119115913)
20251469590,25-001795,02/17/2025,02-February,2-Monday,16:20,1600 Hours,District 2 (Northeast),NEW HAMPTON,CHICKASAW,77,NORTH LOCUST AVE,Collision with:  Parked motor vehicle,In parking lane/zone,"Sideswipe, same direction",Other (explain in narrative):  No improper action,None Indicated,None apparent,Daylight,Snow,Clear,None apparent,Non-intersection:  Non-junction/no special feature,Paved,,Property Damage Only,0,0,0,0,0,0,2550,2,3,Northbound (NB),POINT (-92.314111670559 43.061422948276)
20251469554,0,02/17/2025,02-February,2-Monday,20:30,2000 Hours,District 4 (Southwest),,HARRISON,77,NILES TRAIL,Collision with fixed object:  Tree,On Roadway,Non-collision (single vehicle),Other (explain in narrative):  Other,None Indicated,None apparent,Dark - roadway not lighted,Snow,Snow,"Surface condition (e.g., wet, icy)",Non-intersection:  Non-junction/no special feature,Unpaved,,Minor Injury,0,1,0,1,0,0,4000,1,1,Northbound (NB),POINT (-95.785903880943 41.623745945063)
20251469407,0,02/17/2025,02-February,2-Monday,06:31,0600 Hours,District 6 (East Central),,DUBUQUE,77,"SUNDOWN RD AND RAMP US 20 E TO Y 21, N AND RAMP Y 21, N TO N TO STATE OF IOWA, US 20 E",Collision with:  Vehicle in traffic,On Roadway,Rear-end (front to rear),Followed too close,None Indicated,None apparent,Dawn,Dry,Clear,None apparent,Intersection:  Intersection with ramp,Paved,,Property Damage Only,0,0,0,0,0,0,18000,2,2,Northbound (NB),POINT (-90.850398919639 42.439627312193)
20251469395,2.02501e+008,02/17/2025,02-February,2-Monday,23:47,2300 Hours,District 6 (East Central),,LINN,US 151,US 151 N,Collision with:  Vehicle in traffic,On Roadway,Rear-end (front to rear),Followed too close,None Indicated,None apparent,Dark - roadway not lighted,Dry,Clear,None apparent,Non-intersection:  Non-junction/no special feature,Paved,,Property Damage Only,0,0,0,0,0,0,7500,2,3,Northbound (NB),POINT (-91.830682778489 41.880361401543)
20251469837,2025004295,02/17/2025,02-February,2-Monday,11:24,1100 Hours,District 4 (Southwest),,HARRISON,I-29,I 29 SB 84MM,Collision with fixed object:  Cable barrier,On Roadway,Non-collision (single vehicle),Ran off road - right,None Indicated,Weather conditions,Daylight,Snow,Snow,"Surface condition (e.g., wet, icy)",Non-intersection:  Non-junction/no special feature,Paved,,Property Damage Only,0,0,0,0,0,0,5500,1,2,Eastbound (EB),POINT (-96.014079762983 41.640427431678)
20251469410,0,02/17/2025,02-February,2-Monday,14:45,1400 Hours,District 4 (Southwest),RED OAK,MONTGOMERY,77,WEST WASHINGTON ST,Collision with fixed object:  Other fixed object (explain in narrative),On Roadway,Non-collision (single vehicle),Ran off road - straight,None Indicated,Weather conditions,Daylight,Snow,Snow,"Surface condition (e.g., wet, icy)",Intersection:  L-intersection,Paved,,Property Damage Only,0,0,0,0,0,0,2500,1,1,Southbound (SB),POINT (-95.219935201505 41.007983526025)
20251469699,25013423,02/17/2025,02-February,2-Monday,09:57,0900 Hours,District 2 (Northeast),CEDAR FALLS,BLACK HAWK,77,"HUDSON RD AND WEST 31ST ST, E",Collision with:  Vehicle in traffic,On Roadway,Broadside (front to side),Made improper turn,None Indicated,None apparent,Daylight,Slush,Clear,None apparent,Intersection:  Four-way intersection,Paved,,Property Damage Only,0,0,0,0,0,0,3500,2,2,Northbound (NB),POINT (-92.465659839525 42.509605680849)
20251469336,2025-001127,02/17/2025,02-February,2-Monday,14:51,1400 Hours,District 6 (East Central),DUBUQUE,DUBUQUE,77,HILLCREST RD AND JOHN F KENNEDY RD,Collision with:  Vehicle in traffic,On Roadway,Broadside (front to side),Ran Traffic Signal,None Indicated,None apparent,Daylight,Ice/frost,Clear,None apparent,Intersection:  Four-way intersection,Paved,,Possible/Unknown,0,2,0,0,2,0,22000,2,2,Northbound (NB),POINT (-90.720422456426 42.506851913358)
20251469332,25-00261BP,02/17/2025,02-February,2-Monday,07:42,0700 Hours,District 6 (East Central),BELLE PLAINE,BENTON,77,13TH AVE,Collision with:  Vehicle in traffic,On Roadway,"Sideswipe, opposite direction",Driver Distraction:  Exterior distraction,None Indicated,None apparent,Daylight,Ice/frost,Cloudy,None apparent,Intersection:  Four-way intersection,Paved,,Property Damage Only,0,0,0,0,0,0,1500,2,2,Northbound (NB),POINT (-92.26869005783 41.897109016544)
20251469536,0,02/17/2025,02-February,2-Monday,12:09,1200 Hours,District 6 (East Central),DAVENPORT,SCOTT,77,ELMORE AVE,Collision with:  Struck/struck by object/cargo/person from other vehicle,On Roadway,Non-collision (single vehicle),Other (explain in narrative):  No improper action,None Indicated,None apparent,Daylight,Dry,Clear,None apparent,Intersection:  Four-way intersection,Paved,,Property Damage Only,0,0,0,0,0,0,40000,1,1,Northbound (NB),POINT (-90.52757011631 41.571019574015)
20251469490,0,02/17/2025,02-February,2-Monday,14:35,1400 Hours,District 4 (Southwest),WAUKEE,DALLAS,US 6,NE DARTMOOR DR AND E HICKMAN RD,Collision with:  Vehicle in traffic,On Roadway,Broadside (front to side),Made improper turn,None Indicated,None apparent,Daylight,Dry,Clear,None apparent,Intersection:  Four-way intersection,Paved,,Minor Injury,0,2,0,1,1,0,12500,3,5,Westbound (WB),POINT (-93.866035488831 41.615029534409)
20251469462,0,02/17/2025,02-February,2-Monday,17:40,1700 Hours,District 3 (Northwest),HAWARDEN,SIOUX,77,AVE N,Collision with fixed object:  Curb/island/raised median,On Roadway,Non-collision (single vehicle),Ran off road - right,None Indicated,Weather conditions,Dusk,Ice/frost,Clear,"Surface condition (e.g., wet, icy)",Non-intersection:  Non-junction/no special feature,Paved,,Property Damage Only,0,0,0,0,0,0,5000,1,2,Northbound (NB),POINT (-96.476925564134 43.004095146542)
20251469527,0,02/17/2025,02-February,2-Monday,11:41,1100 Hours,District 5 (Southeast),KALONA,WASHINGTON,77,WEST H AVE AND IA 1 N,Collision with:  Vehicle in traffic,On Roadway,Rear-end (front to rear),Followed too close,None Indicated,None apparent,Daylight,Dry,Cloudy,None apparent,Intersection:  T-intersection,Paved,,Major Injury,0,3,1,0,2,0,70000,3,3,Southbound (SB),POINT (-91.714228100089 41.491036297502)
20251469384,0,02/17/2025,02-February,2-Monday,18:35,1800 Hours,District 1 (Central),PLEASANT HILL,POLK,US 65,78MM US 65 S,Collision with:  Other non-fixed object (explain in narrative),On Roadway,Non-collision (single vehicle),Other (explain in narrative):  No improper action,None Indicated,None apparent,Dark - roadway not lighted,Dry,Clear,None apparent,Non-intersection:  Non-junction/no special feature,Paved,,Possible/Unknown,0,1,0,0,1,0,5000,1,1,Eastbound (EB),POINT (-93.497584266069 41.599803822882)
20251469890,2025004292,02/17/2025,02-February,2-Monday,10:39,1000 Hours,District 4 (Southwest),,FREMONT,I-29,HIGHWAY2 AT THE I-29 SB OFF RAMP,Collision with:  Vehicle in traffic,On Roadway,Broadside (front to side),FTYROW:  From stop sign,None Indicated,Weather conditions,Daylight,Ice/frost,Snow,"Surface condition (e.g., wet, icy)",Intersection:  Intersection with ramp,Paved,,Possible/Unknown,0,1,0,0,1,0,9500,2,2,Eastbound (EB),POINT (-95.784298929297 40.689300898066)
20251469367,2.025e+010,02/17/2025,02-February,2-Monday,16:32,1600 Hours,District 1 (Central),DES MOINES,POLK,77,2ND AVE AND WATSON POWELL JR WAY,Collision with:  Vehicle in traffic,On Roadway,Broadside (front to side),Made improper turn,None Indicated,None apparent,Daylight,Dry,Clear,None apparent,Non-intersection:  Non-junction/no special feature,Paved,,Possible/Unknown,0,1,0,0,1,0,3000,2,4,Northbound (NB),POINT (-93.620292876238 41.589677582389)
20251469334,2509678,02/17/2025,02-February,2-Monday,11:00,1100 Hours,District 6 (East Central),,CLINTON,77,380TH AVE MEASURING 952 FEET NORTH FROM 200TH ST,Collision with:  Vehicle in traffic,On Roadway,"Angle, oncoming left turn",FTYROW:  From driveway,None Indicated,None apparent,Daylight,Dry,Clear,None apparent,"Non-intersection:  Driveway access (related, not in)",Paved,,Property Damage Only,0,0,0,0,0,0,22500,2,2,Northbound (NB),POINT (-90.354724967065 41.890836635887)
20251469862,2025-10860,02/17/2025,02-February,2-Monday,12:53,1200 Hours,District 6 (East Central),DAVENPORT,SCOTT,IA-461,WEST 15TH ST AND IA 461 N,Collision with:  Vehicle in traffic,On Roadway,Broadside (front to side),Made improper turn,None Indicated,None apparent,Daylight,Dry,Clear,None apparent,Intersection:  T-intersection,Paved,,Possible/Unknown,0,1,0,0,1,0,17600,2,3,Northbound (NB),POINT (-90.574039291323 41.534921687758)
20251469591,25-002005,02/17/2025,02-February,2-Monday,20:20,2000 Hours,District 1 (Central),ELDORA,HARDIN,77,24TH ST,Collision with:  Vehicle in traffic,On Roadway,Rear-end (front to rear),Driving too fast for conditions,None Indicated,None apparent,Dark - roadway lighted,Snow,Clear,"Surface condition (e.g., wet, icy)",Non-intersection:  Non-junction/no special feature,Paved,,Property Damage Only,0,0,0,0,0,0,2000,2,2,Northbound (NB),POINT (-93.114135665147 42.359863300849)
20251469575,0,02/17/2025,02-February,2-Monday,22:00,2200 Hours,District 1 (Central),ALTOONA,POLK,77,527 VILLAGE COURT,Collision with:  Parked motor vehicle,On Roadway,Rear to side,Improper Backing,None Indicated,None apparent,Dark - roadway not lighted,Dry,Clear,None apparent,"Non-intersection:  Driveway access (related, not in)",Paved,,Property Damage Only,0,0,0,0,0,0,2000,2,2,Northbound (NB),POINT (-93.480576740374 41.655865025273)
20251469394,2.02501e+008,02/17/2025,02-February,2-Monday,19:37,1900 Hours,District 6 (East Central),CEDAR RAPIDS,LINN,I-380,APPROXIMATELY 1/2 MILE SOUTH OF I380 AND 42ND ST NE,Collision with fixed object:  Guardrail - face,Median,Non-collision (single vehicle),Ran off road - left,None Indicated,None apparent,Dark - roadway lighted,Dry,Clear,None apparent,Non-intersection:  Non-junction/no special feature,Paved,,Minor Injury,0,1,0,1,0,0,9000,1,1,Northbound (NB),POINT (-91.668422318337 42.021509291056)
20251469285,25-000277,02/17/2025,02-February,2-Monday,07:35,0700 Hours,District 1 (Central),ALTOONA,POLK,77,1ST AVE N / ADVENTURELAND DR,Collision with:  Vehicle in traffic,On Roadway,Rear-end (front to rear),Followed too close,None Indicated,None apparent,Daylight,Dry,Clear,None apparent,Intersection:  Four-way intersection,Paved,,Possible/Unknown,0,1,0,0,1,0,4000,2,2,Westbound (WB),POINT (-93.464559630636 41.663172640969)
20251469292,20250004129,02/17/2025,02-February,2-Monday,09:19,0900 Hours,District 1 (Central),DES MOINES,POLK,77,LOCUST ST MEASURING 94 FEET WEST FROM 5TH AVE,Collision with:  Vehicle in traffic,On Roadway,"Sideswipe, same direction",Improper or erratic lane changing,None Indicated,None apparent,Daylight,Dry,Cloudy,None apparent,Non-intersection:  Non-junction/no special feature,Paved,,Property Damage Only,0,0,0,0,0,0,6500,2,3,Northbound (NB),POINT (-93.624058504315 41.587009072499)
20251469369,2.50176e+006,02/17/2025,02-February,2-Monday,18:50,1800 Hours,District 3 (Northwest),,CRAWFORD,77,DONNA REED RD,Collision with:  Animal,Unknown,Non-collision (single vehicle),Animal,None Indicated,Animal in roadway,,,,,,Paved,,Property Damage Only,0,0,0,0,0,0,2500,1,1,Northbound (NB),POINT (-95.317162550668 41.979857565895)
20251469518,0,02/17/2025,02-February,2-Monday,10:24,1000 Hours,District 4 (Southwest),CRESTON,UNION,77,HOWARD ST AND CHERRY ST,Collision with:  Vehicle in traffic,On Roadway,Head-on (front to front),Driving too fast for conditions,None Indicated,Weather conditions,Daylight,Snow,Snow,"Surface condition (e.g., wet, icy)",Intersection:  Four-way intersection,Paved,,Property Damage Only,0,0,0,0,0,0,1750,2,3,Northbound (NB),POINT (-94.356737078559 41.06093376179)
20251469371,0,02/17/2025,02-February,2-Monday,12:06,1200 Hours,District 3 (Northwest),SPENCER,CLAY,77,24TH AVE WEST,Collision with fixed object:  Fire hydrant,On Roadway,Non-collision (single vehicle),Lost Control,None Indicated,None apparent,Daylight,Snow,Clear,"Surface condition (e.g., wet, icy)",Intersection:  T-intersection,Paved,,Property Damage Only,0,0,0,0,0,0,2500,1,1,Northbound (NB),POINT (-95.178323509186 43.155838858586)
20251469408,0,02/17/2025,02-February,2-Monday,09:45,0900 Hours,District 1 (Central),ANKENY,POLK,I-35,I 35 S  MM90,Collision with:  Vehicle in traffic,On Roadway,"Sideswipe, same direction",Improper or erratic lane changing,None Indicated,None apparent,Daylight,Dry,Cloudy,None apparent,Non-intersection:  Non-junction/no special feature,Paved,,Property Damage Only,0,0,0,0,0,0,3500,2,3,Eastbound (EB),POINT (-93.57610477526 41.693490034931)
20251469712,25-02174A,02/17/2025,02-February,2-Monday,10:58,1000 Hours,District 4 (Southwest),,PAGE,77,REDWOOD AVE IN THE 1900BLK,Collision with:  Vehicle in traffic,On Roadway,Head-on (front to front),Ran off road - right,None Indicated,Weather conditions,Daylight,Snow,Snow,"Surface condition (e.g., wet, icy)",Non-intersection:  Non-junction/no special feature,Paved,,Minor Injury,0,1,0,1,0,0,14000,2,2,Northbound (NB),POINT (-95.033063264239 40.776640839099)
20251469563,0,02/17/2025,02-February,2-Monday,10:40,1000 Hours,District 4 (Southwest),SHENANDOAH,PAGE,77,VISTA ST,Collision with:  Parked motor vehicle,Outside trafficway,Broadside (front to side),Driving too fast for conditions,None Indicated,Weather conditions,Daylight,Snow,Snow,"Surface condition (e.g., wet, icy)",Intersection:  Four-way intersection,Paved,,Property Damage Only,0,0,0,0,0,0,3000,2,2,Northbound (NB),POINT (-95.363079229441 40.757047968987)
20251469388,0,02/17/2025,02-February,2-Monday,18:33,1800 Hours,District 6 (East Central),,JACKSON,IA-62,IA 62 N,Collision with:  Animal,Unknown,Non-collision (single vehicle),Animal,None Indicated,Animal in roadway,,,,,,Paved,,Property Damage Only,0,0,0,0,0,0,4500,1,1,Northbound (NB),POINT (-90.498723230853 42.215460401905)
20251469287,25-001608,02/17/2025,02-February,2-Monday,09:16,0900 Hours,District 4 (Southwest),,POTTAWATTAMIE,I-29,57 MM I 29 S,Collision with:  Vehicle in traffic,On Roadway,Rear-end (front to rear),Driving too fast for conditions,None Indicated,Visual obstruction,Daylight,Snow,Snow,"Surface condition (e.g., wet, icy)",Non-intersection:  Non-junction/no special feature,Paved,,Property Damage Only,0,0,0,0,0,0,4000,2,3,Eastbound (EB),POINT (-95.86742210956 41.290170822148)
20251469326,P25-02833,02/17/2025,02-February,2-Monday,06:44,0600 Hours,District 5 (Southeast),BURLINGTON,DES MOINES,77,BARRET ST AND SUMMER ST,Collision with:  Vehicle in traffic,On Roadway,Broadside (front to side),Ran Stop Sign,None Indicated,None apparent,Daylight,Dry,Cloudy,None apparent,Intersection:  Four-way intersection,Paved,,Property Damage Only,0,0,0,0,0,0,5000,2,4,Southbound (SB),POINT (-91.115735101915 40.791138760809)
20251469379,2.025e+010,02/17/2025,02-February,2-Monday,17:04,1700 Hours,District 1 (Central),DES MOINES,POLK,I-235,"RAMP EASTON BLVD, E TO E TO STATE OF IOWA, I 235 E MEASURING 505 FEET NORTH FROM EASTON BLVD",Collision with:  Vehicle in traffic,On Roadway,Rear-end (front to rear),FTYROW:  From parked position,None Indicated,None apparent,Daylight,Dry,Cloudy,None apparent,Intersection:  T-intersection,Paved,,Property Damage Only,0,0,0,0,0,0,1500,2,2,Southbound (SB),POINT (-93.578565817779 41.604630991853)
20251469765,2025-10898,02/17/2025,02-February,2-Monday,16:56,1600 Hours,District 6 (East Central),DAVENPORT,SCOTT,77,WEST 8TH ST AND MARQUETTE ST,Collision with:  Vehicle in traffic,On Roadway,Broadside (front to side),Ran Stop Sign,None Indicated,None apparent,Daylight,Dry,Cloudy,None apparent,Intersection:  Four-way intersection,Paved,,Property Damage Only,0,0,0,0,0,0,3500,2,3,Southbound (SB),POINT (-90.590880360094 41.527818607463)
20251469638,25000542,02/17/2025,02-February,2-Monday,13:34,1300 Hours,District 1 (Central),AMES,STORY,US 30,US 30 E,Collision with:  Vehicle in traffic,On Roadway,Rear-end (front to rear),Followed too close,None Indicated,None apparent,Daylight,Dry,Cloudy,None apparent,Non-intersection:  Non-junction/no special feature,Paved,,Property Damage Only,0,0,0,0,0,0,7000,2,2,Southbound (SB),POINT (-93.625349380683 42.003770666029)
20251469847,25-001562,02/17/2025,02-February,2-Monday,10:50,1000 Hours,District 4 (Southwest),WOODBINE,HARRISON,US 30,US 30 E,Collision with fixed object:  Traffic sign support,On Roadway,Non-collision (single vehicle),Driving too fast for conditions,None Indicated,Weather conditions,Daylight,Snow,Snow,"Surface condition (e.g., wet, icy)",Intersection:  T-intersection,Paved,,Property Damage Only,0,0,0,0,0,0,4500,1,3,Southbound (SB),POINT (-95.702148321754 41.732764971005)
20251469519,0,02/17/2025,02-February,2-Monday,13:38,1300 Hours,District 4 (Southwest),,UNION,77,CHERRY ST RD,Collision with:  Vehicle in traffic,On Roadway,"Sideswipe, opposite direction",Over correcting/over steering,None Indicated,Weather conditions,Daylight,Snow,Snow,"Surface condition (e.g., wet, icy)",Non-intersection:  Non-junction/no special feature,Paved,,Property Damage Only,0,0,0,0,0,0,25000,2,2,Northbound (NB),POINT (-94.357080599714 41.117552433767)
20251469475,0,02/17/2025,02-February,2-Monday,19:20,1900 Hours,District 2 (Northeast),GILBERTVILLE,BLACK HAWK,77,SOUTH RAYMOND RD,Collision with:  Vehicle in traffic,On Roadway,"Angle, oncoming left turn",FTYROW:  From stop sign,None Indicated,None apparent,Dark - roadway lighted,Dry,Clear,None apparent,Intersection:  Y-intersection,Paved,,Property Damage Only,0,0,0,0,0,0,6000,2,2,Northbound (NB),POINT (-92.21900507939 42.421229608017)
20251469366,2.025e+010,02/17/2025,02-February,2-Monday,16:22,1600 Hours,District 1 (Central),DES MOINES,POLK,77,YORK ST AND US 6 E,Collision with:  Vehicle in traffic,On Roadway,Broadside (front to side),FTYROW:  From driveway,None Indicated,None apparent,Daylight,Dry,Clear,None apparent,"Non-intersection:  Driveway access (related, not in)",Paved,,Possible/Unknown,0,1,0,0,1,0,10000,2,3,Northbound (NB),POINT (-93.60222909167 41.627639989772)
20251469291,20250004127,02/17/2025,02-February,2-Monday,08:03,0800 Hours,District 1 (Central),DES MOINES,POLK,77,12TH ST MEASURING 242 FEET NORTH FROM MADISON AVE,Collision with:  Vehicle in traffic,On Roadway,"Sideswipe, opposite direction",Traveling wrong way or on wrong side of road,None Indicated,None apparent,Daylight,Dry,Cloudy,None apparent,Non-intersection:  Non-junction/no special feature,Paved,,Property Damage Only,0,0,0,0,0,0,3000,2,2,Northbound (NB),POINT (-93.634462367931 41.633771631012)
20251469634,P25-02881,02/17/2025,02-February,2-Monday,21:09,2100 Hours,District 5 (Southeast),BURLINGTON,DES MOINES,77,ADAMS ST,Non-collision events:  Other non-collision (explain in narrative),Shoulder,Non-collision (single vehicle),Ran off road - straight,None Indicated,None apparent,Dark - unknown roadway lighting,Ice/frost,Clear,None apparent,Non-intersection:  Non-junction/no special feature,Paved,,Property Damage Only,0,0,0,0,0,0,10000,1,1,Northbound (NB),POINT (-91.121488955939 40.810275168544)
20251469766,2025-10928,02/17/2025,02-February,2-Monday,18:55,1800 Hours,District 6 (East Central),DAVENPORT,SCOTT,US 67,US 67 N MEASURING 150 FEET WEST FROM ONEIDA AVE,Collision with fixed object:  Embankment,On Roadway,Non-collision (single vehicle),Driver Distraction:  Talking on a hand-held device,None Indicated,None apparent,Dark - roadway lighted,Dry,Clear,None apparent,Non-intersection:  Non-junction/no special feature,Paved,,Minor Injury,0,1,0,1,0,0,10000,1,1,Northbound (NB),POINT (-90.558831436095 41.526556956443)
20251469624,2025-6835,02/17/2025,02-February,2-Monday,14:03,1400 Hours,District 5 (Southeast),,MUSCATINE,US 61,US 61 N,Collision with fixed object:  Embankment,On Roadway,Non-collision (single vehicle),Ran off road - left,None Indicated,None apparent,Daylight,Dry,Clear,None apparent,Non-intersection:  Non-junction/no special feature,Paved,,Property Damage Only,0,0,0,0,0,0,1501,1,4,Northbound (NB),POINT (-90.787510696291 41.512722787281)
20251469398,0,02/17/2025,02-February,2-Monday,16:14,1600 Hours,District 3 (Northwest),SIOUX CITY,WOODBURY,77,SERGEANT RD,Collision with:  Vehicle in traffic,On Roadway,Rear-end (front to rear),Followed too close,None Indicated,None apparent,Daylight,Slush,Cloudy,"Surface condition (e.g., wet, icy)",Intersection:  Other intersection (explain in narrative),Paved,,Property Damage Only,0,0,0,0,0,0,5000,2,3,Eastbound (EB),POINT (-96.348349281598 42.447758748448)
20251469324,25-1140,02/17/2025,02-February,2-Monday,11:54,1100 Hours,District 1 (Central),,POLK,77,NE 51ST AVE AND NE 16TH ST,Collision with:  Vehicle in traffic,On Roadway,Broadside (front to side),FTYROW:  From driveway,None Indicated,None apparent,Daylight,Dry,Cloudy,None apparent,"Non-intersection:  Driveway access (related, not in)",Paved,,Property Damage Only,0,0,0,0,0,0,23500,2,2,Southbound (SB),POINT (-93.596545820075 41.653141915527)
20251469666,2025004285,02/17/2025,02-February,2-Monday,10:54,1000 Hours,District 5 (Southeast),,WARREN,I-35,I 35 N 54.5MM,Collision with fixed object:  Bridge/bridge rail parapet,Shoulder,Non-collision (single vehicle),Ran off road - left,None Indicated,Weather conditions,Daylight,Snow,Snow,"Surface condition (e.g., wet, icy)",Non-intersection:  Non-junction/no special feature,Paved,,Property Damage Only,0,0,0,0,0,0,2000,1,2,Northbound (NB),POINT (-93.779810424993 41.330319617191)
20251469353,FD25-0454,02/17/2025,02-February,2-Monday,15:20,1500 Hours,District 1 (Central),FORT DODGE,WEBSTER,77,2ND AVE SOUTH AND SOUTH 18TH ST,Collision with:  Vehicle in traffic,On Roadway,"Angle, oncoming left turn",FTYROW:  Making left turn,None Indicated,None apparent,Daylight,Snow,Clear,"Surface condition (e.g., wet, icy)",Intersection:  Four-way intersection,Paved,,Property Damage Only,0,0,0,0,0,0,2000,2,4,Northbound (NB),POINT (-94.173570150156 42.504112808737)
20251469671,25002441,02/17/2025,02-February,2-Monday,11:55,1100 Hours,District 5 (Southeast),,HENRY,US 34,US 34 W,Collision with:  Vehicle in traffic,On Roadway,Broadside (front to side),Failed to keep in proper lane,None Indicated,None apparent,Daylight,Dry,Clear,None apparent,Non-intersection:  Non-junction/no special feature,Paved,,Property Damage Only,0,0,0,0,0,0,2000,2,2,Westbound (WB),POINT (-91.45829156106 40.93836230093)
20251469364,2.025e+010,02/17/2025,02-February,2-Monday,15:25,1500 Hours,District 1 (Central),DES MOINES,POLK,77,2ND AVE AND COLLEGE AVE,Collision with:  Vehicle in traffic,On Roadway,Rear-end (front to rear),Followed too close,None Indicated,None apparent,Daylight,Dry,Cloudy,None apparent,Intersection:  Four-way intersection,Paved,,Property Damage Only,0,0,0,0,0,0,3000,2,3,Northbound (NB),POINT (-93.619781359346 41.607694812279)
20251469224,25005859,02/17/2025,02-February,2-Monday,00:43,0000 Hours,District 5 (Southeast),,MUSCATINE,77,155TH / KELLY,Collision with:  Animal,Unknown,Non-collision (single vehicle),Animal,None Indicated,Animal in roadway,,,,,,Paved,,Property Damage Only,0,0,0,0,0,0,1500,1,1,Southbound (SB),POINT (-91.175081246538 41.523869769601)